1



                                 *********************************************

                                    NUMERICAL ELECTROMAGNETICS CODE (NEC-2D)

                                 *********************************************




                                     - - - - COMMENTS - - - -


                          30/17-M dipoles:  open sleeve coupling                                     
                          FR 0 1 0 0 18.118 1	                                                       
                          forw: 0, 0 ; back: 180, 0                                                  
                                                                                                     




                                 - - - STRUCTURE SPECIFICATION - - -

                                     COORDINATES MUST BE INPUT IN
                                     METERS OR BE SCALED TO METERS
                                     BEFORE STRUCTURE INPUT IS ENDED


  WIRE                                                                               NO. OF    FIRST  LAST     TAG
  NO.        X1         Y1         Z1          X2         Y2         Z2      RADIUS   SEG.     SEG.   SEG.     NO.
     1    0.00000   -0.04650    0.00500     0.00000    0.04650    0.00500    0.00025     21        1    21       1
     2   -0.04650    0.00000    0.00000     0.04650    0.00000    0.00000    0.00025     21       22    42       2

   TOTAL SEGMENTS USED=   42     NO. SEG. IN A SYMMETRIC CELL=   42     SYMMETRY FLAG=  0


         - MULTIPLE WIRE JUNCTIONS -
 JUNCTION    SEGMENTS  (- FOR END 1, + FOR END 2)
  NONE




                                 - - - - SEGMENTATION DATA - - - -

                                        COORDINATES IN METERS

                         I+ AND I- INDICATE THE SEGMENTS BEFORE AND AFTER I


  SEG.   COORDINATES OF SEG. CENTER     SEG.     ORIENTATION ANGLES    WIRE    CONNECTION DATA   TAG
  NO.       X         Y         Z       LENGTH     ALPHA     BETA      RADIUS    I-   I    I+    NO.
     1   0.00000  -0.04429   0.00500   0.00443    0.00000  90.00000   0.00025     0    1    2      1
     2   0.00000  -0.03986   0.00500   0.00443    0.00000  90.00000   0.00025     1    2    3      1
     3   0.00000  -0.03543   0.00500   0.00443    0.00000  90.00000   0.00025     2    3    4      1
     4   0.00000  -0.03100   0.00500   0.00443    0.00000  90.00000   0.00025     3    4    5      1
     5   0.00000  -0.02657   0.00500   0.00443    0.00000  90.00000   0.00025     4    5    6      1
     6   0.00000  -0.02214   0.00500   0.00443    0.00000  90.00000   0.00025     5    6    7      1
     7   0.00000  -0.01771   0.00500   0.00443    0.00000  90.00000   0.00025     6    7    8      1
     8   0.00000  -0.01329   0.00500   0.00443    0.00000  90.00000   0.00025     7    8    9      1
     9   0.00000  -0.00886   0.00500   0.00443    0.00000  90.00000   0.00025     8    9   10      1
    10   0.00000  -0.00443   0.00500   0.00443    0.00000  90.00000   0.00025     9   10   11      1
    11   0.00000   0.00000   0.00500   0.00443    0.00000  90.00000   0.00025    10   11   12      1
    12   0.00000   0.00443   0.00500   0.00443    0.00000  90.00000   0.00025    11   12   13      1
    13   0.00000   0.00886   0.00500   0.00443    0.00000  90.00000   0.00025    12   13   14      1
    14   0.00000   0.01329   0.00500   0.00443    0.00000  90.00000   0.00025    13   14   15      1
    15   0.00000   0.01771   0.00500   0.00443    0.00000  90.00000   0.00025    14   15   16      1
    16   0.00000   0.02214   0.00500   0.00443    0.00000  90.00000   0.00025    15   16   17      1
    17   0.00000   0.02657   0.00500   0.00443    0.00000  90.00000   0.00025    16   17   18      1
    18   0.00000   0.03100   0.00500   0.00443    0.00000  90.00000   0.00025    17   18   19      1
    19   0.00000   0.03543   0.00500   0.00443    0.00000  90.00000   0.00025    18   19   20      1
    20   0.00000   0.03986   0.00500   0.00443    0.00000  90.00000   0.00025    19   20   21      1
    21   0.00000   0.04429   0.00500   0.00443    0.00000  90.00000   0.00025    20   21    0      1
    22  -0.04429   0.00000   0.00000   0.00443    0.00000   0.00000   0.00025     0   22   23      2
    23  -0.03986   0.00000   0.00000   0.00443    0.00000   0.00000   0.00025    22   23   24      2
    24  -0.03543   0.00000   0.00000   0.00443    0.00000   0.00000   0.00025    23   24   25      2
    25  -0.03100   0.00000   0.00000   0.00443    0.00000   0.00000   0.00025    24   25   26      2
    26  -0.02657   0.00000   0.00000   0.00443    0.00000   0.00000   0.00025    25   26   27      2
    27  -0.02214   0.00000   0.00000   0.00443    0.00000   0.00000   0.00025    26   27   28      2
    28  -0.01771   0.00000   0.00000   0.00443    0.00000   0.00000   0.00025    27   28   29      2
    29  -0.01329   0.00000   0.00000   0.00443    0.00000   0.00000   0.00025    28   29   30      2
    30  -0.00886   0.00000   0.00000   0.00443    0.00000   0.00000   0.00025    29   30   31      2
    31  -0.00443   0.00000   0.00000   0.00443    0.00000   0.00000   0.00025    30   31   32      2
    32   0.00000   0.00000   0.00000   0.00443    0.00000   0.00000   0.00025    31   32   33      2
    33   0.00443   0.00000   0.00000   0.00443    0.00000   0.00000   0.00025    32   33   34      2
    34   0.00886   0.00000   0.00000   0.00443    0.00000   0.00000   0.00025    33   34   35      2
    35   0.01329   0.00000   0.00000   0.00443    0.00000   0.00000   0.00025    34   35   36      2
    36   0.01771   0.00000   0.00000   0.00443    0.00000   0.00000   0.00025    35   36   37      2
    37   0.02214   0.00000   0.00000   0.00443    0.00000   0.00000   0.00025    36   37   38      2
    38   0.02657   0.00000   0.00000   0.00443    0.00000   0.00000   0.00025    37   38   39      2
    39   0.03100   0.00000   0.00000   0.00443    0.00000   0.00000   0.00025    38   39   40      2
    40   0.03543   0.00000   0.00000   0.00443    0.00000   0.00000   0.00025    39   40   41      2
    41   0.03986   0.00000   0.00000   0.00443    0.00000   0.00000   0.00025    40   41   42      2
    42   0.04429   0.00000   0.00000   0.00443    0.00000   0.00000   0.00025    41   42    0      2






 ***** DATA CARD NO.  1   GN  -1     0     0     0  0.00000E+00  0.00000E+00  0.00000E+00  0.00000E+00  0.00000E+00  0.00000E+00
 ***** DATA CARD NO.  2   EK   0     0     0     0  0.00000E+00  0.00000E+00  0.00000E+00  0.00000E+00  0.00000E+00  0.00000E+00
 ***** DATA CARD NO.  3   EX   0     2    11     0  1.00000E+00  0.00000E+00  0.00000E+00  0.00000E+00  0.00000E+00  0.00000E+00
 ***** DATA CARD NO.  4   TL   1    11     2    11  5.00000E+01  4.25000E-02  0.00000E+00  0.00000E+00  0.00000E+00  0.00000E+00
 ***** DATA CARD NO.  5   FR   0     0     0     0  1.57500E+03  0.00000E+00  0.00000E+00  0.00000E+00  0.00000E+00  0.00000E+00
 ***** DATA CARD NO.  6   XQ   0     0     0     0  0.00000E+00  0.00000E+00  0.00000E+00  0.00000E+00  0.00000E+00  0.00000E+00




                                 - - - - - - FREQUENCY - - - - - -

                                    FREQUENCY= 1.5750E+03 MHZ
                                    WAVELENGTH= 1.9035E-01 METERS




                    APPROXIMATE INTEGRATION EMPLOYED FOR SEGMENTS MORE THAN   1.000 WAVELENGTHS APART

                    THE EXTENDED THIN WIRE KERNEL WILL BE USED



                               - - - STRUCTURE IMPEDANCE LOADING - - -

                                   THIS STRUCTURE IS NOT LOADED



                                  - - - ANTENNA ENVIRONMENT - - -

                                            FREE SPACE



                                - - - MATRIX TIMING - - -

                        FILL=    0.000 SEC.,  FACTOR=    0.000 SEC.



                                            - - - NETWORK DATA - - -

      - FROM -    - TO -           TRANSMISSION LINE               -  -  SHUNT ADMITTANCES (MHOS)  -  -              LINE
      TAG  SEG.   TAG  SEG.      IMPEDANCE      LENGTH            - END ONE -                 - END TWO -            TYPE
      NO.   NO.   NO.   NO.         OHMS        METERS         REAL          IMAG.         REAL          IMAG.
        1    11     2    32     5.0000E+01    4.2500E-02    0.0000E+00    0.0000E+00    0.0000E+00    0.0000E+00   STRAIGHT



                           - - - STRUCTURE EXCITATION DATA AT NETWORK CONNECTION POINTS - - -

   TAG   SEG.    VOLTAGE (VOLTS)         CURRENT (AMPS)         IMPEDANCE (OHMS)        ADMITTANCE (MHOS)      POWER
   NO.   NO.    REAL        IMAG.       REAL        IMAG.       REAL        IMAG.       REAL        IMAG.     (WATTS)
     1    11 8.34288E-01-1.27117E+00 4.30983E-03-1.74567E-02 7.97562E+01 2.81011E+01 1.11536E-02-3.92983E-03 1.28931E-02
     2    32 1.00000E+00 0.00000E+00 1.11536E-02-3.92983E-03 7.97562E+01 2.81011E+01 1.11536E-02-3.92983E-03 5.57680E-03



                                          - - - ANTENNA INPUT PARAMETERS - - -

   TAG   SEG.    VOLTAGE (VOLTS)         CURRENT (AMPS)         IMPEDANCE (OHMS)        ADMITTANCE (MHOS)      POWER
   NO.   NO.    REAL        IMAG.       REAL        IMAG.       REAL        IMAG.       REAL        IMAG.     (WATTS)
     2    32 1.00000E+00 0.00000E+00 3.69397E-02 9.60356E-03 2.53572E+01-6.59235E+00 3.69397E-02 9.60356E-03 1.84699E-02



                             - - - CURRENTS AND LOCATION - - -

                                 DISTANCES IN WAVELENGTHS


  SEG.  TAG    COORD. OF SEG. CENTER     SEG.            - - - CURRENT (AMPS) - - -
  NO.   NO.     X        Y        Z      LENGTH     REAL        IMAG.       MAG.        PHASE
     1    1   0.0000  -0.2327   0.0263  0.02327   2.1614E-04 -2.1013E-03  2.1123E-03  -84.127
     2    1   0.0000  -0.2094   0.0263  0.02327   5.7481E-04 -5.1645E-03  5.1964E-03  -83.649
     3    1   0.0000  -0.1861   0.0263  0.02327   9.3843E-04 -7.7969E-03  7.8532E-03  -83.137
     4    1   0.0000  -0.1629   0.0263  0.02327   1.3203E-03 -1.0155E-02  1.0240E-02  -82.592
     5    1   0.0000  -0.1396   0.0263  0.02327   1.7184E-03 -1.2231E-02  1.2351E-02  -82.003
     6    1   0.0000  -0.1163   0.0263  0.02327   2.1291E-03 -1.4004E-02  1.4165E-02  -81.355
     7    1   0.0000  -0.0931   0.0263  0.02327   2.5487E-03 -1.5447E-02  1.5655E-02  -80.631
     8    1   0.0000  -0.0698   0.0263  0.02327   2.9749E-03 -1.6534E-02  1.6799E-02  -79.800
     9    1   0.0000  -0.0465   0.0263  0.02327   3.4094E-03 -1.7242E-02  1.7576E-02  -78.815
    10    1   0.0000  -0.0233   0.0263  0.02327   3.8773E-03 -1.7538E-02  1.7962E-02  -77.534
    11    1   0.0000   0.0000   0.0263  0.02327   4.3098E-03 -1.7457E-02  1.7981E-02  -76.132
    12    1   0.0000   0.0233   0.0263  0.02327   3.8773E-03 -1.7538E-02  1.7962E-02  -77.534
    13    1   0.0000   0.0465   0.0263  0.02327   3.4094E-03 -1.7242E-02  1.7576E-02  -78.815
    14    1   0.0000   0.0698   0.0263  0.02327   2.9749E-03 -1.6534E-02  1.6799E-02  -79.800
    15    1   0.0000   0.0931   0.0263  0.02327   2.5487E-03 -1.5447E-02  1.5655E-02  -80.631
    16    1   0.0000   0.1163   0.0263  0.02327   2.1291E-03 -1.4004E-02  1.4165E-02  -81.355
    17    1   0.0000   0.1396   0.0263  0.02327   1.7184E-03 -1.2231E-02  1.2351E-02  -82.003
    18    1   0.0000   0.1629   0.0263  0.02327   1.3203E-03 -1.0155E-02  1.0240E-02  -82.592
    19    1   0.0000   0.1861   0.0263  0.02327   9.3843E-04 -7.7969E-03  7.8532E-03  -83.137
    20    1   0.0000   0.2094   0.0263  0.02327   5.7481E-04 -5.1645E-03  5.1964E-03  -83.649
    21    1   0.0000   0.2327   0.0263  0.02327   2.1614E-04 -2.1013E-03  2.1123E-03  -84.127
    22    2  -0.2327   0.0000   0.0000  0.02327   1.2333E-03 -6.3943E-04  1.3892E-03  -27.405
    23    2  -0.2094   0.0000   0.0000  0.02327   3.0470E-03 -1.5476E-03  3.4176E-03  -26.927
    24    2  -0.1861   0.0000   0.0000  0.02327   4.6257E-03 -2.2976E-03  5.1649E-03  -26.414
    25    2  -0.1629   0.0000   0.0000  0.02327   6.0599E-03 -2.9385E-03  6.7348E-03  -25.870
    26    2  -0.1396   0.0000   0.0000  0.02327   7.3453E-03 -3.4690E-03  8.1233E-03  -25.280
    27    2  -0.1163   0.0000   0.0000  0.02327   8.4682E-03 -3.8829E-03  9.3159E-03  -24.633
    28    2  -0.0931   0.0000   0.0000  0.02327   9.4128E-03 -4.1728E-03  1.0296E-02  -23.908
    29    2  -0.0698   0.0000   0.0000  0.02327   1.0164E-02 -4.3308E-03  1.1049E-02  -23.078
    30    2  -0.0465   0.0000   0.0000  0.02327   1.0711E-02 -4.3475E-03  1.1560E-02  -22.092
    31    2  -0.0233   0.0000   0.0000  0.02327   1.1042E-02 -4.1971E-03  1.1813E-02  -20.811
    32    2   0.0000   0.0000   0.0000  0.02327   1.1154E-02 -3.9298E-03  1.1826E-02  -19.409
    33    2   0.0233   0.0000   0.0000  0.02327   1.1042E-02 -4.1971E-03  1.1813E-02  -20.811
    34    2   0.0465   0.0000   0.0000  0.02327   1.0711E-02 -4.3475E-03  1.1560E-02  -22.092
    35    2   0.0698   0.0000   0.0000  0.02327   1.0164E-02 -4.3308E-03  1.1049E-02  -23.078
    36    2   0.0931   0.0000   0.0000  0.02327   9.4128E-03 -4.1728E-03  1.0296E-02  -23.908
    37    2   0.1163   0.0000   0.0000  0.02327   8.4682E-03 -3.8829E-03  9.3159E-03  -24.633
    38    2   0.1396   0.0000   0.0000  0.02327   7.3453E-03 -3.4690E-03  8.1233E-03  -25.280
    39    2   0.1629   0.0000   0.0000  0.02327   6.0599E-03 -2.9385E-03  6.7348E-03  -25.870
    40    2   0.1861   0.0000   0.0000  0.02327   4.6257E-03 -2.2976E-03  5.1649E-03  -26.414
    41    2   0.2094   0.0000   0.0000  0.02327   3.0470E-03 -1.5476E-03  3.4176E-03  -26.927
    42    2   0.2327   0.0000   0.0000  0.02327   1.2333E-03 -6.3943E-04  1.3892E-03  -27.405



                                        - - - POWER BUDGET - - -

                                           INPUT POWER   = 1.8470E-02 WATTS
                                           RADIATED POWER= 1.8470E-02 WATTS
                                           STRUCTURE LOSS= 0.0000E+00 WATTS
                                           NETWORK LOSS  = 5.2042E-17 WATTS
                                           EFFICIENCY    = 100.00 PERCENT






 ***** DATA CARD NO.  7   FR   0    31     0     0  1.40000E+03  1.00000E+01  0.00000E+00  0.00000E+00  0.00000E+00  0.00000E+00
 ***** DATA CARD NO.  8   RP   0   181     1  1000 -1.80000E+02  0.00000E+00  2.00000E+00  0.00000E+00  0.00000E+00  0.00000E+00




                                 - - - - - - FREQUENCY - - - - - -

                                    FREQUENCY= 1.4000E+03 MHZ
                                    WAVELENGTH= 2.1414E-01 METERS




                    APPROXIMATE INTEGRATION EMPLOYED FOR SEGMENTS MORE THAN   1.000 WAVELENGTHS APART

                    THE EXTENDED THIN WIRE KERNEL WILL BE USED



                               - - - STRUCTURE IMPEDANCE LOADING - - -

                                   THIS STRUCTURE IS NOT LOADED



                                  - - - ANTENNA ENVIRONMENT - - -

                                            FREE SPACE



                                - - - MATRIX TIMING - - -

                        FILL=    0.016 SEC.,  FACTOR=    0.000 SEC.



                                            - - - NETWORK DATA - - -

      - FROM -    - TO -           TRANSMISSION LINE               -  -  SHUNT ADMITTANCES (MHOS)  -  -              LINE
      TAG  SEG.   TAG  SEG.      IMPEDANCE      LENGTH            - END ONE -                 - END TWO -            TYPE
      NO.   NO.   NO.   NO.         OHMS        METERS         REAL          IMAG.         REAL          IMAG.
        1    11     2    32     5.0000E+01    4.2500E-02    0.0000E+00    0.0000E+00    0.0000E+00    0.0000E+00   STRAIGHT



                           - - - STRUCTURE EXCITATION DATA AT NETWORK CONNECTION POINTS - - -

   TAG   SEG.    VOLTAGE (VOLTS)         CURRENT (AMPS)         IMPEDANCE (OHMS)        ADMITTANCE (MHOS)      POWER
   NO.   NO.    REAL        IMAG.       REAL        IMAG.       REAL        IMAG.       REAL        IMAG.     (WATTS)
     1    11-8.29879E-01-2.78271E+00 1.86782E-02-2.66667E-02 5.53827E+01-6.99124E+01 6.96201E-03 8.78849E-03 2.93525E-02
     2    32 1.00000E+00 0.00000E+00 6.96201E-03 8.78849E-03 5.53827E+01-6.99124E+01 6.96201E-03 8.78849E-03 3.48100E-03



                                          - - - ANTENNA INPUT PARAMETERS - - -

   TAG   SEG.    VOLTAGE (VOLTS)         CURRENT (AMPS)         IMPEDANCE (OHMS)        ADMITTANCE (MHOS)      POWER
   NO.   NO.    REAL        IMAG.       REAL        IMAG.       REAL        IMAG.       REAL        IMAG.     (WATTS)
     2    32 1.00000E+00 0.00000E+00 6.56670E-02-1.54311E-02 1.44314E+01 3.39126E+00 6.56670E-02-1.54311E-02 3.28335E-02



                             - - - CURRENTS AND LOCATION - - -

                                 DISTANCES IN WAVELENGTHS


  SEG.  TAG    COORD. OF SEG. CENTER     SEG.            - - - CURRENT (AMPS) - - -
  NO.   NO.     X        Y        Z      LENGTH     REAL        IMAG.       MAG.        PHASE
     1    1   0.0000  -0.2068   0.0233  0.02068   1.6497E-03 -2.9338E-03  3.3658E-03  -60.650
     2    1   0.0000  -0.1861   0.0233  0.02068   4.1139E-03 -7.2051E-03  8.2968E-03  -60.275
     3    1   0.0000  -0.1654   0.0233  0.02068   6.3166E-03 -1.0886E-02  1.2586E-02  -59.877
     4    1   0.0000  -0.1448   0.0233  0.02068   8.3867E-03 -1.4214E-02  1.6504E-02  -59.458
     5    1   0.0000  -0.1241   0.0233  0.02068   1.0326E-02 -1.7194E-02  2.0056E-02  -59.012
     6    1   0.0000  -0.1034   0.0233  0.02068   1.2124E-02 -1.9808E-02  2.3224E-02  -58.530
     7    1   0.0000  -0.0827   0.0233  0.02068   1.3767E-02 -2.2033E-02  2.5981E-02  -58.001
     8    1   0.0000  -0.0620   0.0233  0.02068   1.5245E-02 -2.3847E-02  2.8303E-02  -57.410
     9    1   0.0000  -0.0414   0.0233  0.02068   1.6555E-02 -2.5231E-02  3.0177E-02  -56.729
    10    1   0.0000  -0.0207   0.0233  0.02068   1.7744E-02 -2.6187E-02  3.1632E-02  -55.878
    11    1   0.0000   0.0000   0.0233  0.02068   1.8678E-02 -2.6667E-02  3.2557E-02  -54.991
    12    1   0.0000   0.0207   0.0233  0.02068   1.7744E-02 -2.6187E-02  3.1632E-02  -55.878
    13    1   0.0000   0.0414   0.0233  0.02068   1.6555E-02 -2.5231E-02  3.0177E-02  -56.729
    14    1   0.0000   0.0620   0.0233  0.02068   1.5245E-02 -2.3847E-02  2.8303E-02  -57.410
    15    1   0.0000   0.0827   0.0233  0.02068   1.3767E-02 -2.2033E-02  2.5981E-02  -58.001
    16    1   0.0000   0.1034   0.0233  0.02068   1.2124E-02 -1.9808E-02  2.3224E-02  -58.530
    17    1   0.0000   0.1241   0.0233  0.02068   1.0326E-02 -1.7194E-02  2.0056E-02  -59.012
    18    1   0.0000   0.1448   0.0233  0.02068   8.3867E-03 -1.4214E-02  1.6504E-02  -59.458
    19    1   0.0000   0.1654   0.0233  0.02068   6.3166E-03 -1.0886E-02  1.2586E-02  -59.877
    20    1   0.0000   0.1861   0.0233  0.02068   4.1139E-03 -7.2051E-03  8.2968E-03  -60.275
    21    1   0.0000   0.2068   0.0233  0.02068   1.6497E-03 -2.9338E-03  3.3658E-03  -60.650
    22    2  -0.2068   0.0000   0.0000  0.02068   8.0582E-04  8.3317E-04  1.1591E-03   45.956
    23    2  -0.1861   0.0000   0.0000  0.02068   1.9729E-03  2.0667E-03  2.8572E-03   46.331
    24    2  -0.1654   0.0000   0.0000  0.02068   2.9710E-03  3.1560E-03  4.3344E-03   46.729
    25    2  -0.1448   0.0000   0.0000  0.02068   3.8654E-03  4.1666E-03  5.6835E-03   47.148
    26    2  -0.1241   0.0000   0.0000  0.02068   4.6578E-03  5.0999E-03  6.9069E-03   47.594
    27    2  -0.1034   0.0000   0.0000  0.02068   5.3436E-03  5.9506E-03  7.9978E-03   48.076
    28    2  -0.0827   0.0000   0.0000  0.02068   5.9163E-03  6.7119E-03  8.9471E-03   48.605
    29    2  -0.0620   0.0000   0.0000  0.02068   6.3693E-03  7.3779E-03  9.7468E-03   49.196
    30    2  -0.0414   0.0000   0.0000  0.02068   6.6971E-03  7.9465E-03  1.0392E-02   49.877
    31    2  -0.0207   0.0000   0.0000  0.02068   6.8956E-03  8.4330E-03  1.0893E-02   50.728
    32    2   0.0000   0.0000   0.0000  0.02068   6.9620E-03  8.7885E-03  1.1212E-02   51.615
    33    2   0.0207   0.0000   0.0000  0.02068   6.8956E-03  8.4330E-03  1.0893E-02   50.728
    34    2   0.0414   0.0000   0.0000  0.02068   6.6971E-03  7.9465E-03  1.0392E-02   49.877
    35    2   0.0620   0.0000   0.0000  0.02068   6.3693E-03  7.3779E-03  9.7468E-03   49.196
    36    2   0.0827   0.0000   0.0000  0.02068   5.9163E-03  6.7119E-03  8.9471E-03   48.605
    37    2   0.1034   0.0000   0.0000  0.02068   5.3436E-03  5.9506E-03  7.9978E-03   48.076
    38    2   0.1241   0.0000   0.0000  0.02068   4.6578E-03  5.0999E-03  6.9069E-03   47.594
    39    2   0.1448   0.0000   0.0000  0.02068   3.8654E-03  4.1666E-03  5.6835E-03   47.148
    40    2   0.1654   0.0000   0.0000  0.02068   2.9710E-03  3.1560E-03  4.3344E-03   46.729
    41    2   0.1861   0.0000   0.0000  0.02068   1.9729E-03  2.0667E-03  2.8572E-03   46.331
    42    2   0.2068   0.0000   0.0000  0.02068   8.0582E-04  8.3317E-04  1.1591E-03   45.956



                                        - - - POWER BUDGET - - -

                                           INPUT POWER   = 3.2833E-02 WATTS
                                           RADIATED POWER= 3.2833E-02 WATTS
                                           STRUCTURE LOSS= 0.0000E+00 WATTS
                                           NETWORK LOSS  = 2.2898E-16 WATTS
                                           EFFICIENCY    = 100.00 PERCENT



                                                - - - RADIATION PATTERNS - - -

  - - ANGLES - -           - POWER GAINS -       - - - POLARIZATION - - -    - - - E(THETA) - - -    - - - E(PHI) - - -
  THETA     PHI        VERT.   HOR.    TOTAL      AXIAL     TILT   SENSE     MAGNITUDE    PHASE      MAGNITUDE    PHASE 
 DEGREES  DEGREES       DB      DB      DB        RATIO     DEG.              VOLTS/M    DEGREES      VOLTS/M    DEGREES
 -180.00     0.00      -7.68    1.58    2.07    0.30493    80.86  LEFT      5.79641E-01   138.90    1.68317E+00  -156.11
 -178.00     0.00      -7.69    1.58    2.07    0.30471    80.87  LEFT      5.79158E-01   138.90    1.68317E+00  -156.11
 -176.00     0.00      -7.71    1.58    2.06    0.30403    80.90  LEFT      5.77711E-01   138.90    1.68317E+00  -156.09
 -174.00     0.00      -7.74    1.58    2.06    0.30290    80.95  LEFT      5.75306E-01   138.90    1.68317E+00  -156.06
 -172.00     0.00      -7.79    1.58    2.06    0.30132    81.03  LEFT      5.71954E-01   138.91    1.68317E+00  -156.03
 -170.00     0.00      -7.86    1.58    2.05    0.29929    81.12  LEFT      5.67670E-01   138.91    1.68317E+00  -155.98
 -168.00     0.00      -7.94    1.58    2.04    0.29683    81.23  LEFT      5.62472E-01   138.91    1.68317E+00  -155.93
 -166.00     0.00      -8.03    1.58    2.03    0.29394    81.36  LEFT      5.56383E-01   138.92    1.68317E+00  -155.86
 -164.00     0.00      -8.14    1.58    2.02    0.29062    81.51  LEFT      5.49428E-01   138.92    1.68317E+00  -155.78
 -162.00     0.00      -8.27    1.58    2.01    0.28689    81.67  LEFT      5.41636E-01   138.93    1.68317E+00  -155.70
 -160.00     0.00      -8.41    1.58    2.00    0.28276    81.85  LEFT      5.33038E-01   138.93    1.68317E+00  -155.60
 -158.00     0.00      -8.56    1.58    1.98    0.27824    82.05  LEFT      5.23671E-01   138.94    1.68317E+00  -155.50
 -156.00     0.00      -8.73    1.58    1.97    0.27334    82.25  LEFT      5.13569E-01   138.95    1.68317E+00  -155.38
 -154.00     0.00      -8.91    1.58    1.95    0.26808    82.47  LEFT      5.02771E-01   138.96    1.68317E+00  -155.26
 -152.00     0.00      -9.11    1.58    1.94    0.26247    82.70  LEFT      4.91318E-01   138.96    1.68317E+00  -155.13
 -150.00     0.00      -9.33    1.58    1.92    0.25653    82.94  LEFT      4.79250E-01   138.97    1.68317E+00  -154.98
 -148.00     0.00      -9.56    1.58    1.90    0.25027    83.18  LEFT      4.66610E-01   138.98    1.68317E+00  -154.83
 -146.00     0.00      -9.81    1.58    1.89    0.24371    83.44  LEFT      4.53439E-01   138.99    1.68317E+00  -154.67
 -144.00     0.00     -10.08    1.58    1.87    0.23687    83.70  LEFT      4.39779E-01   139.00    1.68317E+00  -154.50
 -142.00     0.00     -10.36    1.58    1.85    0.22977    83.96  LEFT      4.25672E-01   139.01    1.68317E+00  -154.33
 -140.00     0.00     -10.66    1.58    1.83    0.22242    84.22  LEFT      4.11160E-01   139.02    1.68317E+00  -154.14
 -138.00     0.00     -10.98    1.58    1.82    0.21485    84.49  LEFT      3.96282E-01   139.03    1.68317E+00  -153.95
 -136.00     0.00     -11.32    1.58    1.80    0.20706    84.76  LEFT      3.81078E-01   139.04    1.68317E+00  -153.75
 -134.00     0.00     -11.68    1.58    1.78    0.19908    85.03  LEFT      3.65584E-01   139.05    1.68317E+00  -153.54
 -132.00     0.00     -12.06    1.58    1.76    0.19093    85.30  LEFT      3.49836E-01   139.06    1.68317E+00  -153.33
 -130.00     0.00     -12.47    1.58    1.75    0.18262    85.57  LEFT      3.33868E-01   139.07    1.68317E+00  -153.11
 -128.00     0.00     -12.90    1.58    1.73    0.17416    85.84  LEFT      3.17711E-01   139.08    1.68317E+00  -152.88
 -126.00     0.00     -13.36    1.58    1.72    0.16558    86.10  LEFT      3.01395E-01   139.09    1.68317E+00  -152.65
 -124.00     0.00     -13.85    1.58    1.70    0.15688    86.36  LEFT      2.84946E-01   139.10    1.68317E+00  -152.41
 -122.00     0.00     -14.37    1.58    1.69    0.14808    86.61  LEFT      2.68390E-01   139.11    1.68317E+00  -152.16
 -120.00     0.00     -14.92    1.58    1.68    0.13919    86.87  LEFT      2.51749E-01   139.12    1.68317E+00  -151.91
 -118.00     0.00     -15.52    1.58    1.66    0.13023    87.11  LEFT      2.35041E-01   139.13    1.68317E+00  -151.65
 -116.00     0.00     -16.16    1.58    1.65    0.12119    87.36  LEFT      2.18284E-01   139.14    1.68317E+00  -151.39
 -114.00     0.00     -16.86    1.58    1.64    0.11210    87.59  LEFT      2.01494E-01   139.15    1.68317E+00  -151.12
 -112.00     0.00     -17.61    1.58    1.63    0.10295    87.83  LEFT      1.84683E-01   139.16    1.68317E+00  -150.85
 -110.00     0.00     -18.44    1.58    1.62    0.09376    88.05  LEFT      1.67860E-01   139.17    1.68317E+00  -150.58
 -108.00     0.00     -19.36    1.58    1.62    0.08452    88.27  LEFT      1.51035E-01   139.17    1.68317E+00  -150.30
 -106.00     0.00     -20.39    1.58    1.61    0.07525    88.49  LEFT      1.34214E-01   139.18    1.68317E+00  -150.02
 -104.00     0.00     -21.55    1.58    1.60    0.06594    88.70  LEFT      1.17400E-01   139.19    1.68317E+00  -149.74
 -102.00     0.00     -22.89    1.58    1.60    0.05661    88.90  LEFT      1.00597E-01   139.19    1.68317E+00  -149.45
 -100.00     0.00     -24.48    1.58    1.59    0.04724    89.10  LEFT      8.38064E-02   139.20    1.68317E+00  -149.16
  -98.00     0.00     -26.42    1.58    1.59    0.03785    89.29  LEFT      6.70278E-02   139.20    1.68317E+00  -148.87
  -96.00     0.00     -28.92    1.58    1.58    0.02843    89.48  LEFT      5.02601E-02   139.20    1.68317E+00  -148.58
  -94.00     0.00     -32.44    1.58    1.58    0.01898    89.66  LEFT      3.35013E-02   139.20    1.68317E+00  -148.29
  -92.00     0.00     -38.46    1.58    1.58    0.00951    89.83  LEFT      1.67490E-02   139.21    1.68317E+00  -148.00
  -90.00     0.00    -999.99    1.58    1.58    0.00000    90.00  LINEAR    2.44866E-12   139.21    1.68317E+00  -147.70
  -88.00     0.00     -38.46    1.58    1.58    0.00954   -89.84  RIGHT     1.67490E-02   -40.79    1.68317E+00  -147.41
  -86.00     0.00     -32.44    1.58    1.58    0.01910   -89.68  RIGHT     3.35013E-02   -40.80    1.68317E+00  -147.12
  -84.00     0.00     -28.92    1.58    1.58    0.02870   -89.53  RIGHT     5.02601E-02   -40.80    1.68317E+00  -146.83
  -82.00     0.00     -26.42    1.58    1.59    0.03833   -89.38  RIGHT     6.70278E-02   -40.80    1.68317E+00  -146.53
  -80.00     0.00     -24.48    1.58    1.59    0.04798   -89.24  RIGHT     8.38064E-02   -40.80    1.68317E+00  -146.25
  -78.00     0.00     -22.89    1.58    1.60    0.05768   -89.10  RIGHT     1.00597E-01   -40.81    1.68317E+00  -145.96
  -76.00     0.00     -21.55    1.58    1.60    0.06740   -88.97  RIGHT     1.17400E-01   -40.81    1.68317E+00  -145.67
  -74.00     0.00     -20.39    1.58    1.61    0.07714   -88.84  RIGHT     1.34214E-01   -40.82    1.68317E+00  -145.39
  -72.00     0.00     -19.36    1.58    1.62    0.08692   -88.72  RIGHT     1.51035E-01   -40.83    1.68317E+00  -145.11
  -70.00     0.00     -18.44    1.58    1.62    0.09671   -88.61  RIGHT     1.67860E-01   -40.83    1.68317E+00  -144.83
  -68.00     0.00     -17.61    1.58    1.63    0.10652   -88.49  RIGHT     1.84683E-01   -40.84    1.68317E+00  -144.56
  -66.00     0.00     -16.86    1.58    1.64    0.11634   -88.38  RIGHT     2.01494E-01   -40.85    1.68317E+00  -144.29
  -64.00     0.00     -16.16    1.58    1.65    0.12617   -88.28  RIGHT     2.18284E-01   -40.86    1.68317E+00  -144.02
  -62.00     0.00     -15.52    1.58    1.66    0.13599   -88.18  RIGHT     2.35041E-01   -40.87    1.68317E+00  -143.76
  -60.00     0.00     -14.92    1.58    1.68    0.14579   -88.09  RIGHT     2.51749E-01   -40.88    1.68317E+00  -143.50
  -58.00     0.00     -14.37    1.58    1.69    0.15557   -88.00  RIGHT     2.68390E-01   -40.89    1.68317E+00  -143.25
  -56.00     0.00     -13.85    1.58    1.70    0.16531   -87.91  RIGHT     2.84946E-01   -40.90    1.68317E+00  -143.00
  -54.00     0.00     -13.36    1.58    1.72    0.17500   -87.83  RIGHT     3.01395E-01   -40.91    1.68317E+00  -142.76
  -52.00     0.00     -12.90    1.58    1.73    0.18462   -87.75  RIGHT     3.17711E-01   -40.92    1.68317E+00  -142.53
  -50.00     0.00     -12.47    1.58    1.75    0.19415   -87.67  RIGHT     3.33868E-01   -40.93    1.68317E+00  -142.30
  -48.00     0.00     -12.06    1.58    1.76    0.20358   -87.60  RIGHT     3.49836E-01   -40.94    1.68317E+00  -142.08
  -46.00     0.00     -11.68    1.58    1.78    0.21289   -87.53  RIGHT     3.65584E-01   -40.95    1.68317E+00  -141.87
  -44.00     0.00     -11.32    1.58    1.80    0.22206   -87.47  RIGHT     3.81078E-01   -40.96    1.68317E+00  -141.66
  -42.00     0.00     -10.98    1.58    1.82    0.23105   -87.41  RIGHT     3.96282E-01   -40.97    1.68317E+00  -141.46
  -40.00     0.00     -10.66    1.58    1.83    0.23987   -87.35  RIGHT     4.11160E-01   -40.98    1.68317E+00  -141.27
  -38.00     0.00     -10.36    1.58    1.85    0.24847   -87.30  RIGHT     4.25672E-01   -40.99    1.68317E+00  -141.08
  -36.00     0.00     -10.08    1.58    1.87    0.25683   -87.24  RIGHT     4.39779E-01   -41.00    1.68317E+00  -140.90
  -34.00     0.00      -9.81    1.58    1.89    0.26493   -87.20  RIGHT     4.53439E-01   -41.01    1.68317E+00  -140.74
  -32.00     0.00      -9.56    1.58    1.90    0.27275   -87.15  RIGHT     4.66610E-01   -41.02    1.68317E+00  -140.58
  -30.00     0.00      -9.33    1.58    1.92    0.28025   -87.11  RIGHT     4.79250E-01   -41.03    1.68317E+00  -140.43
  -28.00     0.00      -9.11    1.58    1.94    0.28742   -87.07  RIGHT     4.91318E-01   -41.04    1.68317E+00  -140.28
  -26.00     0.00      -8.91    1.58    1.95    0.29422   -87.04  RIGHT     5.02771E-01   -41.04    1.68317E+00  -140.15
  -24.00     0.00      -8.73    1.58    1.97    0.30064   -87.00  RIGHT     5.13569E-01   -41.05    1.68317E+00  -140.03
  -22.00     0.00      -8.56    1.58    1.98    0.30664   -86.97  RIGHT     5.23671E-01   -41.06    1.68317E+00  -139.91
  -20.00     0.00      -8.41    1.58    2.00    0.31221   -86.95  RIGHT     5.33038E-01   -41.07    1.68317E+00  -139.81
  -18.00     0.00      -8.27    1.58    2.01    0.31732   -86.92  RIGHT     5.41636E-01   -41.07    1.68317E+00  -139.71
  -16.00     0.00      -8.14    1.58    2.02    0.32195   -86.90  RIGHT     5.49428E-01   -41.08    1.68317E+00  -139.62
  -14.00     0.00      -8.03    1.58    2.03    0.32609   -86.88  RIGHT     5.56383E-01   -41.08    1.68317E+00  -139.55
  -12.00     0.00      -7.94    1.58    2.04    0.32971   -86.87  RIGHT     5.62472E-01   -41.09    1.68317E+00  -139.48
  -10.00     0.00      -7.86    1.58    2.05    0.33280   -86.85  RIGHT     5.67670E-01   -41.09    1.68317E+00  -139.43
   -8.00     0.00      -7.79    1.58    2.06    0.33535   -86.84  RIGHT     5.71954E-01   -41.09    1.68317E+00  -139.38
   -6.00     0.00      -7.74    1.58    2.06    0.33735   -86.83  RIGHT     5.75306E-01   -41.10    1.68317E+00  -139.35
   -4.00     0.00      -7.71    1.58    2.06    0.33878   -86.83  RIGHT     5.77711E-01   -41.10    1.68317E+00  -139.32
   -2.00     0.00      -7.69    1.58    2.07    0.33964   -86.82  RIGHT     5.79158E-01   -41.10    1.68317E+00  -139.30
    0.00     0.00      -7.68    1.58    2.07    0.33992   -86.82  RIGHT     5.79641E-01   -41.10    1.68317E+00  -139.30
    2.00     0.00      -7.69    1.58    2.07    0.33964   -86.82  RIGHT     5.79158E-01   -41.10    1.68317E+00  -139.30
    4.00     0.00      -7.71    1.58    2.06    0.33878   -86.83  RIGHT     5.77711E-01   -41.10    1.68317E+00  -139.32
    6.00     0.00      -7.74    1.58    2.06    0.33735   -86.83  RIGHT     5.75306E-01   -41.10    1.68317E+00  -139.35
    8.00     0.00      -7.79    1.58    2.06    0.33535   -86.84  RIGHT     5.71954E-01   -41.09    1.68317E+00  -139.38
   10.00     0.00      -7.86    1.58    2.05    0.33280   -86.85  RIGHT     5.67670E-01   -41.09    1.68317E+00  -139.43
   12.00     0.00      -7.94    1.58    2.04    0.32971   -86.87  RIGHT     5.62472E-01   -41.09    1.68317E+00  -139.48
   14.00     0.00      -8.03    1.58    2.03    0.32609   -86.88  RIGHT     5.56383E-01   -41.08    1.68317E+00  -139.55
   16.00     0.00      -8.14    1.58    2.02    0.32195   -86.90  RIGHT     5.49428E-01   -41.08    1.68317E+00  -139.62
   18.00     0.00      -8.27    1.58    2.01    0.31732   -86.92  RIGHT     5.41636E-01   -41.07    1.68317E+00  -139.71
   20.00     0.00      -8.41    1.58    2.00    0.31221   -86.95  RIGHT     5.33038E-01   -41.07    1.68317E+00  -139.81
   22.00     0.00      -8.56    1.58    1.98    0.30664   -86.97  RIGHT     5.23671E-01   -41.06    1.68317E+00  -139.91
   24.00     0.00      -8.73    1.58    1.97    0.30064   -87.00  RIGHT     5.13569E-01   -41.05    1.68317E+00  -140.03
   26.00     0.00      -8.91    1.58    1.95    0.29422   -87.04  RIGHT     5.02771E-01   -41.04    1.68317E+00  -140.15
   28.00     0.00      -9.11    1.58    1.94    0.28742   -87.07  RIGHT     4.91318E-01   -41.04    1.68317E+00  -140.28
   30.00     0.00      -9.33    1.58    1.92    0.28025   -87.11  RIGHT     4.79250E-01   -41.03    1.68317E+00  -140.43
   32.00     0.00      -9.56    1.58    1.90    0.27275   -87.15  RIGHT     4.66610E-01   -41.02    1.68317E+00  -140.58
   34.00     0.00      -9.81    1.58    1.89    0.26493   -87.20  RIGHT     4.53439E-01   -41.01    1.68317E+00  -140.74
   36.00     0.00     -10.08    1.58    1.87    0.25683   -87.24  RIGHT     4.39779E-01   -41.00    1.68317E+00  -140.90
   38.00     0.00     -10.36    1.58    1.85    0.24847   -87.30  RIGHT     4.25672E-01   -40.99    1.68317E+00  -141.08
   40.00     0.00     -10.66    1.58    1.83    0.23987   -87.35  RIGHT     4.11160E-01   -40.98    1.68317E+00  -141.27
   42.00     0.00     -10.98    1.58    1.82    0.23105   -87.41  RIGHT     3.96282E-01   -40.97    1.68317E+00  -141.46
   44.00     0.00     -11.32    1.58    1.80    0.22206   -87.47  RIGHT     3.81078E-01   -40.96    1.68317E+00  -141.66
   46.00     0.00     -11.68    1.58    1.78    0.21289   -87.53  RIGHT     3.65584E-01   -40.95    1.68317E+00  -141.87
   48.00     0.00     -12.06    1.58    1.76    0.20358   -87.60  RIGHT     3.49836E-01   -40.94    1.68317E+00  -142.08
   50.00     0.00     -12.47    1.58    1.75    0.19415   -87.67  RIGHT     3.33868E-01   -40.93    1.68317E+00  -142.30
   52.00     0.00     -12.90    1.58    1.73    0.18462   -87.75  RIGHT     3.17711E-01   -40.92    1.68317E+00  -142.53
   54.00     0.00     -13.36    1.58    1.72    0.17500   -87.83  RIGHT     3.01395E-01   -40.91    1.68317E+00  -142.76
   56.00     0.00     -13.85    1.58    1.70    0.16531   -87.91  RIGHT     2.84946E-01   -40.90    1.68317E+00  -143.00
   58.00     0.00     -14.37    1.58    1.69    0.15557   -88.00  RIGHT     2.68390E-01   -40.89    1.68317E+00  -143.25
   60.00     0.00     -14.92    1.58    1.68    0.14579   -88.09  RIGHT     2.51749E-01   -40.88    1.68317E+00  -143.50
   62.00     0.00     -15.52    1.58    1.66    0.13599   -88.18  RIGHT     2.35041E-01   -40.87    1.68317E+00  -143.76
   64.00     0.00     -16.16    1.58    1.65    0.12617   -88.28  RIGHT     2.18284E-01   -40.86    1.68317E+00  -144.02
   66.00     0.00     -16.86    1.58    1.64    0.11634   -88.38  RIGHT     2.01494E-01   -40.85    1.68317E+00  -144.29
   68.00     0.00     -17.61    1.58    1.63    0.10652   -88.49  RIGHT     1.84683E-01   -40.84    1.68317E+00  -144.56
   70.00     0.00     -18.44    1.58    1.62    0.09671   -88.61  RIGHT     1.67860E-01   -40.83    1.68317E+00  -144.83
   72.00     0.00     -19.36    1.58    1.62    0.08692   -88.72  RIGHT     1.51035E-01   -40.83    1.68317E+00  -145.11
   74.00     0.00     -20.39    1.58    1.61    0.07714   -88.84  RIGHT     1.34214E-01   -40.82    1.68317E+00  -145.39
   76.00     0.00     -21.55    1.58    1.60    0.06740   -88.97  RIGHT     1.17400E-01   -40.81    1.68317E+00  -145.67
   78.00     0.00     -22.89    1.58    1.60    0.05768   -89.10  RIGHT     1.00597E-01   -40.81    1.68317E+00  -145.96
   80.00     0.00     -24.48    1.58    1.59    0.04798   -89.24  RIGHT     8.38064E-02   -40.80    1.68317E+00  -146.25
   82.00     0.00     -26.42    1.58    1.59    0.03833   -89.38  RIGHT     6.70278E-02   -40.80    1.68317E+00  -146.53
   84.00     0.00     -28.92    1.58    1.58    0.02870   -89.53  RIGHT     5.02601E-02   -40.80    1.68317E+00  -146.83
   86.00     0.00     -32.44    1.58    1.58    0.01910   -89.68  RIGHT     3.35013E-02   -40.80    1.68317E+00  -147.12
   88.00     0.00     -38.46    1.58    1.58    0.00954   -89.84  RIGHT     1.67490E-02   -40.79    1.68317E+00  -147.41
   90.00     0.00    -999.99    1.58    1.58    0.00000    90.00  LINEAR    2.44866E-12   139.21    1.68317E+00  -147.70
   92.00     0.00     -38.46    1.58    1.58    0.00951    89.83  LEFT      1.67490E-02   139.21    1.68317E+00  -148.00
   94.00     0.00     -32.44    1.58    1.58    0.01898    89.66  LEFT      3.35013E-02   139.20    1.68317E+00  -148.29
   96.00     0.00     -28.92    1.58    1.58    0.02843    89.48  LEFT      5.02601E-02   139.20    1.68317E+00  -148.58
   98.00     0.00     -26.42    1.58    1.59    0.03785    89.29  LEFT      6.70278E-02   139.20    1.68317E+00  -148.87
  100.00     0.00     -24.48    1.58    1.59    0.04724    89.10  LEFT      8.38064E-02   139.20    1.68317E+00  -149.16
  102.00     0.00     -22.89    1.58    1.60    0.05661    88.90  LEFT      1.00597E-01   139.19    1.68317E+00  -149.45
  104.00     0.00     -21.55    1.58    1.60    0.06594    88.70  LEFT      1.17400E-01   139.19    1.68317E+00  -149.74
  106.00     0.00     -20.39    1.58    1.61    0.07525    88.49  LEFT      1.34214E-01   139.18    1.68317E+00  -150.02
  108.00     0.00     -19.36    1.58    1.62    0.08452    88.27  LEFT      1.51035E-01   139.17    1.68317E+00  -150.30
  110.00     0.00     -18.44    1.58    1.62    0.09376    88.05  LEFT      1.67860E-01   139.17    1.68317E+00  -150.58
  112.00     0.00     -17.61    1.58    1.63    0.10295    87.83  LEFT      1.84683E-01   139.16    1.68317E+00  -150.85
  114.00     0.00     -16.86    1.58    1.64    0.11210    87.59  LEFT      2.01494E-01   139.15    1.68317E+00  -151.12
  116.00     0.00     -16.16    1.58    1.65    0.12119    87.36  LEFT      2.18284E-01   139.14    1.68317E+00  -151.39
  118.00     0.00     -15.52    1.58    1.66    0.13023    87.11  LEFT      2.35041E-01   139.13    1.68317E+00  -151.65
  120.00     0.00     -14.92    1.58    1.68    0.13919    86.87  LEFT      2.51749E-01   139.12    1.68317E+00  -151.91
  122.00     0.00     -14.37    1.58    1.69    0.14808    86.61  LEFT      2.68390E-01   139.11    1.68317E+00  -152.16
  124.00     0.00     -13.85    1.58    1.70    0.15688    86.36  LEFT      2.84946E-01   139.10    1.68317E+00  -152.41
  126.00     0.00     -13.36    1.58    1.72    0.16558    86.10  LEFT      3.01395E-01   139.09    1.68317E+00  -152.65
  128.00     0.00     -12.90    1.58    1.73    0.17416    85.84  LEFT      3.17711E-01   139.08    1.68317E+00  -152.88
  130.00     0.00     -12.47    1.58    1.75    0.18262    85.57  LEFT      3.33868E-01   139.07    1.68317E+00  -153.11
  132.00     0.00     -12.06    1.58    1.76    0.19093    85.30  LEFT      3.49836E-01   139.06    1.68317E+00  -153.33
  134.00     0.00     -11.68    1.58    1.78    0.19908    85.03  LEFT      3.65584E-01   139.05    1.68317E+00  -153.54
  136.00     0.00     -11.32    1.58    1.80    0.20706    84.76  LEFT      3.81078E-01   139.04    1.68317E+00  -153.75
  138.00     0.00     -10.98    1.58    1.82    0.21485    84.49  LEFT      3.96282E-01   139.03    1.68317E+00  -153.95
  140.00     0.00     -10.66    1.58    1.83    0.22242    84.22  LEFT      4.11160E-01   139.02    1.68317E+00  -154.14
  142.00     0.00     -10.36    1.58    1.85    0.22977    83.96  LEFT      4.25672E-01   139.01    1.68317E+00  -154.33
  144.00     0.00     -10.08    1.58    1.87    0.23687    83.70  LEFT      4.39779E-01   139.00    1.68317E+00  -154.50
  146.00     0.00      -9.81    1.58    1.89    0.24371    83.44  LEFT      4.53439E-01   138.99    1.68317E+00  -154.67
  148.00     0.00      -9.56    1.58    1.90    0.25027    83.18  LEFT      4.66610E-01   138.98    1.68317E+00  -154.83
  150.00     0.00      -9.33    1.58    1.92    0.25653    82.94  LEFT      4.79250E-01   138.97    1.68317E+00  -154.98
  152.00     0.00      -9.11    1.58    1.94    0.26247    82.70  LEFT      4.91318E-01   138.96    1.68317E+00  -155.13
  154.00     0.00      -8.91    1.58    1.95    0.26808    82.47  LEFT      5.02771E-01   138.96    1.68317E+00  -155.26
  156.00     0.00      -8.73    1.58    1.97    0.27334    82.25  LEFT      5.13569E-01   138.95    1.68317E+00  -155.38
  158.00     0.00      -8.56    1.58    1.98    0.27824    82.05  LEFT      5.23671E-01   138.94    1.68317E+00  -155.50
  160.00     0.00      -8.41    1.58    2.00    0.28276    81.85  LEFT      5.33038E-01   138.93    1.68317E+00  -155.60
  162.00     0.00      -8.27    1.58    2.01    0.28689    81.67  LEFT      5.41636E-01   138.93    1.68317E+00  -155.70
  164.00     0.00      -8.14    1.58    2.02    0.29062    81.51  LEFT      5.49428E-01   138.92    1.68317E+00  -155.78
  166.00     0.00      -8.03    1.58    2.03    0.29394    81.36  LEFT      5.56383E-01   138.92    1.68317E+00  -155.86
  168.00     0.00      -7.94    1.58    2.04    0.29683    81.23  LEFT      5.62472E-01   138.91    1.68317E+00  -155.93
  170.00     0.00      -7.86    1.58    2.05    0.29929    81.12  LEFT      5.67670E-01   138.91    1.68317E+00  -155.98
  172.00     0.00      -7.79    1.58    2.06    0.30132    81.03  LEFT      5.71954E-01   138.91    1.68317E+00  -156.03
  174.00     0.00      -7.74    1.58    2.06    0.30290    80.95  LEFT      5.75306E-01   138.90    1.68317E+00  -156.06
  176.00     0.00      -7.71    1.58    2.06    0.30403    80.90  LEFT      5.77711E-01   138.90    1.68317E+00  -156.09
  178.00     0.00      -7.69    1.58    2.07    0.30471    80.87  LEFT      5.79158E-01   138.90    1.68317E+00  -156.11
  180.00     0.00      -7.68    1.58    2.07    0.30493    80.86  LEFT      5.79641E-01   138.90    1.68317E+00  -156.11




                                 - - - - - - FREQUENCY - - - - - -

                                    FREQUENCY= 1.4100E+03 MHZ
                                    WAVELENGTH= 2.1262E-01 METERS




                    APPROXIMATE INTEGRATION EMPLOYED FOR SEGMENTS MORE THAN   1.000 WAVELENGTHS APART

                    THE EXTENDED THIN WIRE KERNEL WILL BE USED



                               - - - STRUCTURE IMPEDANCE LOADING - - -

                                   THIS STRUCTURE IS NOT LOADED



                                  - - - ANTENNA ENVIRONMENT - - -

                                            FREE SPACE



                                - - - MATRIX TIMING - - -

                        FILL=    0.000 SEC.,  FACTOR=    0.000 SEC.



                                            - - - NETWORK DATA - - -

      - FROM -    - TO -           TRANSMISSION LINE               -  -  SHUNT ADMITTANCES (MHOS)  -  -              LINE
      TAG  SEG.   TAG  SEG.      IMPEDANCE      LENGTH            - END ONE -                 - END TWO -            TYPE
      NO.   NO.   NO.   NO.         OHMS        METERS         REAL          IMAG.         REAL          IMAG.
        1    11     2    32     5.0000E+01    4.2500E-02    0.0000E+00    0.0000E+00    0.0000E+00    0.0000E+00   STRAIGHT



                           - - - STRUCTURE EXCITATION DATA AT NETWORK CONNECTION POINTS - - -

   TAG   SEG.    VOLTAGE (VOLTS)         CURRENT (AMPS)         IMPEDANCE (OHMS)        ADMITTANCE (MHOS)      POWER
   NO.   NO.    REAL        IMAG.       REAL        IMAG.       REAL        IMAG.       REAL        IMAG.     (WATTS)
     1    11-7.32714E-01-2.50959E+00 1.63490E-02-2.58076E-02 5.65585E+01-6.42210E+01 7.72319E-03 8.76952E-03 2.63937E-02
     2    32 1.00000E+00 0.00000E+00 7.72319E-03 8.76952E-03 5.65585E+01-6.42210E+01 7.72319E-03 8.76952E-03 3.86159E-03



                                          - - - ANTENNA INPUT PARAMETERS - - -

   TAG   SEG.    VOLTAGE (VOLTS)         CURRENT (AMPS)         IMPEDANCE (OHMS)        ADMITTANCE (MHOS)      POWER
   NO.   NO.    REAL        IMAG.       REAL        IMAG.       REAL        IMAG.       REAL        IMAG.     (WATTS)
     2    32 1.00000E+00 0.00000E+00 6.05106E-02-1.31572E-02 1.57800E+01 3.43113E+00 6.05106E-02-1.31572E-02 3.02553E-02



                             - - - CURRENTS AND LOCATION - - -

                                 DISTANCES IN WAVELENGTHS


  SEG.  TAG    COORD. OF SEG. CENTER     SEG.            - - - CURRENT (AMPS) - - -
  NO.   NO.     X        Y        Z      LENGTH     REAL        IMAG.       MAG.        PHASE
     1    1   0.0000  -0.2083   0.0235  0.02083   1.4227E-03 -2.8440E-03  3.1800E-03  -63.423
     2    1   0.0000  -0.1875   0.0235  0.02083   3.5532E-03 -6.9862E-03  7.8379E-03  -63.042
     3    1   0.0000  -0.1666   0.0235  0.02083   5.4637E-03 -1.0558E-02  1.1888E-02  -62.638
     4    1   0.0000  -0.1458   0.0235  0.02083   7.2646E-03 -1.3786E-02  1.5583E-02  -62.212
     5    1   0.0000  -0.1250   0.0235  0.02083   8.9571E-03 -1.6676E-02  1.8929E-02  -61.758
     6    1   0.0000  -0.1041   0.0235  0.02083   1.0531E-02 -1.9210E-02  2.1907E-02  -61.267
     7    1   0.0000  -0.0833   0.0235  0.02083   1.1975E-02 -2.1364E-02  2.4492E-02  -60.728
     8    1   0.0000  -0.0625   0.0235  0.02083   1.3279E-02 -2.3117E-02  2.6659E-02  -60.125
     9    1   0.0000  -0.0417   0.0235  0.02083   1.4442E-02 -2.4449E-02  2.8396E-02  -59.429
    10    1   0.0000  -0.0208   0.0235  0.02083   1.5506E-02 -2.5360E-02  2.9725E-02  -58.557
    11    1   0.0000   0.0000   0.0235  0.02083   1.6349E-02 -2.5808E-02  3.0550E-02  -57.646
    12    1   0.0000   0.0208   0.0235  0.02083   1.5506E-02 -2.5360E-02  2.9725E-02  -58.557
    13    1   0.0000   0.0417   0.0235  0.02083   1.4442E-02 -2.4449E-02  2.8396E-02  -59.429
    14    1   0.0000   0.0625   0.0235  0.02083   1.3279E-02 -2.3117E-02  2.6659E-02  -60.125
    15    1   0.0000   0.0833   0.0235  0.02083   1.1975E-02 -2.1364E-02  2.4492E-02  -60.728
    16    1   0.0000   0.1041   0.0235  0.02083   1.0531E-02 -1.9210E-02  2.1907E-02  -61.267
    17    1   0.0000   0.1250   0.0235  0.02083   8.9571E-03 -1.6676E-02  1.8929E-02  -61.758
    18    1   0.0000   0.1458   0.0235  0.02083   7.2646E-03 -1.3786E-02  1.5583E-02  -62.212
    19    1   0.0000   0.1666   0.0235  0.02083   5.4637E-03 -1.0558E-02  1.1888E-02  -62.638
    20    1   0.0000   0.1875   0.0235  0.02083   3.5532E-03 -6.9862E-03  7.8379E-03  -63.042
    21    1   0.0000   0.2083   0.0235  0.02083   1.4227E-03 -2.8440E-03  3.1800E-03  -63.423
    22    2  -0.2083   0.0000   0.0000  0.02083   8.9171E-04  8.2727E-04  1.2164E-03   42.853
    23    2  -0.1875   0.0000   0.0000  0.02083   2.1842E-03  2.0536E-03  2.9980E-03   43.234
    24    2  -0.1666   0.0000   0.0000  0.02083   3.2907E-03  3.1379E-03  4.5470E-03   43.638
    25    2  -0.1458   0.0000   0.0000  0.02083   4.2829E-03  4.1452E-03  5.9604E-03   44.064
    26    2  -0.1250   0.0000   0.0000  0.02083   5.1627E-03  5.0765E-03  7.2404E-03   44.518
    27    2  -0.1041   0.0000   0.0000  0.02083   5.9244E-03  5.9262E-03  8.3796E-03   45.009
    28    2  -0.0833   0.0000   0.0000  0.02083   6.5607E-03  6.6873E-03  9.3681E-03   45.548
    29    2  -0.0625   0.0000   0.0000  0.02083   7.0642E-03  7.3539E-03  1.0197E-02   46.151
    30    2  -0.0417   0.0000   0.0000  0.02083   7.4287E-03  7.9237E-03  1.0861E-02   46.847
    31    2  -0.0208   0.0000   0.0000  0.02083   7.6493E-03  8.4120E-03  1.1370E-02   47.719
    32    2   0.0000   0.0000   0.0000  0.02083   7.7232E-03  8.7695E-03  1.1686E-02   48.630
    33    2   0.0208   0.0000   0.0000  0.02083   7.6493E-03  8.4120E-03  1.1370E-02   47.719
    34    2   0.0417   0.0000   0.0000  0.02083   7.4287E-03  7.9237E-03  1.0861E-02   46.847
    35    2   0.0625   0.0000   0.0000  0.02083   7.0642E-03  7.3539E-03  1.0197E-02   46.151
    36    2   0.0833   0.0000   0.0000  0.02083   6.5607E-03  6.6873E-03  9.3681E-03   45.548
    37    2   0.1041   0.0000   0.0000  0.02083   5.9244E-03  5.9262E-03  8.3796E-03   45.009
    38    2   0.1250   0.0000   0.0000  0.02083   5.1627E-03  5.0765E-03  7.2404E-03   44.518
    39    2   0.1458   0.0000   0.0000  0.02083   4.2829E-03  4.1452E-03  5.9604E-03   44.064
    40    2   0.1666   0.0000   0.0000  0.02083   3.2907E-03  3.1379E-03  4.5470E-03   43.638
    41    2   0.1875   0.0000   0.0000  0.02083   2.1842E-03  2.0536E-03  2.9980E-03   43.234
    42    2   0.2083   0.0000   0.0000  0.02083   8.9171E-04  8.2727E-04  1.2164E-03   42.853



                                        - - - POWER BUDGET - - -

                                           INPUT POWER   = 3.0255E-02 WATTS
                                           RADIATED POWER= 3.0255E-02 WATTS
                                           STRUCTURE LOSS= 0.0000E+00 WATTS
                                           NETWORK LOSS  =-3.3307E-16 WATTS
                                           EFFICIENCY    = 100.00 PERCENT



                                                - - - RADIATION PATTERNS - - -

  - - ANGLES - -           - POWER GAINS -       - - - POLARIZATION - - -    - - - E(THETA) - - -    - - - E(PHI) - - -
  THETA     PHI        VERT.   HOR.    TOTAL      AXIAL     TILT   SENSE     MAGNITUDE    PHASE      MAGNITUDE    PHASE 
 DEGREES  DEGREES       DB      DB      DB        RATIO     DEG.              VOLTS/M    DEGREES      VOLTS/M    DEGREES
 -180.00     0.00      -6.87    1.48    2.07    0.33759    79.72  LEFT      6.10849E-01   135.85    1.59698E+00  -158.89
 -178.00     0.00      -6.88    1.48    2.07    0.33734    79.73  LEFT      6.10338E-01   135.85    1.59698E+00  -158.89
 -176.00     0.00      -6.90    1.48    2.07    0.33660    79.77  LEFT      6.08806E-01   135.85    1.59698E+00  -158.87
 -174.00     0.00      -6.93    1.48    2.06    0.33536    79.83  LEFT      6.06261E-01   135.85    1.59698E+00  -158.85
 -172.00     0.00      -6.98    1.48    2.06    0.33363    79.92  LEFT      6.02714E-01   135.86    1.59698E+00  -158.81
 -170.00     0.00      -7.05    1.48    2.05    0.33141    80.02  LEFT      5.98180E-01   135.86    1.59698E+00  -158.76
 -168.00     0.00      -7.13    1.48    2.04    0.32872    80.15  LEFT      5.92679E-01   135.86    1.59698E+00  -158.71
 -166.00     0.00      -7.23    1.48    2.03    0.32555    80.30  LEFT      5.86236E-01   135.87    1.59698E+00  -158.64
 -164.00     0.00      -7.33    1.48    2.02    0.32191    80.48  LEFT      5.78877E-01   135.87    1.59698E+00  -158.56
 -162.00     0.00      -7.46    1.48    2.00    0.31782    80.67  LEFT      5.70634E-01   135.88    1.59698E+00  -158.48
 -160.00     0.00      -7.60    1.48    1.99    0.31329    80.87  LEFT      5.61540E-01   135.88    1.59698E+00  -158.38
 -158.00     0.00      -7.75    1.48    1.97    0.30832    81.10  LEFT      5.51632E-01   135.89    1.59698E+00  -158.28
 -156.00     0.00      -7.92    1.48    1.95    0.30293    81.34  LEFT      5.40950E-01   135.90    1.59698E+00  -158.16
 -154.00     0.00      -8.11    1.48    1.93    0.29714    81.59  LEFT      5.29533E-01   135.91    1.59698E+00  -158.03
 -152.00     0.00      -8.31    1.48    1.91    0.29096    81.85  LEFT      5.17426E-01   135.91    1.59698E+00  -157.90
 -150.00     0.00      -8.53    1.48    1.89    0.28441    82.13  LEFT      5.04671E-01   135.92    1.59698E+00  -157.76
 -148.00     0.00      -8.76    1.48    1.87    0.27751    82.41  LEFT      4.91314E-01   135.93    1.59698E+00  -157.61
 -146.00     0.00      -9.01    1.48    1.85    0.27027    82.70  LEFT      4.77398E-01   135.94    1.59698E+00  -157.44
 -144.00     0.00      -9.28    1.48    1.83    0.26271    82.99  LEFT      4.62970E-01   135.95    1.59698E+00  -157.27
 -142.00     0.00      -9.56    1.48    1.81    0.25486    83.29  LEFT      4.48072E-01   135.96    1.59698E+00  -157.10
 -140.00     0.00      -9.86    1.48    1.79    0.24673    83.59  LEFT      4.32750E-01   135.97    1.59698E+00  -156.91
 -138.00     0.00     -10.18    1.48    1.77    0.23835    83.90  LEFT      4.17046E-01   135.98    1.59698E+00  -156.72
 -136.00     0.00     -10.52    1.48    1.75    0.22972    84.20  LEFT      4.01001E-01   135.99    1.59698E+00  -156.52
 -134.00     0.00     -10.89    1.48    1.72    0.22089    84.51  LEFT      3.84654E-01   136.01    1.59698E+00  -156.31
 -132.00     0.00     -11.27    1.48    1.70    0.21185    84.81  LEFT      3.68044E-01   136.02    1.59698E+00  -156.09
 -130.00     0.00     -11.68    1.48    1.68    0.20263    85.11  LEFT      3.51206E-01   136.03    1.59698E+00  -155.87
 -128.00     0.00     -12.11    1.48    1.67    0.19326    85.41  LEFT      3.34174E-01   136.04    1.59698E+00  -155.64
 -126.00     0.00     -12.57    1.48    1.65    0.18373    85.70  LEFT      3.16978E-01   136.05    1.59698E+00  -155.40
 -124.00     0.00     -13.05    1.48    1.63    0.17408    85.99  LEFT      2.99648E-01   136.06    1.59698E+00  -155.16
 -122.00     0.00     -13.58    1.48    1.61    0.16432    86.28  LEFT      2.82208E-01   136.07    1.59698E+00  -154.91
 -120.00     0.00     -14.13    1.48    1.60    0.15445    86.56  LEFT      2.64683E-01   136.08    1.59698E+00  -154.66
 -118.00     0.00     -14.73    1.48    1.58    0.14450    86.83  LEFT      2.47093E-01   136.09    1.59698E+00  -154.40
 -116.00     0.00     -15.37    1.48    1.57    0.13447    87.10  LEFT      2.29456E-01   136.10    1.59698E+00  -154.14
 -114.00     0.00     -16.07    1.48    1.56    0.12438    87.36  LEFT      2.11788E-01   136.11    1.59698E+00  -153.87
 -112.00     0.00     -16.83    1.48    1.54    0.11422    87.62  LEFT      1.94102E-01   136.12    1.59698E+00  -153.60
 -110.00     0.00     -17.66    1.48    1.53    0.10402    87.87  LEFT      1.76408E-01   136.13    1.59698E+00  -153.32
 -108.00     0.00     -18.57    1.48    1.52    0.09377    88.11  LEFT      1.58715E-01   136.13    1.59698E+00  -153.04
 -106.00     0.00     -19.60    1.48    1.51    0.08348    88.35  LEFT      1.41029E-01   136.14    1.59698E+00  -152.76
 -104.00     0.00     -20.76    1.48    1.51    0.07315    88.58  LEFT      1.23354E-01   136.15    1.59698E+00  -152.47
 -102.00     0.00     -22.11    1.48    1.50    0.06280    88.80  LEFT      1.05694E-01   136.15    1.59698E+00  -152.19
 -100.00     0.00     -23.69    1.48    1.49    0.05240    89.02  LEFT      8.80485E-02   136.16    1.59698E+00  -151.90
  -98.00     0.00     -25.63    1.48    1.49    0.04198    89.23  LEFT      7.04180E-02   136.16    1.59698E+00  -151.60
  -96.00     0.00     -28.13    1.48    1.48    0.03153    89.43  LEFT      5.28007E-02   136.16    1.59698E+00  -151.31
  -94.00     0.00     -31.66    1.48    1.48    0.02105    89.63  LEFT      3.51941E-02   136.16    1.59698E+00  -151.02
  -92.00     0.00     -37.68    1.48    1.48    0.01054    89.82  LEFT      1.75951E-02   136.17    1.59698E+00  -150.72
  -90.00     0.00    -999.99    1.48    1.48    0.00000    90.00  LINEAR    2.57234E-12   136.17    1.59698E+00  -150.43
  -88.00     0.00     -37.68    1.48    1.48    0.01057   -89.82  RIGHT     1.75951E-02   -43.83    1.59698E+00  -150.13
  -86.00     0.00     -31.66    1.48    1.48    0.02118   -89.65  RIGHT     3.51941E-02   -43.84    1.59698E+00  -149.84
  -84.00     0.00     -28.13    1.48    1.48    0.03183   -89.49  RIGHT     5.28007E-02   -43.84    1.59698E+00  -149.54
  -82.00     0.00     -25.63    1.48    1.49    0.04250   -89.33  RIGHT     7.04180E-02   -43.84    1.59698E+00  -149.25
  -80.00     0.00     -23.69    1.48    1.49    0.05322   -89.17  RIGHT     8.80485E-02   -43.84    1.59698E+00  -148.96
  -78.00     0.00     -22.11    1.48    1.50    0.06396   -89.03  RIGHT     1.05694E-01   -43.85    1.59698E+00  -148.67
  -76.00     0.00     -20.76    1.48    1.51    0.07475   -88.88  RIGHT     1.23354E-01   -43.85    1.59698E+00  -148.38
  -74.00     0.00     -19.60    1.48    1.51    0.08556   -88.75  RIGHT     1.41029E-01   -43.86    1.59698E+00  -148.09
  -72.00     0.00     -18.57    1.48    1.52    0.09640   -88.62  RIGHT     1.58715E-01   -43.87    1.59698E+00  -147.81
  -70.00     0.00     -17.66    1.48    1.53    0.10727   -88.49  RIGHT     1.76408E-01   -43.87    1.59698E+00  -147.53
  -68.00     0.00     -16.83    1.48    1.54    0.11815   -88.37  RIGHT     1.94102E-01   -43.88    1.59698E+00  -147.25
  -66.00     0.00     -16.07    1.48    1.56    0.12905   -88.25  RIGHT     2.11788E-01   -43.89    1.59698E+00  -146.98
  -64.00     0.00     -15.37    1.48    1.57    0.13996   -88.14  RIGHT     2.29456E-01   -43.90    1.59698E+00  -146.71
  -62.00     0.00     -14.73    1.48    1.58    0.15086   -88.03  RIGHT     2.47093E-01   -43.91    1.59698E+00  -146.45
  -60.00     0.00     -14.13    1.48    1.60    0.16174   -87.93  RIGHT     2.64683E-01   -43.92    1.59698E+00  -146.19
  -58.00     0.00     -13.58    1.48    1.61    0.17260   -87.83  RIGHT     2.82208E-01   -43.93    1.59698E+00  -145.94
  -56.00     0.00     -13.05    1.48    1.63    0.18342   -87.74  RIGHT     2.99648E-01   -43.94    1.59698E+00  -145.69
  -54.00     0.00     -12.57    1.48    1.65    0.19418   -87.65  RIGHT     3.16978E-01   -43.95    1.59698E+00  -145.45
  -52.00     0.00     -12.11    1.48    1.67    0.20487   -87.56  RIGHT     3.34174E-01   -43.96    1.59698E+00  -145.21
  -50.00     0.00     -11.68    1.48    1.68    0.21547   -87.48  RIGHT     3.51206E-01   -43.97    1.59698E+00  -144.98
  -48.00     0.00     -11.27    1.48    1.70    0.22595   -87.40  RIGHT     3.68044E-01   -43.98    1.59698E+00  -144.76
  -46.00     0.00     -10.89    1.48    1.72    0.23630   -87.33  RIGHT     3.84654E-01   -43.99    1.59698E+00  -144.55
  -44.00     0.00     -10.52    1.48    1.75    0.24650   -87.25  RIGHT     4.01001E-01   -44.01    1.59698E+00  -144.34
  -42.00     0.00     -10.18    1.48    1.77    0.25651   -87.19  RIGHT     4.17046E-01   -44.02    1.59698E+00  -144.13
  -40.00     0.00      -9.86    1.48    1.79    0.26631   -87.12  RIGHT     4.32750E-01   -44.03    1.59698E+00  -143.94
  -38.00     0.00      -9.56    1.48    1.81    0.27588   -87.06  RIGHT     4.48072E-01   -44.04    1.59698E+00  -143.76
  -36.00     0.00      -9.28    1.48    1.83    0.28519   -87.01  RIGHT     4.62970E-01   -44.05    1.59698E+00  -143.58
  -34.00     0.00      -9.01    1.48    1.85    0.29421   -86.96  RIGHT     4.77398E-01   -44.06    1.59698E+00  -143.41
  -32.00     0.00      -8.76    1.48    1.87    0.30291   -86.91  RIGHT     4.91314E-01   -44.07    1.59698E+00  -143.25
  -30.00     0.00      -8.53    1.48    1.89    0.31126   -86.86  RIGHT     5.04671E-01   -44.08    1.59698E+00  -143.09
  -28.00     0.00      -8.31    1.48    1.91    0.31924   -86.82  RIGHT     5.17426E-01   -44.09    1.59698E+00  -142.95
  -26.00     0.00      -8.11    1.48    1.93    0.32682   -86.78  RIGHT     5.29533E-01   -44.09    1.59698E+00  -142.82
  -24.00     0.00      -7.92    1.48    1.95    0.33397   -86.74  RIGHT     5.40950E-01   -44.10    1.59698E+00  -142.69
  -22.00     0.00      -7.75    1.48    1.97    0.34066   -86.71  RIGHT     5.51632E-01   -44.11    1.59698E+00  -142.58
  -20.00     0.00      -7.60    1.48    1.99    0.34686   -86.67  RIGHT     5.61540E-01   -44.12    1.59698E+00  -142.47
  -18.00     0.00      -7.46    1.48    2.00    0.35256   -86.65  RIGHT     5.70634E-01   -44.12    1.59698E+00  -142.37
  -16.00     0.00      -7.33    1.48    2.02    0.35772   -86.62  RIGHT     5.78877E-01   -44.13    1.59698E+00  -142.29
  -14.00     0.00      -7.23    1.48    2.03    0.36234   -86.60  RIGHT     5.86236E-01   -44.13    1.59698E+00  -142.21
  -12.00     0.00      -7.13    1.48    2.04    0.36637   -86.58  RIGHT     5.92679E-01   -44.14    1.59698E+00  -142.15
  -10.00     0.00      -7.05    1.48    2.05    0.36982   -86.56  RIGHT     5.98180E-01   -44.14    1.59698E+00  -142.09
   -8.00     0.00      -6.98    1.48    2.06    0.37266   -86.55  RIGHT     6.02714E-01   -44.14    1.59698E+00  -142.04
   -6.00     0.00      -6.93    1.48    2.06    0.37489   -86.54  RIGHT     6.06261E-01   -44.15    1.59698E+00  -142.01
   -4.00     0.00      -6.90    1.48    2.07    0.37648   -86.53  RIGHT     6.08806E-01   -44.15    1.59698E+00  -141.98
   -2.00     0.00      -6.88    1.48    2.07    0.37744   -86.53  RIGHT     6.10338E-01   -44.15    1.59698E+00  -141.97
    0.00     0.00      -6.87    1.48    2.07    0.37776   -86.53  RIGHT     6.10849E-01   -44.15    1.59698E+00  -141.96
    2.00     0.00      -6.88    1.48    2.07    0.37744   -86.53  RIGHT     6.10338E-01   -44.15    1.59698E+00  -141.97
    4.00     0.00      -6.90    1.48    2.07    0.37648   -86.53  RIGHT     6.08806E-01   -44.15    1.59698E+00  -141.98
    6.00     0.00      -6.93    1.48    2.06    0.37489   -86.54  RIGHT     6.06261E-01   -44.15    1.59698E+00  -142.01
    8.00     0.00      -6.98    1.48    2.06    0.37266   -86.55  RIGHT     6.02714E-01   -44.14    1.59698E+00  -142.04
   10.00     0.00      -7.05    1.48    2.05    0.36982   -86.56  RIGHT     5.98180E-01   -44.14    1.59698E+00  -142.09
   12.00     0.00      -7.13    1.48    2.04    0.36637   -86.58  RIGHT     5.92679E-01   -44.14    1.59698E+00  -142.15
   14.00     0.00      -7.23    1.48    2.03    0.36234   -86.60  RIGHT     5.86236E-01   -44.13    1.59698E+00  -142.21
   16.00     0.00      -7.33    1.48    2.02    0.35772   -86.62  RIGHT     5.78877E-01   -44.13    1.59698E+00  -142.29
   18.00     0.00      -7.46    1.48    2.00    0.35256   -86.65  RIGHT     5.70634E-01   -44.12    1.59698E+00  -142.37
   20.00     0.00      -7.60    1.48    1.99    0.34686   -86.67  RIGHT     5.61540E-01   -44.12    1.59698E+00  -142.47
   22.00     0.00      -7.75    1.48    1.97    0.34066   -86.71  RIGHT     5.51632E-01   -44.11    1.59698E+00  -142.58
   24.00     0.00      -7.92    1.48    1.95    0.33397   -86.74  RIGHT     5.40950E-01   -44.10    1.59698E+00  -142.69
   26.00     0.00      -8.11    1.48    1.93    0.32682   -86.78  RIGHT     5.29533E-01   -44.09    1.59698E+00  -142.82
   28.00     0.00      -8.31    1.48    1.91    0.31924   -86.82  RIGHT     5.17426E-01   -44.09    1.59698E+00  -142.95
   30.00     0.00      -8.53    1.48    1.89    0.31126   -86.86  RIGHT     5.04671E-01   -44.08    1.59698E+00  -143.09
   32.00     0.00      -8.76    1.48    1.87    0.30291   -86.91  RIGHT     4.91314E-01   -44.07    1.59698E+00  -143.25
   34.00     0.00      -9.01    1.48    1.85    0.29421   -86.96  RIGHT     4.77398E-01   -44.06    1.59698E+00  -143.41
   36.00     0.00      -9.28    1.48    1.83    0.28519   -87.01  RIGHT     4.62970E-01   -44.05    1.59698E+00  -143.58
   38.00     0.00      -9.56    1.48    1.81    0.27588   -87.06  RIGHT     4.48072E-01   -44.04    1.59698E+00  -143.76
   40.00     0.00      -9.86    1.48    1.79    0.26631   -87.12  RIGHT     4.32750E-01   -44.03    1.59698E+00  -143.94
   42.00     0.00     -10.18    1.48    1.77    0.25651   -87.19  RIGHT     4.17046E-01   -44.02    1.59698E+00  -144.13
   44.00     0.00     -10.52    1.48    1.75    0.24650   -87.25  RIGHT     4.01001E-01   -44.01    1.59698E+00  -144.34
   46.00     0.00     -10.89    1.48    1.72    0.23630   -87.33  RIGHT     3.84654E-01   -43.99    1.59698E+00  -144.55
   48.00     0.00     -11.27    1.48    1.70    0.22595   -87.40  RIGHT     3.68044E-01   -43.98    1.59698E+00  -144.76
   50.00     0.00     -11.68    1.48    1.68    0.21547   -87.48  RIGHT     3.51206E-01   -43.97    1.59698E+00  -144.98
   52.00     0.00     -12.11    1.48    1.67    0.20487   -87.56  RIGHT     3.34174E-01   -43.96    1.59698E+00  -145.21
   54.00     0.00     -12.57    1.48    1.65    0.19418   -87.65  RIGHT     3.16978E-01   -43.95    1.59698E+00  -145.45
   56.00     0.00     -13.05    1.48    1.63    0.18342   -87.74  RIGHT     2.99648E-01   -43.94    1.59698E+00  -145.69
   58.00     0.00     -13.58    1.48    1.61    0.17260   -87.83  RIGHT     2.82208E-01   -43.93    1.59698E+00  -145.94
   60.00     0.00     -14.13    1.48    1.60    0.16174   -87.93  RIGHT     2.64683E-01   -43.92    1.59698E+00  -146.19
   62.00     0.00     -14.73    1.48    1.58    0.15086   -88.03  RIGHT     2.47093E-01   -43.91    1.59698E+00  -146.45
   64.00     0.00     -15.37    1.48    1.57    0.13996   -88.14  RIGHT     2.29456E-01   -43.90    1.59698E+00  -146.71
   66.00     0.00     -16.07    1.48    1.56    0.12905   -88.25  RIGHT     2.11788E-01   -43.89    1.59698E+00  -146.98
   68.00     0.00     -16.83    1.48    1.54    0.11815   -88.37  RIGHT     1.94102E-01   -43.88    1.59698E+00  -147.25
   70.00     0.00     -17.66    1.48    1.53    0.10727   -88.49  RIGHT     1.76408E-01   -43.87    1.59698E+00  -147.53
   72.00     0.00     -18.57    1.48    1.52    0.09640   -88.62  RIGHT     1.58715E-01   -43.87    1.59698E+00  -147.81
   74.00     0.00     -19.60    1.48    1.51    0.08556   -88.75  RIGHT     1.41029E-01   -43.86    1.59698E+00  -148.09
   76.00     0.00     -20.76    1.48    1.51    0.07475   -88.88  RIGHT     1.23354E-01   -43.85    1.59698E+00  -148.38
   78.00     0.00     -22.11    1.48    1.50    0.06396   -89.03  RIGHT     1.05694E-01   -43.85    1.59698E+00  -148.67
   80.00     0.00     -23.69    1.48    1.49    0.05322   -89.17  RIGHT     8.80485E-02   -43.84    1.59698E+00  -148.96
   82.00     0.00     -25.63    1.48    1.49    0.04250   -89.33  RIGHT     7.04180E-02   -43.84    1.59698E+00  -149.25
   84.00     0.00     -28.13    1.48    1.48    0.03183   -89.49  RIGHT     5.28007E-02   -43.84    1.59698E+00  -149.54
   86.00     0.00     -31.66    1.48    1.48    0.02118   -89.65  RIGHT     3.51941E-02   -43.84    1.59698E+00  -149.84
   88.00     0.00     -37.68    1.48    1.48    0.01057   -89.82  RIGHT     1.75951E-02   -43.83    1.59698E+00  -150.13
   90.00     0.00    -999.99    1.48    1.48    0.00000    90.00  LINEAR    2.57234E-12   136.17    1.59698E+00  -150.43
   92.00     0.00     -37.68    1.48    1.48    0.01054    89.82  LEFT      1.75951E-02   136.17    1.59698E+00  -150.72
   94.00     0.00     -31.66    1.48    1.48    0.02105    89.63  LEFT      3.51941E-02   136.16    1.59698E+00  -151.02
   96.00     0.00     -28.13    1.48    1.48    0.03153    89.43  LEFT      5.28007E-02   136.16    1.59698E+00  -151.31
   98.00     0.00     -25.63    1.48    1.49    0.04198    89.23  LEFT      7.04180E-02   136.16    1.59698E+00  -151.60
  100.00     0.00     -23.69    1.48    1.49    0.05240    89.02  LEFT      8.80485E-02   136.16    1.59698E+00  -151.90
  102.00     0.00     -22.11    1.48    1.50    0.06280    88.80  LEFT      1.05694E-01   136.15    1.59698E+00  -152.19
  104.00     0.00     -20.76    1.48    1.51    0.07315    88.58  LEFT      1.23354E-01   136.15    1.59698E+00  -152.47
  106.00     0.00     -19.60    1.48    1.51    0.08348    88.35  LEFT      1.41029E-01   136.14    1.59698E+00  -152.76
  108.00     0.00     -18.57    1.48    1.52    0.09377    88.11  LEFT      1.58715E-01   136.13    1.59698E+00  -153.04
  110.00     0.00     -17.66    1.48    1.53    0.10402    87.87  LEFT      1.76408E-01   136.13    1.59698E+00  -153.32
  112.00     0.00     -16.83    1.48    1.54    0.11422    87.62  LEFT      1.94102E-01   136.12    1.59698E+00  -153.60
  114.00     0.00     -16.07    1.48    1.56    0.12438    87.36  LEFT      2.11788E-01   136.11    1.59698E+00  -153.87
  116.00     0.00     -15.37    1.48    1.57    0.13447    87.10  LEFT      2.29456E-01   136.10    1.59698E+00  -154.14
  118.00     0.00     -14.73    1.48    1.58    0.14450    86.83  LEFT      2.47093E-01   136.09    1.59698E+00  -154.40
  120.00     0.00     -14.13    1.48    1.60    0.15445    86.56  LEFT      2.64683E-01   136.08    1.59698E+00  -154.66
  122.00     0.00     -13.58    1.48    1.61    0.16432    86.28  LEFT      2.82208E-01   136.07    1.59698E+00  -154.91
  124.00     0.00     -13.05    1.48    1.63    0.17408    85.99  LEFT      2.99648E-01   136.06    1.59698E+00  -155.16
  126.00     0.00     -12.57    1.48    1.65    0.18373    85.70  LEFT      3.16978E-01   136.05    1.59698E+00  -155.40
  128.00     0.00     -12.11    1.48    1.67    0.19326    85.41  LEFT      3.34174E-01   136.04    1.59698E+00  -155.64
  130.00     0.00     -11.68    1.48    1.68    0.20263    85.11  LEFT      3.51206E-01   136.03    1.59698E+00  -155.87
  132.00     0.00     -11.27    1.48    1.70    0.21185    84.81  LEFT      3.68044E-01   136.02    1.59698E+00  -156.09
  134.00     0.00     -10.89    1.48    1.72    0.22089    84.51  LEFT      3.84654E-01   136.01    1.59698E+00  -156.31
  136.00     0.00     -10.52    1.48    1.75    0.22972    84.20  LEFT      4.01001E-01   135.99    1.59698E+00  -156.52
  138.00     0.00     -10.18    1.48    1.77    0.23835    83.90  LEFT      4.17046E-01   135.98    1.59698E+00  -156.72
  140.00     0.00      -9.86    1.48    1.79    0.24673    83.59  LEFT      4.32750E-01   135.97    1.59698E+00  -156.91
  142.00     0.00      -9.56    1.48    1.81    0.25486    83.29  LEFT      4.48072E-01   135.96    1.59698E+00  -157.10
  144.00     0.00      -9.28    1.48    1.83    0.26271    82.99  LEFT      4.62970E-01   135.95    1.59698E+00  -157.27
  146.00     0.00      -9.01    1.48    1.85    0.27027    82.70  LEFT      4.77398E-01   135.94    1.59698E+00  -157.44
  148.00     0.00      -8.76    1.48    1.87    0.27751    82.41  LEFT      4.91314E-01   135.93    1.59698E+00  -157.61
  150.00     0.00      -8.53    1.48    1.89    0.28441    82.13  LEFT      5.04671E-01   135.92    1.59698E+00  -157.76
  152.00     0.00      -8.31    1.48    1.91    0.29096    81.85  LEFT      5.17426E-01   135.91    1.59698E+00  -157.90
  154.00     0.00      -8.11    1.48    1.93    0.29714    81.59  LEFT      5.29533E-01   135.91    1.59698E+00  -158.03
  156.00     0.00      -7.92    1.48    1.95    0.30293    81.34  LEFT      5.40950E-01   135.90    1.59698E+00  -158.16
  158.00     0.00      -7.75    1.48    1.97    0.30832    81.10  LEFT      5.51632E-01   135.89    1.59698E+00  -158.28
  160.00     0.00      -7.60    1.48    1.99    0.31329    80.87  LEFT      5.61540E-01   135.88    1.59698E+00  -158.38
  162.00     0.00      -7.46    1.48    2.00    0.31782    80.67  LEFT      5.70634E-01   135.88    1.59698E+00  -158.48
  164.00     0.00      -7.33    1.48    2.02    0.32191    80.48  LEFT      5.78877E-01   135.87    1.59698E+00  -158.56
  166.00     0.00      -7.23    1.48    2.03    0.32555    80.30  LEFT      5.86236E-01   135.87    1.59698E+00  -158.64
  168.00     0.00      -7.13    1.48    2.04    0.32872    80.15  LEFT      5.92679E-01   135.86    1.59698E+00  -158.71
  170.00     0.00      -7.05    1.48    2.05    0.33141    80.02  LEFT      5.98180E-01   135.86    1.59698E+00  -158.76
  172.00     0.00      -6.98    1.48    2.06    0.33363    79.92  LEFT      6.02714E-01   135.86    1.59698E+00  -158.81
  174.00     0.00      -6.93    1.48    2.06    0.33536    79.83  LEFT      6.06261E-01   135.85    1.59698E+00  -158.85
  176.00     0.00      -6.90    1.48    2.07    0.33660    79.77  LEFT      6.08806E-01   135.85    1.59698E+00  -158.87
  178.00     0.00      -6.88    1.48    2.07    0.33734    79.73  LEFT      6.10338E-01   135.85    1.59698E+00  -158.89
  180.00     0.00      -6.87    1.48    2.07    0.33759    79.72  LEFT      6.10849E-01   135.85    1.59698E+00  -158.89




                                 - - - - - - FREQUENCY - - - - - -

                                    FREQUENCY= 1.4200E+03 MHZ
                                    WAVELENGTH= 2.1113E-01 METERS




                    APPROXIMATE INTEGRATION EMPLOYED FOR SEGMENTS MORE THAN   1.000 WAVELENGTHS APART

                    THE EXTENDED THIN WIRE KERNEL WILL BE USED



                               - - - STRUCTURE IMPEDANCE LOADING - - -

                                   THIS STRUCTURE IS NOT LOADED



                                  - - - ANTENNA ENVIRONMENT - - -

                                            FREE SPACE



                                - - - MATRIX TIMING - - -

                        FILL=    0.000 SEC.,  FACTOR=    0.000 SEC.



                                            - - - NETWORK DATA - - -

      - FROM -    - TO -           TRANSMISSION LINE               -  -  SHUNT ADMITTANCES (MHOS)  -  -              LINE
      TAG  SEG.   TAG  SEG.      IMPEDANCE      LENGTH            - END ONE -                 - END TWO -            TYPE
      NO.   NO.   NO.   NO.         OHMS        METERS         REAL          IMAG.         REAL          IMAG.
        1    11     2    32     5.0000E+01    4.2500E-02    0.0000E+00    0.0000E+00    0.0000E+00    0.0000E+00   STRAIGHT



                           - - - STRUCTURE EXCITATION DATA AT NETWORK CONNECTION POINTS - - -

   TAG   SEG.    VOLTAGE (VOLTS)         CURRENT (AMPS)         IMPEDANCE (OHMS)        ADMITTANCE (MHOS)      POWER
   NO.   NO.    REAL        IMAG.       REAL        IMAG.       REAL        IMAG.       REAL        IMAG.     (WATTS)
     1    11-6.25553E-01-2.28488E+00 1.44362E-02-2.49266E-02 5.77576E+01-5.85460E+01 8.53951E-03 8.65608E-03 2.39618E-02
     2    32 1.00000E+00 0.00000E+00 8.53951E-03 8.65608E-03 5.77576E+01-5.85460E+01 8.53951E-03 8.65608E-03 4.26975E-03



                                          - - - ANTENNA INPUT PARAMETERS - - -

   TAG   SEG.    VOLTAGE (VOLTS)         CURRENT (AMPS)         IMPEDANCE (OHMS)        ADMITTANCE (MHOS)      POWER
   NO.   NO.    REAL        IMAG.       REAL        IMAG.       REAL        IMAG.       REAL        IMAG.     (WATTS)
     2    32 1.00000E+00 0.00000E+00 5.64631E-02-1.07826E-02 1.70875E+01 3.26315E+00 5.64631E-02-1.07826E-02 2.82316E-02



                             - - - CURRENTS AND LOCATION - - -

                                 DISTANCES IN WAVELENGTHS


  SEG.  TAG    COORD. OF SEG. CENTER     SEG.            - - - CURRENT (AMPS) - - -
  NO.   NO.     X        Y        Z      LENGTH     REAL        IMAG.       MAG.        PHASE
     1    1   0.0000  -0.2098   0.0237  0.02098   1.2366E-03 -2.7542E-03  3.0191E-03  -65.820
     2    1   0.0000  -0.1888   0.0237  0.02098   3.0933E-03 -6.7669E-03  7.4404E-03  -65.434
     3    1   0.0000  -0.1678   0.0237  0.02098   4.7641E-03 -1.0227E-02  1.1282E-02  -65.023
     4    1   0.0000  -0.1468   0.0237  0.02098   6.3440E-03 -1.3354E-02  1.4785E-02  -64.590
     5    1   0.0000  -0.1259   0.0237  0.02098   7.8336E-03 -1.6153E-02  1.7952E-02  -64.128
     6    1   0.0000  -0.1049   0.0237  0.02098   9.2239E-03 -1.8605E-02  2.0766E-02  -63.629
     7    1   0.0000  -0.0839   0.0237  0.02098   1.0504E-02 -2.0686E-02  2.3200E-02  -63.079
     8    1   0.0000  -0.0629   0.0237  0.02098   1.1665E-02 -2.2374E-02  2.5233E-02  -62.463
     9    1   0.0000  -0.0420   0.0237  0.02098   1.2707E-02 -2.3651E-02  2.6849E-02  -61.752
    10    1   0.0000  -0.0210   0.0237  0.02098   1.3668E-02 -2.4515E-02  2.8068E-02  -60.859
    11    1   0.0000   0.0000   0.0237  0.02098   1.4436E-02 -2.4927E-02  2.8805E-02  -59.923
    12    1   0.0000   0.0210   0.0237  0.02098   1.3668E-02 -2.4515E-02  2.8068E-02  -60.859
    13    1   0.0000   0.0420   0.0237  0.02098   1.2707E-02 -2.3651E-02  2.6849E-02  -61.752
    14    1   0.0000   0.0629   0.0237  0.02098   1.1665E-02 -2.2374E-02  2.5233E-02  -62.463
    15    1   0.0000   0.0839   0.0237  0.02098   1.0504E-02 -2.0686E-02  2.3200E-02  -63.079
    16    1   0.0000   0.1049   0.0237  0.02098   9.2239E-03 -1.8605E-02  2.0766E-02  -63.629
    17    1   0.0000   0.1259   0.0237  0.02098   7.8336E-03 -1.6153E-02  1.7952E-02  -64.128
    18    1   0.0000   0.1468   0.0237  0.02098   6.3440E-03 -1.3354E-02  1.4785E-02  -64.590
    19    1   0.0000   0.1678   0.0237  0.02098   4.7641E-03 -1.0227E-02  1.1282E-02  -65.023
    20    1   0.0000   0.1888   0.0237  0.02098   3.0933E-03 -6.7669E-03  7.4404E-03  -65.434
    21    1   0.0000   0.2098   0.0237  0.02098   1.2366E-03 -2.7542E-03  3.0191E-03  -65.820
    22    2  -0.2098   0.0000   0.0000  0.02098   9.8352E-04  8.1049E-04  1.2744E-03   39.491
    23    2  -0.1888   0.0000   0.0000  0.02098   2.4103E-03  2.0137E-03  3.1408E-03   39.878
    24    2  -0.1678   0.0000   0.0000  0.02098   3.6329E-03  3.0796E-03  4.7625E-03   40.289
    25    2  -0.1468   0.0000   0.0000  0.02098   4.7300E-03  4.0715E-03  6.2410E-03   40.721
    26    2  -0.1259   0.0000   0.0000  0.02098   5.7034E-03  4.9899E-03  7.5781E-03   41.183
    27    2  -0.1049   0.0000   0.0000  0.02098   6.5467E-03  5.8293E-03  8.7658E-03   41.683
    28    2  -0.0839   0.0000   0.0000  0.02098   7.2513E-03  6.5825E-03  9.7934E-03   42.232
    29    2  -0.0629   0.0000   0.0000  0.02098   7.8092E-03  7.2435E-03  1.0651E-02   42.848
    30    2  -0.0420   0.0000   0.0000  0.02098   8.2131E-03  7.8100E-03  1.1334E-02   43.559
    31    2  -0.0210   0.0000   0.0000  0.02098   8.4576E-03  8.2975E-03  1.1848E-02   44.452
    32    2   0.0000   0.0000   0.0000  0.02098   8.5395E-03  8.6561E-03  1.2159E-02   45.388
    33    2   0.0210   0.0000   0.0000  0.02098   8.4576E-03  8.2975E-03  1.1848E-02   44.452
    34    2   0.0420   0.0000   0.0000  0.02098   8.2131E-03  7.8100E-03  1.1334E-02   43.559
    35    2   0.0629   0.0000   0.0000  0.02098   7.8092E-03  7.2435E-03  1.0651E-02   42.848
    36    2   0.0839   0.0000   0.0000  0.02098   7.2513E-03  6.5825E-03  9.7934E-03   42.232
    37    2   0.1049   0.0000   0.0000  0.02098   6.5467E-03  5.8293E-03  8.7658E-03   41.683
    38    2   0.1259   0.0000   0.0000  0.02098   5.7034E-03  4.9899E-03  7.5781E-03   41.183
    39    2   0.1468   0.0000   0.0000  0.02098   4.7300E-03  4.0715E-03  6.2410E-03   40.721
    40    2   0.1678   0.0000   0.0000  0.02098   3.6329E-03  3.0796E-03  4.7625E-03   40.289
    41    2   0.1888   0.0000   0.0000  0.02098   2.4103E-03  2.0137E-03  3.1408E-03   39.878
    42    2   0.2098   0.0000   0.0000  0.02098   9.8352E-04  8.1049E-04  1.2744E-03   39.491



                                        - - - POWER BUDGET - - -

                                           INPUT POWER   = 2.8232E-02 WATTS
                                           RADIATED POWER= 2.8232E-02 WATTS
                                           STRUCTURE LOSS= 0.0000E+00 WATTS
                                           NETWORK LOSS  = 1.8735E-16 WATTS
                                           EFFICIENCY    = 100.00 PERCENT



                                                - - - RADIATION PATTERNS - - -

  - - ANGLES - -           - POWER GAINS -       - - - POLARIZATION - - -    - - - E(THETA) - - -    - - - E(PHI) - - -
  THETA     PHI        VERT.   HOR.    TOTAL      AXIAL     TILT   SENSE     MAGNITUDE    PHASE      MAGNITUDE    PHASE 
 DEGREES  DEGREES       DB      DB      DB        RATIO     DEG.              VOLTS/M    DEGREES      VOLTS/M    DEGREES
 -180.00     0.00      -6.13    1.37    2.08    0.37342    78.73  LEFT      6.42684E-01   132.54    1.52250E+00  -161.30
 -178.00     0.00      -6.13    1.37    2.08    0.37315    78.74  LEFT      6.42144E-01   132.54    1.52250E+00  -161.29
 -176.00     0.00      -6.16    1.37    2.07    0.37233    78.78  LEFT      6.40525E-01   132.54    1.52250E+00  -161.28
 -174.00     0.00      -6.19    1.37    2.07    0.37098    78.85  LEFT      6.37836E-01   132.54    1.52250E+00  -161.25
 -172.00     0.00      -6.24    1.37    2.06    0.36909    78.95  LEFT      6.34088E-01   132.55    1.52250E+00  -161.21
 -170.00     0.00      -6.31    1.37    2.05    0.36666    79.07  LEFT      6.29298E-01   132.55    1.52250E+00  -161.17
 -168.00     0.00      -6.39    1.37    2.04    0.36371    79.22  LEFT      6.23486E-01   132.55    1.52250E+00  -161.11
 -166.00     0.00      -6.48    1.37    2.03    0.36023    79.40  LEFT      6.16679E-01   132.56    1.52250E+00  -161.04
 -164.00     0.00      -6.59    1.37    2.01    0.35624    79.59  LEFT      6.08906E-01   132.56    1.52250E+00  -160.97
 -162.00     0.00      -6.72    1.37    1.99    0.35175    79.81  LEFT      6.00199E-01   132.57    1.52250E+00  -160.88
 -160.00     0.00      -6.86    1.37    1.97    0.34676    80.05  LEFT      5.90596E-01   132.58    1.52250E+00  -160.78
 -158.00     0.00      -7.02    1.37    1.95    0.34130    80.30  LEFT      5.80134E-01   132.58    1.52250E+00  -160.68
 -156.00     0.00      -7.19    1.37    1.93    0.33537    80.57  LEFT      5.68856E-01   132.59    1.52250E+00  -160.56
 -154.00     0.00      -7.37    1.37    1.91    0.32899    80.86  LEFT      5.56805E-01   132.60    1.52250E+00  -160.43
 -152.00     0.00      -7.57    1.37    1.89    0.32218    81.16  LEFT      5.44026E-01   132.61    1.52250E+00  -160.30
 -150.00     0.00      -7.79    1.37    1.86    0.31495    81.47  LEFT      5.30567E-01   132.62    1.52250E+00  -160.15
 -148.00     0.00      -8.02    1.37    1.84    0.30733    81.78  LEFT      5.16475E-01   132.63    1.52250E+00  -160.00
 -146.00     0.00      -8.28    1.37    1.81    0.29933    82.11  LEFT      5.01797E-01   132.64    1.52250E+00  -159.84
 -144.00     0.00      -8.54    1.37    1.79    0.29097    82.44  LEFT      4.86581E-01   132.65    1.52250E+00  -159.67
 -142.00     0.00      -8.83    1.37    1.76    0.28229    82.77  LEFT      4.70874E-01   132.66    1.52250E+00  -159.49
 -140.00     0.00      -9.13    1.37    1.74    0.27329    83.11  LEFT      4.54723E-01   132.67    1.52250E+00  -159.30
 -138.00     0.00      -9.45    1.37    1.71    0.26400    83.44  LEFT      4.38174E-01   132.68    1.52250E+00  -159.11
 -136.00     0.00      -9.79    1.37    1.69    0.25445    83.78  LEFT      4.21269E-01   132.69    1.52250E+00  -158.90
 -134.00     0.00     -10.16    1.37    1.66    0.24466    84.12  LEFT      4.04051E-01   132.70    1.52250E+00  -158.69
 -132.00     0.00     -10.54    1.37    1.64    0.23464    84.45  LEFT      3.86560E-01   132.71    1.52250E+00  -158.48
 -130.00     0.00     -10.95    1.37    1.61    0.22442    84.78  LEFT      3.68834E-01   132.72    1.52250E+00  -158.25
 -128.00     0.00     -11.38    1.37    1.59    0.21403    85.11  LEFT      3.50908E-01   132.74    1.52250E+00  -158.02
 -126.00     0.00     -11.84    1.37    1.57    0.20347    85.43  LEFT      3.32815E-01   132.75    1.52250E+00  -157.78
 -124.00     0.00     -12.33    1.37    1.55    0.19277    85.74  LEFT      3.14585E-01   132.76    1.52250E+00  -157.54
 -122.00     0.00     -12.85    1.37    1.53    0.18194    86.05  LEFT      2.96245E-01   132.77    1.52250E+00  -157.29
 -120.00     0.00     -13.41    1.37    1.51    0.17100    86.35  LEFT      2.77820E-01   132.78    1.52250E+00  -157.03
 -118.00     0.00     -14.01    1.37    1.49    0.15997    86.65  LEFT      2.59332E-01   132.79    1.52250E+00  -156.77
 -116.00     0.00     -14.65    1.37    1.47    0.14885    86.94  LEFT      2.40799E-01   132.80    1.52250E+00  -156.51
 -114.00     0.00     -15.35    1.37    1.46    0.13766    87.22  LEFT      2.22237E-01   132.81    1.52250E+00  -156.24
 -112.00     0.00     -16.11    1.37    1.44    0.12641    87.49  LEFT      2.03661E-01   132.82    1.52250E+00  -155.96
 -110.00     0.00     -16.94    1.37    1.43    0.11510    87.76  LEFT      1.85081E-01   132.83    1.52250E+00  -155.69
 -108.00     0.00     -17.86    1.37    1.42    0.10375    88.02  LEFT      1.66506E-01   132.83    1.52250E+00  -155.41
 -106.00     0.00     -18.88    1.37    1.41    0.09235    88.27  LEFT      1.47942E-01   132.84    1.52250E+00  -155.12
 -104.00     0.00     -20.05    1.37    1.40    0.08092    88.51  LEFT      1.29394E-01   132.85    1.52250E+00  -154.83
 -102.00     0.00     -21.39    1.37    1.39    0.06945    88.75  LEFT      1.10863E-01   132.85    1.52250E+00  -154.54
 -100.00     0.00     -22.98    1.37    1.38    0.05795    88.97  LEFT      9.23506E-02   132.86    1.52250E+00  -154.25
  -98.00     0.00     -24.92    1.37    1.38    0.04643    89.19  LEFT      7.38560E-02   132.86    1.52250E+00  -153.96
  -96.00     0.00     -27.42    1.37    1.37    0.03487    89.41  LEFT      5.53770E-02   132.86    1.52250E+00  -153.66
  -94.00     0.00     -30.94    1.37    1.37    0.02328    89.61  LEFT      3.69106E-02   132.87    1.52250E+00  -153.37
  -92.00     0.00     -36.96    1.37    1.37    0.01165    89.81  LEFT      1.84530E-02   132.87    1.52250E+00  -153.07
  -90.00     0.00    -999.99    1.37    1.37    0.00000    90.00  LINEAR    2.69775E-12   132.87    1.52250E+00  -152.77
  -88.00     0.00     -36.96    1.37    1.37    0.01169   -89.82  RIGHT     1.84530E-02   -47.13    1.52250E+00  -152.47
  -86.00     0.00     -30.94    1.37    1.37    0.02341   -89.64  RIGHT     3.69106E-02   -47.13    1.52250E+00  -152.18
  -84.00     0.00     -27.42    1.37    1.37    0.03517   -89.47  RIGHT     5.53770E-02   -47.14    1.52250E+00  -151.88
  -82.00     0.00     -24.92    1.37    1.38    0.04697   -89.31  RIGHT     7.38560E-02   -47.14    1.52250E+00  -151.58
  -80.00     0.00     -22.98    1.37    1.38    0.05880   -89.15  RIGHT     9.23506E-02   -47.14    1.52250E+00  -151.29
  -78.00     0.00     -21.39    1.37    1.39    0.07068   -89.00  RIGHT     1.10863E-01   -47.15    1.52250E+00  -151.00
  -76.00     0.00     -20.05    1.37    1.40    0.08259   -88.85  RIGHT     1.29394E-01   -47.15    1.52250E+00  -150.71
  -74.00     0.00     -18.88    1.37    1.41    0.09453   -88.71  RIGHT     1.47942E-01   -47.16    1.52250E+00  -150.42
  -72.00     0.00     -17.86    1.37    1.42    0.10651   -88.58  RIGHT     1.66506E-01   -47.17    1.52250E+00  -150.14
  -70.00     0.00     -16.94    1.37    1.43    0.11851   -88.45  RIGHT     1.85081E-01   -47.17    1.52250E+00  -149.86
  -68.00     0.00     -16.11    1.37    1.44    0.13054   -88.33  RIGHT     2.03661E-01   -47.18    1.52250E+00  -149.58
  -66.00     0.00     -15.35    1.37    1.46    0.14258   -88.21  RIGHT     2.22237E-01   -47.19    1.52250E+00  -149.30
  -64.00     0.00     -14.65    1.37    1.47    0.15463   -88.10  RIGHT     2.40799E-01   -47.20    1.52250E+00  -149.03
  -62.00     0.00     -14.01    1.37    1.49    0.16668   -87.99  RIGHT     2.59332E-01   -47.21    1.52250E+00  -148.77
  -60.00     0.00     -13.41    1.37    1.51    0.17871   -87.89  RIGHT     2.77820E-01   -47.22    1.52250E+00  -148.51
  -58.00     0.00     -12.85    1.37    1.53    0.19072   -87.79  RIGHT     2.96245E-01   -47.23    1.52250E+00  -148.25
  -56.00     0.00     -12.33    1.37    1.55    0.20268   -87.70  RIGHT     3.14585E-01   -47.24    1.52250E+00  -148.00
  -54.00     0.00     -11.84    1.37    1.57    0.21458   -87.61  RIGHT     3.32815E-01   -47.25    1.52250E+00  -147.76
  -52.00     0.00     -11.38    1.37    1.59    0.22640   -87.52  RIGHT     3.50908E-01   -47.26    1.52250E+00  -147.52
  -50.00     0.00     -10.95    1.37    1.61    0.23812   -87.44  RIGHT     3.68834E-01   -47.28    1.52250E+00  -147.29
  -48.00     0.00     -10.54    1.37    1.64    0.24971   -87.37  RIGHT     3.86560E-01   -47.29    1.52250E+00  -147.07
  -46.00     0.00     -10.16    1.37    1.66    0.26117   -87.29  RIGHT     4.04051E-01   -47.30    1.52250E+00  -146.85
  -44.00     0.00      -9.79    1.37    1.69    0.27244   -87.23  RIGHT     4.21269E-01   -47.31    1.52250E+00  -146.64
  -42.00     0.00      -9.45    1.37    1.71    0.28353   -87.16  RIGHT     4.38174E-01   -47.32    1.52250E+00  -146.44
  -40.00     0.00      -9.13    1.37    1.74    0.29438   -87.10  RIGHT     4.54723E-01   -47.33    1.52250E+00  -146.24
  -38.00     0.00      -8.83    1.37    1.76    0.30497   -87.04  RIGHT     4.70874E-01   -47.34    1.52250E+00  -146.05
  -36.00     0.00      -8.54    1.37    1.79    0.31528   -86.99  RIGHT     4.86581E-01   -47.35    1.52250E+00  -145.87
  -34.00     0.00      -8.28    1.37    1.81    0.32527   -86.94  RIGHT     5.01797E-01   -47.36    1.52250E+00  -145.70
  -32.00     0.00      -8.02    1.37    1.84    0.33491   -86.89  RIGHT     5.16475E-01   -47.37    1.52250E+00  -145.54
  -30.00     0.00      -7.79    1.37    1.86    0.34417   -86.85  RIGHT     5.30567E-01   -47.38    1.52250E+00  -145.39
  -28.00     0.00      -7.57    1.37    1.89    0.35302   -86.81  RIGHT     5.44026E-01   -47.39    1.52250E+00  -145.24
  -26.00     0.00      -7.37    1.37    1.91    0.36141   -86.77  RIGHT     5.56805E-01   -47.40    1.52250E+00  -145.11
  -24.00     0.00      -7.19    1.37    1.93    0.36934   -86.74  RIGHT     5.68856E-01   -47.41    1.52250E+00  -144.98
  -22.00     0.00      -7.02    1.37    1.95    0.37675   -86.70  RIGHT     5.80134E-01   -47.42    1.52250E+00  -144.87
  -20.00     0.00      -6.86    1.37    1.97    0.38363   -86.67  RIGHT     5.90596E-01   -47.42    1.52250E+00  -144.76
  -18.00     0.00      -6.72    1.37    1.99    0.38995   -86.65  RIGHT     6.00199E-01   -47.43    1.52250E+00  -144.66
  -16.00     0.00      -6.59    1.37    2.01    0.39568   -86.63  RIGHT     6.08906E-01   -47.44    1.52250E+00  -144.58
  -14.00     0.00      -6.48    1.37    2.03    0.40079   -86.61  RIGHT     6.16679E-01   -47.44    1.52250E+00  -144.50
  -12.00     0.00      -6.39    1.37    2.04    0.40527   -86.59  RIGHT     6.23486E-01   -47.45    1.52250E+00  -144.43
  -10.00     0.00      -6.31    1.37    2.05    0.40910   -86.57  RIGHT     6.29298E-01   -47.45    1.52250E+00  -144.37
   -8.00     0.00      -6.24    1.37    2.06    0.41225   -86.56  RIGHT     6.34088E-01   -47.45    1.52250E+00  -144.33
   -6.00     0.00      -6.19    1.37    2.07    0.41472   -86.55  RIGHT     6.37836E-01   -47.46    1.52250E+00  -144.29
   -4.00     0.00      -6.16    1.37    2.07    0.41649   -86.55  RIGHT     6.40525E-01   -47.46    1.52250E+00  -144.27
   -2.00     0.00      -6.13    1.37    2.08    0.41755   -86.54  RIGHT     6.42144E-01   -47.46    1.52250E+00  -144.25
    0.00     0.00      -6.13    1.37    2.08    0.41791   -86.54  RIGHT     6.42684E-01   -47.46    1.52250E+00  -144.25
    2.00     0.00      -6.13    1.37    2.08    0.41755   -86.54  RIGHT     6.42144E-01   -47.46    1.52250E+00  -144.25
    4.00     0.00      -6.16    1.37    2.07    0.41649   -86.55  RIGHT     6.40525E-01   -47.46    1.52250E+00  -144.27
    6.00     0.00      -6.19    1.37    2.07    0.41472   -86.55  RIGHT     6.37836E-01   -47.46    1.52250E+00  -144.29
    8.00     0.00      -6.24    1.37    2.06    0.41225   -86.56  RIGHT     6.34088E-01   -47.45    1.52250E+00  -144.33
   10.00     0.00      -6.31    1.37    2.05    0.40910   -86.57  RIGHT     6.29298E-01   -47.45    1.52250E+00  -144.37
   12.00     0.00      -6.39    1.37    2.04    0.40527   -86.59  RIGHT     6.23486E-01   -47.45    1.52250E+00  -144.43
   14.00     0.00      -6.48    1.37    2.03    0.40079   -86.61  RIGHT     6.16679E-01   -47.44    1.52250E+00  -144.50
   16.00     0.00      -6.59    1.37    2.01    0.39568   -86.63  RIGHT     6.08906E-01   -47.44    1.52250E+00  -144.58
   18.00     0.00      -6.72    1.37    1.99    0.38995   -86.65  RIGHT     6.00199E-01   -47.43    1.52250E+00  -144.66
   20.00     0.00      -6.86    1.37    1.97    0.38363   -86.67  RIGHT     5.90596E-01   -47.42    1.52250E+00  -144.76
   22.00     0.00      -7.02    1.37    1.95    0.37675   -86.70  RIGHT     5.80134E-01   -47.42    1.52250E+00  -144.87
   24.00     0.00      -7.19    1.37    1.93    0.36934   -86.74  RIGHT     5.68856E-01   -47.41    1.52250E+00  -144.98
   26.00     0.00      -7.37    1.37    1.91    0.36141   -86.77  RIGHT     5.56805E-01   -47.40    1.52250E+00  -145.11
   28.00     0.00      -7.57    1.37    1.89    0.35302   -86.81  RIGHT     5.44026E-01   -47.39    1.52250E+00  -145.24
   30.00     0.00      -7.79    1.37    1.86    0.34417   -86.85  RIGHT     5.30567E-01   -47.38    1.52250E+00  -145.39
   32.00     0.00      -8.02    1.37    1.84    0.33491   -86.89  RIGHT     5.16475E-01   -47.37    1.52250E+00  -145.54
   34.00     0.00      -8.28    1.37    1.81    0.32527   -86.94  RIGHT     5.01797E-01   -47.36    1.52250E+00  -145.70
   36.00     0.00      -8.54    1.37    1.79    0.31528   -86.99  RIGHT     4.86581E-01   -47.35    1.52250E+00  -145.87
   38.00     0.00      -8.83    1.37    1.76    0.30497   -87.04  RIGHT     4.70874E-01   -47.34    1.52250E+00  -146.05
   40.00     0.00      -9.13    1.37    1.74    0.29438   -87.10  RIGHT     4.54723E-01   -47.33    1.52250E+00  -146.24
   42.00     0.00      -9.45    1.37    1.71    0.28353   -87.16  RIGHT     4.38174E-01   -47.32    1.52250E+00  -146.44
   44.00     0.00      -9.79    1.37    1.69    0.27244   -87.23  RIGHT     4.21269E-01   -47.31    1.52250E+00  -146.64
   46.00     0.00     -10.16    1.37    1.66    0.26117   -87.29  RIGHT     4.04051E-01   -47.30    1.52250E+00  -146.85
   48.00     0.00     -10.54    1.37    1.64    0.24971   -87.37  RIGHT     3.86560E-01   -47.29    1.52250E+00  -147.07
   50.00     0.00     -10.95    1.37    1.61    0.23812   -87.44  RIGHT     3.68834E-01   -47.28    1.52250E+00  -147.29
   52.00     0.00     -11.38    1.37    1.59    0.22640   -87.52  RIGHT     3.50908E-01   -47.26    1.52250E+00  -147.52
   54.00     0.00     -11.84    1.37    1.57    0.21458   -87.61  RIGHT     3.32815E-01   -47.25    1.52250E+00  -147.76
   56.00     0.00     -12.33    1.37    1.55    0.20268   -87.70  RIGHT     3.14585E-01   -47.24    1.52250E+00  -148.00
   58.00     0.00     -12.85    1.37    1.53    0.19072   -87.79  RIGHT     2.96245E-01   -47.23    1.52250E+00  -148.25
   60.00     0.00     -13.41    1.37    1.51    0.17871   -87.89  RIGHT     2.77820E-01   -47.22    1.52250E+00  -148.51
   62.00     0.00     -14.01    1.37    1.49    0.16668   -87.99  RIGHT     2.59332E-01   -47.21    1.52250E+00  -148.77
   64.00     0.00     -14.65    1.37    1.47    0.15463   -88.10  RIGHT     2.40799E-01   -47.20    1.52250E+00  -149.03
   66.00     0.00     -15.35    1.37    1.46    0.14258   -88.21  RIGHT     2.22237E-01   -47.19    1.52250E+00  -149.30
   68.00     0.00     -16.11    1.37    1.44    0.13054   -88.33  RIGHT     2.03661E-01   -47.18    1.52250E+00  -149.58
   70.00     0.00     -16.94    1.37    1.43    0.11851   -88.45  RIGHT     1.85081E-01   -47.17    1.52250E+00  -149.86
   72.00     0.00     -17.86    1.37    1.42    0.10651   -88.58  RIGHT     1.66506E-01   -47.17    1.52250E+00  -150.14
   74.00     0.00     -18.88    1.37    1.41    0.09453   -88.71  RIGHT     1.47942E-01   -47.16    1.52250E+00  -150.42
   76.00     0.00     -20.05    1.37    1.40    0.08259   -88.85  RIGHT     1.29394E-01   -47.15    1.52250E+00  -150.71
   78.00     0.00     -21.39    1.37    1.39    0.07068   -89.00  RIGHT     1.10863E-01   -47.15    1.52250E+00  -151.00
   80.00     0.00     -22.98    1.37    1.38    0.05880   -89.15  RIGHT     9.23506E-02   -47.14    1.52250E+00  -151.29
   82.00     0.00     -24.92    1.37    1.38    0.04697   -89.31  RIGHT     7.38560E-02   -47.14    1.52250E+00  -151.58
   84.00     0.00     -27.42    1.37    1.37    0.03517   -89.47  RIGHT     5.53770E-02   -47.14    1.52250E+00  -151.88
   86.00     0.00     -30.94    1.37    1.37    0.02341   -89.64  RIGHT     3.69106E-02   -47.13    1.52250E+00  -152.18
   88.00     0.00     -36.96    1.37    1.37    0.01169   -89.82  RIGHT     1.84530E-02   -47.13    1.52250E+00  -152.47
   90.00     0.00    -999.99    1.37    1.37    0.00000    90.00  LINEAR    2.69775E-12   132.87    1.52250E+00  -152.77
   92.00     0.00     -36.96    1.37    1.37    0.01165    89.81  LEFT      1.84530E-02   132.87    1.52250E+00  -153.07
   94.00     0.00     -30.94    1.37    1.37    0.02328    89.61  LEFT      3.69106E-02   132.87    1.52250E+00  -153.37
   96.00     0.00     -27.42    1.37    1.37    0.03487    89.41  LEFT      5.53770E-02   132.86    1.52250E+00  -153.66
   98.00     0.00     -24.92    1.37    1.38    0.04643    89.19  LEFT      7.38560E-02   132.86    1.52250E+00  -153.96
  100.00     0.00     -22.98    1.37    1.38    0.05795    88.97  LEFT      9.23506E-02   132.86    1.52250E+00  -154.25
  102.00     0.00     -21.39    1.37    1.39    0.06945    88.75  LEFT      1.10863E-01   132.85    1.52250E+00  -154.54
  104.00     0.00     -20.05    1.37    1.40    0.08092    88.51  LEFT      1.29394E-01   132.85    1.52250E+00  -154.83
  106.00     0.00     -18.88    1.37    1.41    0.09235    88.27  LEFT      1.47942E-01   132.84    1.52250E+00  -155.12
  108.00     0.00     -17.86    1.37    1.42    0.10375    88.02  LEFT      1.66506E-01   132.83    1.52250E+00  -155.41
  110.00     0.00     -16.94    1.37    1.43    0.11510    87.76  LEFT      1.85081E-01   132.83    1.52250E+00  -155.69
  112.00     0.00     -16.11    1.37    1.44    0.12641    87.49  LEFT      2.03661E-01   132.82    1.52250E+00  -155.96
  114.00     0.00     -15.35    1.37    1.46    0.13766    87.22  LEFT      2.22237E-01   132.81    1.52250E+00  -156.24
  116.00     0.00     -14.65    1.37    1.47    0.14885    86.94  LEFT      2.40799E-01   132.80    1.52250E+00  -156.51
  118.00     0.00     -14.01    1.37    1.49    0.15997    86.65  LEFT      2.59332E-01   132.79    1.52250E+00  -156.77
  120.00     0.00     -13.41    1.37    1.51    0.17100    86.35  LEFT      2.77820E-01   132.78    1.52250E+00  -157.03
  122.00     0.00     -12.85    1.37    1.53    0.18194    86.05  LEFT      2.96245E-01   132.77    1.52250E+00  -157.29
  124.00     0.00     -12.33    1.37    1.55    0.19277    85.74  LEFT      3.14585E-01   132.76    1.52250E+00  -157.54
  126.00     0.00     -11.84    1.37    1.57    0.20347    85.43  LEFT      3.32815E-01   132.75    1.52250E+00  -157.78
  128.00     0.00     -11.38    1.37    1.59    0.21403    85.11  LEFT      3.50908E-01   132.74    1.52250E+00  -158.02
  130.00     0.00     -10.95    1.37    1.61    0.22442    84.78  LEFT      3.68834E-01   132.72    1.52250E+00  -158.25
  132.00     0.00     -10.54    1.37    1.64    0.23464    84.45  LEFT      3.86560E-01   132.71    1.52250E+00  -158.48
  134.00     0.00     -10.16    1.37    1.66    0.24466    84.12  LEFT      4.04051E-01   132.70    1.52250E+00  -158.69
  136.00     0.00      -9.79    1.37    1.69    0.25445    83.78  LEFT      4.21269E-01   132.69    1.52250E+00  -158.90
  138.00     0.00      -9.45    1.37    1.71    0.26400    83.44  LEFT      4.38174E-01   132.68    1.52250E+00  -159.11
  140.00     0.00      -9.13    1.37    1.74    0.27329    83.11  LEFT      4.54723E-01   132.67    1.52250E+00  -159.30
  142.00     0.00      -8.83    1.37    1.76    0.28229    82.77  LEFT      4.70874E-01   132.66    1.52250E+00  -159.49
  144.00     0.00      -8.54    1.37    1.79    0.29097    82.44  LEFT      4.86581E-01   132.65    1.52250E+00  -159.67
  146.00     0.00      -8.28    1.37    1.81    0.29933    82.11  LEFT      5.01797E-01   132.64    1.52250E+00  -159.84
  148.00     0.00      -8.02    1.37    1.84    0.30733    81.78  LEFT      5.16475E-01   132.63    1.52250E+00  -160.00
  150.00     0.00      -7.79    1.37    1.86    0.31495    81.47  LEFT      5.30567E-01   132.62    1.52250E+00  -160.15
  152.00     0.00      -7.57    1.37    1.89    0.32218    81.16  LEFT      5.44026E-01   132.61    1.52250E+00  -160.30
  154.00     0.00      -7.37    1.37    1.91    0.32899    80.86  LEFT      5.56805E-01   132.60    1.52250E+00  -160.43
  156.00     0.00      -7.19    1.37    1.93    0.33537    80.57  LEFT      5.68856E-01   132.59    1.52250E+00  -160.56
  158.00     0.00      -7.02    1.37    1.95    0.34130    80.30  LEFT      5.80134E-01   132.58    1.52250E+00  -160.68
  160.00     0.00      -6.86    1.37    1.97    0.34676    80.05  LEFT      5.90596E-01   132.58    1.52250E+00  -160.78
  162.00     0.00      -6.72    1.37    1.99    0.35175    79.81  LEFT      6.00199E-01   132.57    1.52250E+00  -160.88
  164.00     0.00      -6.59    1.37    2.01    0.35624    79.59  LEFT      6.08906E-01   132.56    1.52250E+00  -160.97
  166.00     0.00      -6.48    1.37    2.03    0.36023    79.40  LEFT      6.16679E-01   132.56    1.52250E+00  -161.04
  168.00     0.00      -6.39    1.37    2.04    0.36371    79.22  LEFT      6.23486E-01   132.55    1.52250E+00  -161.11
  170.00     0.00      -6.31    1.37    2.05    0.36666    79.07  LEFT      6.29298E-01   132.55    1.52250E+00  -161.17
  172.00     0.00      -6.24    1.37    2.06    0.36909    78.95  LEFT      6.34088E-01   132.55    1.52250E+00  -161.21
  174.00     0.00      -6.19    1.37    2.07    0.37098    78.85  LEFT      6.37836E-01   132.54    1.52250E+00  -161.25
  176.00     0.00      -6.16    1.37    2.07    0.37233    78.78  LEFT      6.40525E-01   132.54    1.52250E+00  -161.28
  178.00     0.00      -6.13    1.37    2.08    0.37315    78.74  LEFT      6.42144E-01   132.54    1.52250E+00  -161.29
  180.00     0.00      -6.13    1.37    2.08    0.37342    78.73  LEFT      6.42684E-01   132.54    1.52250E+00  -161.30




                                 - - - - - - FREQUENCY - - - - - -

                                    FREQUENCY= 1.4300E+03 MHZ
                                    WAVELENGTH= 2.0965E-01 METERS




                    APPROXIMATE INTEGRATION EMPLOYED FOR SEGMENTS MORE THAN   1.000 WAVELENGTHS APART

                    THE EXTENDED THIN WIRE KERNEL WILL BE USED



                               - - - STRUCTURE IMPEDANCE LOADING - - -

                                   THIS STRUCTURE IS NOT LOADED



                                  - - - ANTENNA ENVIRONMENT - - -

                                            FREE SPACE



                                - - - MATRIX TIMING - - -

                        FILL=    0.016 SEC.,  FACTOR=    0.000 SEC.



                                            - - - NETWORK DATA - - -

      - FROM -    - TO -           TRANSMISSION LINE               -  -  SHUNT ADMITTANCES (MHOS)  -  -              LINE
      TAG  SEG.   TAG  SEG.      IMPEDANCE      LENGTH            - END ONE -                 - END TWO -            TYPE
      NO.   NO.   NO.   NO.         OHMS        METERS         REAL          IMAG.         REAL          IMAG.
        1    11     2    32     5.0000E+01    4.2500E-02    0.0000E+00    0.0000E+00    0.0000E+00    0.0000E+00   STRAIGHT



                           - - - STRUCTURE EXCITATION DATA AT NETWORK CONNECTION POINTS - - -

   TAG   SEG.    VOLTAGE (VOLTS)         CURRENT (AMPS)         IMPEDANCE (OHMS)        ADMITTANCE (MHOS)      POWER
   NO.   NO.    REAL        IMAG.       REAL        IMAG.       REAL        IMAG.       REAL        IMAG.     (WATTS)
     1    11-5.14754E-01-2.09931E+00 1.28536E-02-2.40679E-02 5.89803E+01-5.28862E+01 9.39831E-03 8.42724E-03 2.19548E-02
     2    32 1.00000E+00 0.00000E+00 9.39831E-03 8.42724E-03 5.89803E+01-5.28862E+01 9.39831E-03 8.42724E-03 4.69915E-03



                                          - - - ANTENNA INPUT PARAMETERS - - -

   TAG   SEG.    VOLTAGE (VOLTS)         CURRENT (AMPS)         IMPEDANCE (OHMS)        ADMITTANCE (MHOS)      POWER
   NO.   NO.    REAL        IMAG.       REAL        IMAG.       REAL        IMAG.       REAL        IMAG.     (WATTS)
     2    32 1.00000E+00 0.00000E+00 5.33080E-02-8.46223E-03 1.82978E+01 2.90464E+00 5.33080E-02-8.46223E-03 2.66540E-02



                             - - - CURRENTS AND LOCATION - - -

                                 DISTANCES IN WAVELENGTHS


  SEG.  TAG    COORD. OF SEG. CENTER     SEG.            - - - CURRENT (AMPS) - - -
  NO.   NO.     X        Y        Z      LENGTH     REAL        IMAG.       MAG.        PHASE
     1    1   0.0000  -0.2112   0.0238  0.02112   1.0827E-03 -2.6684E-03  2.8797E-03  -67.915
     2    1   0.0000  -0.1901   0.0238  0.02112   2.7130E-03 -6.5570E-03  7.0961E-03  -67.522
     3    1   0.0000  -0.1690   0.0238  0.02112   4.1853E-03 -9.9104E-03  1.0758E-02  -67.105
     4    1   0.0000  -0.1479   0.0238  0.02112   5.5823E-03 -1.2940E-02  1.4093E-02  -66.666
     5    1   0.0000  -0.1267   0.0238  0.02112   6.9039E-03 -1.5650E-02  1.7106E-02  -66.196
     6    1   0.0000  -0.1056   0.0238  0.02112   8.1420E-03 -1.8022E-02  1.9776E-02  -65.687
     7    1   0.0000  -0.0845   0.0238  0.02112   9.2867E-03 -2.0031E-02  2.2079E-02  -65.127
     8    1   0.0000  -0.0634   0.0238  0.02112   1.0330E-02 -2.1656E-02  2.3994E-02  -64.499
     9    1   0.0000  -0.0422   0.0238  0.02112   1.1272E-02 -2.2879E-02  2.5505E-02  -63.772
    10    1   0.0000  -0.0211   0.0238  0.02112   1.2147E-02 -2.3694E-02  2.6626E-02  -62.857
    11    1   0.0000   0.0000   0.0238  0.02112   1.2854E-02 -2.4068E-02  2.7285E-02  -61.895
    12    1   0.0000   0.0211   0.0238  0.02112   1.2147E-02 -2.3694E-02  2.6626E-02  -62.857
    13    1   0.0000   0.0422   0.0238  0.02112   1.1272E-02 -2.2879E-02  2.5505E-02  -63.772
    14    1   0.0000   0.0634   0.0238  0.02112   1.0330E-02 -2.1656E-02  2.3994E-02  -64.499
    15    1   0.0000   0.0845   0.0238  0.02112   9.2867E-03 -2.0031E-02  2.2079E-02  -65.127
    16    1   0.0000   0.1056   0.0238  0.02112   8.1420E-03 -1.8022E-02  1.9776E-02  -65.687
    17    1   0.0000   0.1267   0.0238  0.02112   6.9039E-03 -1.5650E-02  1.7106E-02  -66.196
    18    1   0.0000   0.1479   0.0238  0.02112   5.5823E-03 -1.2940E-02  1.4093E-02  -66.666
    19    1   0.0000   0.1690   0.0238  0.02112   4.1853E-03 -9.9104E-03  1.0758E-02  -67.105
    20    1   0.0000   0.1901   0.0238  0.02112   2.7130E-03 -6.5570E-03  7.0961E-03  -67.522
    21    1   0.0000   0.2112   0.0238  0.02112   1.0827E-03 -2.6684E-03  2.8797E-03  -67.915
    22    2  -0.2112   0.0000   0.0000  0.02112   1.0797E-03  7.8050E-04  1.3323E-03   35.862
    23    2  -0.1901   0.0000   0.0000  0.02112   2.6474E-03  1.9415E-03  3.2830E-03   36.255
    24    2  -0.1690   0.0000   0.0000  0.02112   3.9919E-03  2.9725E-03  4.9771E-03   36.672
    25    2  -0.1479   0.0000   0.0000  0.02112   5.1995E-03  3.9340E-03  6.5201E-03   37.112
    26    2  -0.1267   0.0000   0.0000  0.02112   6.2715E-03  4.8265E-03  7.9137E-03   37.581
    27    2  -0.1056   0.0000   0.0000  0.02112   7.2007E-03  5.6441E-03  9.1491E-03   38.090
    28    2  -0.0845   0.0000   0.0000  0.02112   7.9776E-03  6.3798E-03  1.0215E-02   38.650
    29    2  -0.0634   0.0000   0.0000  0.02112   8.5927E-03  7.0276E-03  1.1101E-02   39.278
    30    2  -0.0422   0.0000   0.0000  0.02112   9.0382E-03  7.5854E-03  1.1799E-02   40.006
    31    2  -0.0211   0.0000   0.0000  0.02112   9.3080E-03  8.0687E-03  1.2318E-02   40.921
    32    2   0.0000   0.0000   0.0000  0.02112   9.3983E-03  8.4272E-03  1.2623E-02   41.882
    33    2   0.0211   0.0000   0.0000  0.02112   9.3080E-03  8.0687E-03  1.2318E-02   40.921
    34    2   0.0422   0.0000   0.0000  0.02112   9.0382E-03  7.5854E-03  1.1799E-02   40.006
    35    2   0.0634   0.0000   0.0000  0.02112   8.5927E-03  7.0276E-03  1.1101E-02   39.278
    36    2   0.0845   0.0000   0.0000  0.02112   7.9776E-03  6.3798E-03  1.0215E-02   38.650
    37    2   0.1056   0.0000   0.0000  0.02112   7.2007E-03  5.6441E-03  9.1491E-03   38.090
    38    2   0.1267   0.0000   0.0000  0.02112   6.2715E-03  4.8265E-03  7.9137E-03   37.581
    39    2   0.1479   0.0000   0.0000  0.02112   5.1995E-03  3.9340E-03  6.5201E-03   37.112
    40    2   0.1690   0.0000   0.0000  0.02112   3.9919E-03  2.9725E-03  4.9771E-03   36.672
    41    2   0.1901   0.0000   0.0000  0.02112   2.6474E-03  1.9415E-03  3.2830E-03   36.255
    42    2   0.2112   0.0000   0.0000  0.02112   1.0797E-03  7.8050E-04  1.3323E-03   35.862



                                        - - - POWER BUDGET - - -

                                           INPUT POWER   = 2.6654E-02 WATTS
                                           RADIATED POWER= 2.6654E-02 WATTS
                                           STRUCTURE LOSS= 0.0000E+00 WATTS
                                           NETWORK LOSS  = 8.3267E-17 WATTS
                                           EFFICIENCY    = 100.00 PERCENT



                                                - - - RADIATION PATTERNS - - -

  - - ANGLES - -           - POWER GAINS -       - - - POLARIZATION - - -    - - - E(THETA) - - -    - - - E(PHI) - - -
  THETA     PHI        VERT.   HOR.    TOTAL      AXIAL     TILT   SENSE     MAGNITUDE    PHASE      MAGNITUDE    PHASE 
 DEGREES  DEGREES       DB      DB      DB        RATIO     DEG.              VOLTS/M    DEGREES      VOLTS/M    DEGREES
 -180.00     0.00      -5.46    1.24    2.08    0.41234    77.94  LEFT      6.74612E-01   128.96    1.45817E+00  -163.40
 -178.00     0.00      -5.46    1.24    2.08    0.41204    77.95  LEFT      6.74043E-01   128.96    1.45817E+00  -163.39
 -176.00     0.00      -5.48    1.24    2.08    0.41115    78.00  LEFT      6.72336E-01   128.97    1.45817E+00  -163.38
 -174.00     0.00      -5.52    1.24    2.07    0.40966    78.08  LEFT      6.69501E-01   128.97    1.45817E+00  -163.35
 -172.00     0.00      -5.57    1.24    2.06    0.40758    78.19  LEFT      6.65550E-01   128.97    1.45817E+00  -163.32
 -170.00     0.00      -5.64    1.24    2.05    0.40492    78.33  LEFT      6.60500E-01   128.97    1.45817E+00  -163.27
 -168.00     0.00      -5.72    1.24    2.04    0.40168    78.50  LEFT      6.54374E-01   128.98    1.45817E+00  -163.21
 -166.00     0.00      -5.82    1.24    2.02    0.39786    78.70  LEFT      6.47200E-01   128.98    1.45817E+00  -163.14
 -164.00     0.00      -5.93    1.24    2.00    0.39348    78.92  LEFT      6.39008E-01   128.99    1.45817E+00  -163.07
 -162.00     0.00      -6.05    1.24    1.98    0.38854    79.16  LEFT      6.29833E-01   128.99    1.45817E+00  -162.98
 -160.00     0.00      -6.19    1.24    1.96    0.38306    79.43  LEFT      6.19714E-01   129.00    1.45817E+00  -162.88
 -158.00     0.00      -6.35    1.24    1.94    0.37704    79.72  LEFT      6.08692E-01   129.01    1.45817E+00  -162.77
 -156.00     0.00      -6.52    1.24    1.91    0.37050    80.02  LEFT      5.96812E-01   129.02    1.45817E+00  -162.66
 -154.00     0.00      -6.71    1.24    1.89    0.36347    80.34  LEFT      5.84120E-01   129.02    1.45817E+00  -162.53
 -152.00     0.00      -6.91    1.24    1.86    0.35595    80.67  LEFT      5.70665E-01   129.03    1.45817E+00  -162.39
 -150.00     0.00      -7.13    1.24    1.83    0.34796    81.01  LEFT      5.56495E-01   129.04    1.45817E+00  -162.25
 -148.00     0.00      -7.36    1.24    1.80    0.33954    81.36  LEFT      5.41661E-01   129.05    1.45817E+00  -162.09
 -146.00     0.00      -7.61    1.24    1.77    0.33070    81.72  LEFT      5.26215E-01   129.06    1.45817E+00  -161.93
 -144.00     0.00      -7.88    1.24    1.74    0.32146    82.08  LEFT      5.10205E-01   129.07    1.45817E+00  -161.76
 -142.00     0.00      -8.17    1.24    1.71    0.31184    82.45  LEFT      4.93683E-01   129.08    1.45817E+00  -161.58
 -140.00     0.00      -8.47    1.24    1.68    0.30188    82.81  LEFT      4.76698E-01   129.10    1.45817E+00  -161.39
 -138.00     0.00      -8.79    1.24    1.65    0.29160    83.18  LEFT      4.59298E-01   129.11    1.45817E+00  -161.19
 -136.00     0.00      -9.14    1.24    1.62    0.28103    83.54  LEFT      4.41529E-01   129.12    1.45817E+00  -160.99
 -134.00     0.00      -9.50    1.24    1.59    0.27018    83.91  LEFT      4.23435E-01   129.13    1.45817E+00  -160.78
 -132.00     0.00      -9.89    1.24    1.56    0.25909    84.26  LEFT      4.05059E-01   129.14    1.45817E+00  -160.56
 -130.00     0.00     -10.29    1.24    1.53    0.24777    84.62  LEFT      3.86441E-01   129.16    1.45817E+00  -160.33
 -128.00     0.00     -10.73    1.24    1.51    0.23626    84.96  LEFT      3.67618E-01   129.17    1.45817E+00  -160.10
 -126.00     0.00     -11.19    1.24    1.48    0.22457    85.30  LEFT      3.48625E-01   129.18    1.45817E+00  -159.86
 -124.00     0.00     -11.68    1.24    1.46    0.21272    85.64  LEFT      3.29493E-01   129.19    1.45817E+00  -159.61
 -122.00     0.00     -12.20    1.24    1.43    0.20074    85.96  LEFT      3.10252E-01   129.20    1.45817E+00  -159.36
 -120.00     0.00     -12.76    1.24    1.41    0.18863    86.28  LEFT      2.90926E-01   129.21    1.45817E+00  -159.11
 -118.00     0.00     -13.36    1.24    1.39    0.17643    86.59  LEFT      2.71538E-01   129.22    1.45817E+00  -158.84
 -116.00     0.00     -14.00    1.24    1.37    0.16414    86.89  LEFT      2.52109E-01   129.23    1.45817E+00  -158.58
 -114.00     0.00     -14.70    1.24    1.35    0.15177    87.18  LEFT      2.32655E-01   129.24    1.45817E+00  -158.31
 -112.00     0.00     -15.46    1.24    1.33    0.13933    87.46  LEFT      2.13190E-01   129.25    1.45817E+00  -158.03
 -110.00     0.00     -16.29    1.24    1.32    0.12685    87.74  LEFT      1.93725E-01   129.26    1.45817E+00  -157.75
 -108.00     0.00     -17.21    1.24    1.30    0.11431    88.00  LEFT      1.74270E-01   129.27    1.45817E+00  -157.47
 -106.00     0.00     -18.24    1.24    1.29    0.10174    88.26  LEFT      1.54830E-01   129.28    1.45817E+00  -157.18
 -104.00     0.00     -19.40    1.24    1.28    0.08913    88.51  LEFT      1.35410E-01   129.28    1.45817E+00  -156.89
 -102.00     0.00     -20.75    1.24    1.27    0.07648    88.75  LEFT      1.16012E-01   129.29    1.45817E+00  -156.60
 -100.00     0.00     -22.33    1.24    1.26    0.06381    88.98  LEFT      9.66351E-02   129.29    1.45817E+00  -156.30
  -98.00     0.00     -24.27    1.24    1.25    0.05111    89.20  LEFT      7.72795E-02   129.30    1.45817E+00  -156.01
  -96.00     0.00     -26.78    1.24    1.25    0.03838    89.41  LEFT      5.79423E-02   129.30    1.45817E+00  -155.71
  -94.00     0.00     -30.30    1.24    1.24    0.02562    89.61  LEFT      3.86196E-02   129.30    1.45817E+00  -155.41
  -92.00     0.00     -36.32    1.24    1.24    0.01282    89.81  LEFT      1.93072E-02   129.30    1.45817E+00  -155.11
  -90.00     0.00    -999.99    1.24    1.24    0.00000    90.00  LINEAR    2.82262E-12   129.30    1.45817E+00  -154.81
  -88.00     0.00     -36.32    1.24    1.24    0.01286   -89.82  RIGHT     1.93072E-02   -50.70    1.45817E+00  -154.51
  -86.00     0.00     -30.30    1.24    1.24    0.02575   -89.65  RIGHT     3.86196E-02   -50.70    1.45817E+00  -154.21
  -84.00     0.00     -26.78    1.24    1.25    0.03868   -89.48  RIGHT     5.79423E-02   -50.70    1.45817E+00  -153.92
  -82.00     0.00     -24.27    1.24    1.25    0.05165   -89.32  RIGHT     7.72795E-02   -50.70    1.45817E+00  -153.62
  -80.00     0.00     -22.33    1.24    1.26    0.06466   -89.17  RIGHT     9.66351E-02   -50.71    1.45817E+00  -153.32
  -78.00     0.00     -20.75    1.24    1.27    0.07771   -89.02  RIGHT     1.16012E-01   -50.71    1.45817E+00  -153.03
  -76.00     0.00     -19.40    1.24    1.28    0.09079   -88.88  RIGHT     1.35410E-01   -50.72    1.45817E+00  -152.74
  -74.00     0.00     -18.24    1.24    1.29    0.10392   -88.75  RIGHT     1.54830E-01   -50.72    1.45817E+00  -152.45
  -72.00     0.00     -17.21    1.24    1.30    0.11708   -88.62  RIGHT     1.74270E-01   -50.73    1.45817E+00  -152.16
  -70.00     0.00     -16.29    1.24    1.32    0.13027   -88.50  RIGHT     1.93725E-01   -50.74    1.45817E+00  -151.88
  -68.00     0.00     -15.46    1.24    1.33    0.14348   -88.39  RIGHT     2.13190E-01   -50.75    1.45817E+00  -151.60
  -66.00     0.00     -14.70    1.24    1.35    0.15671   -88.28  RIGHT     2.32655E-01   -50.76    1.45817E+00  -151.32
  -64.00     0.00     -14.00    1.24    1.37    0.16995   -88.18  RIGHT     2.52109E-01   -50.77    1.45817E+00  -151.05
  -62.00     0.00     -13.36    1.24    1.39    0.18319   -88.08  RIGHT     2.71538E-01   -50.78    1.45817E+00  -150.78
  -60.00     0.00     -12.76    1.24    1.41    0.19641   -87.99  RIGHT     2.90926E-01   -50.79    1.45817E+00  -150.52
  -58.00     0.00     -12.20    1.24    1.43    0.20960   -87.90  RIGHT     3.10252E-01   -50.80    1.45817E+00  -150.26
  -56.00     0.00     -11.68    1.24    1.46    0.22275   -87.82  RIGHT     3.29493E-01   -50.81    1.45817E+00  -150.01
  -54.00     0.00     -11.19    1.24    1.48    0.23583   -87.75  RIGHT     3.48625E-01   -50.82    1.45817E+00  -149.77
  -52.00     0.00     -10.73    1.24    1.51    0.24883   -87.67  RIGHT     3.67618E-01   -50.83    1.45817E+00  -149.53
  -50.00     0.00     -10.29    1.24    1.53    0.26171   -87.61  RIGHT     3.86441E-01   -50.84    1.45817E+00  -149.29
  -48.00     0.00      -9.89    1.24    1.56    0.27447   -87.54  RIGHT     4.05059E-01   -50.86    1.45817E+00  -149.07
  -46.00     0.00      -9.50    1.24    1.59    0.28707   -87.48  RIGHT     4.23435E-01   -50.87    1.45817E+00  -148.85
  -44.00     0.00      -9.14    1.24    1.62    0.29948   -87.43  RIGHT     4.41529E-01   -50.88    1.45817E+00  -148.64
  -42.00     0.00      -8.79    1.24    1.65    0.31167   -87.38  RIGHT     4.59298E-01   -50.89    1.45817E+00  -148.43
  -40.00     0.00      -8.47    1.24    1.68    0.32361   -87.33  RIGHT     4.76698E-01   -50.90    1.45817E+00  -148.24
  -38.00     0.00      -8.17    1.24    1.71    0.33527   -87.29  RIGHT     4.93683E-01   -50.92    1.45817E+00  -148.05
  -36.00     0.00      -7.88    1.24    1.74    0.34662   -87.25  RIGHT     5.10205E-01   -50.93    1.45817E+00  -147.87
  -34.00     0.00      -7.61    1.24    1.77    0.35762   -87.21  RIGHT     5.26215E-01   -50.94    1.45817E+00  -147.70
  -32.00     0.00      -7.36    1.24    1.80    0.36824   -87.18  RIGHT     5.41661E-01   -50.95    1.45817E+00  -147.53
  -30.00     0.00      -7.13    1.24    1.83    0.37844   -87.15  RIGHT     5.56495E-01   -50.96    1.45817E+00  -147.38
  -28.00     0.00      -6.91    1.24    1.86    0.38818   -87.12  RIGHT     5.70665E-01   -50.97    1.45817E+00  -147.23
  -26.00     0.00      -6.71    1.24    1.89    0.39744   -87.10  RIGHT     5.84120E-01   -50.98    1.45817E+00  -147.10
  -24.00     0.00      -6.52    1.24    1.91    0.40617   -87.07  RIGHT     5.96812E-01   -50.98    1.45817E+00  -146.97
  -22.00     0.00      -6.35    1.24    1.94    0.41434   -87.05  RIGHT     6.08692E-01   -50.99    1.45817E+00  -146.85
  -20.00     0.00      -6.19    1.24    1.96    0.42193   -87.04  RIGHT     6.19714E-01   -51.00    1.45817E+00  -146.75
  -18.00     0.00      -6.05    1.24    1.98    0.42889   -87.02  RIGHT     6.29833E-01   -51.01    1.45817E+00  -146.65
  -16.00     0.00      -5.93    1.24    2.00    0.43521   -87.01  RIGHT     6.39008E-01   -51.01    1.45817E+00  -146.56
  -14.00     0.00      -5.82    1.24    2.02    0.44085   -87.00  RIGHT     6.47200E-01   -51.02    1.45817E+00  -146.48
  -12.00     0.00      -5.72    1.24    2.04    0.44579   -86.99  RIGHT     6.54374E-01   -51.02    1.45817E+00  -146.42
  -10.00     0.00      -5.64    1.24    2.05    0.45000   -86.98  RIGHT     6.60500E-01   -51.03    1.45817E+00  -146.36
   -8.00     0.00      -5.57    1.24    2.06    0.45348   -86.97  RIGHT     6.65550E-01   -51.03    1.45817E+00  -146.31
   -6.00     0.00      -5.52    1.24    2.07    0.45620   -86.97  RIGHT     6.69501E-01   -51.03    1.45817E+00  -146.27
   -4.00     0.00      -5.48    1.24    2.08    0.45815   -86.96  RIGHT     6.72336E-01   -51.03    1.45817E+00  -146.25
   -2.00     0.00      -5.46    1.24    2.08    0.45933   -86.96  RIGHT     6.74043E-01   -51.04    1.45817E+00  -146.23
    0.00     0.00      -5.46    1.24    2.08    0.45972   -86.96  RIGHT     6.74612E-01   -51.04    1.45817E+00  -146.23
    2.00     0.00      -5.46    1.24    2.08    0.45933   -86.96  RIGHT     6.74043E-01   -51.04    1.45817E+00  -146.23
    4.00     0.00      -5.48    1.24    2.08    0.45815   -86.96  RIGHT     6.72336E-01   -51.03    1.45817E+00  -146.25
    6.00     0.00      -5.52    1.24    2.07    0.45620   -86.97  RIGHT     6.69501E-01   -51.03    1.45817E+00  -146.27
    8.00     0.00      -5.57    1.24    2.06    0.45348   -86.97  RIGHT     6.65550E-01   -51.03    1.45817E+00  -146.31
   10.00     0.00      -5.64    1.24    2.05    0.45000   -86.98  RIGHT     6.60500E-01   -51.03    1.45817E+00  -146.36
   12.00     0.00      -5.72    1.24    2.04    0.44579   -86.99  RIGHT     6.54374E-01   -51.02    1.45817E+00  -146.42
   14.00     0.00      -5.82    1.24    2.02    0.44085   -87.00  RIGHT     6.47200E-01   -51.02    1.45817E+00  -146.48
   16.00     0.00      -5.93    1.24    2.00    0.43521   -87.01  RIGHT     6.39008E-01   -51.01    1.45817E+00  -146.56
   18.00     0.00      -6.05    1.24    1.98    0.42889   -87.02  RIGHT     6.29833E-01   -51.01    1.45817E+00  -146.65
   20.00     0.00      -6.19    1.24    1.96    0.42193   -87.04  RIGHT     6.19714E-01   -51.00    1.45817E+00  -146.75
   22.00     0.00      -6.35    1.24    1.94    0.41434   -87.05  RIGHT     6.08692E-01   -50.99    1.45817E+00  -146.85
   24.00     0.00      -6.52    1.24    1.91    0.40617   -87.07  RIGHT     5.96812E-01   -50.98    1.45817E+00  -146.97
   26.00     0.00      -6.71    1.24    1.89    0.39744   -87.10  RIGHT     5.84120E-01   -50.98    1.45817E+00  -147.10
   28.00     0.00      -6.91    1.24    1.86    0.38818   -87.12  RIGHT     5.70665E-01   -50.97    1.45817E+00  -147.23
   30.00     0.00      -7.13    1.24    1.83    0.37844   -87.15  RIGHT     5.56495E-01   -50.96    1.45817E+00  -147.38
   32.00     0.00      -7.36    1.24    1.80    0.36824   -87.18  RIGHT     5.41661E-01   -50.95    1.45817E+00  -147.53
   34.00     0.00      -7.61    1.24    1.77    0.35762   -87.21  RIGHT     5.26215E-01   -50.94    1.45817E+00  -147.70
   36.00     0.00      -7.88    1.24    1.74    0.34662   -87.25  RIGHT     5.10205E-01   -50.93    1.45817E+00  -147.87
   38.00     0.00      -8.17    1.24    1.71    0.33527   -87.29  RIGHT     4.93683E-01   -50.92    1.45817E+00  -148.05
   40.00     0.00      -8.47    1.24    1.68    0.32361   -87.33  RIGHT     4.76698E-01   -50.90    1.45817E+00  -148.24
   42.00     0.00      -8.79    1.24    1.65    0.31167   -87.38  RIGHT     4.59298E-01   -50.89    1.45817E+00  -148.43
   44.00     0.00      -9.14    1.24    1.62    0.29948   -87.43  RIGHT     4.41529E-01   -50.88    1.45817E+00  -148.64
   46.00     0.00      -9.50    1.24    1.59    0.28707   -87.48  RIGHT     4.23435E-01   -50.87    1.45817E+00  -148.85
   48.00     0.00      -9.89    1.24    1.56    0.27447   -87.54  RIGHT     4.05059E-01   -50.86    1.45817E+00  -149.07
   50.00     0.00     -10.29    1.24    1.53    0.26171   -87.61  RIGHT     3.86441E-01   -50.84    1.45817E+00  -149.29
   52.00     0.00     -10.73    1.24    1.51    0.24883   -87.67  RIGHT     3.67618E-01   -50.83    1.45817E+00  -149.53
   54.00     0.00     -11.19    1.24    1.48    0.23583   -87.75  RIGHT     3.48625E-01   -50.82    1.45817E+00  -149.77
   56.00     0.00     -11.68    1.24    1.46    0.22275   -87.82  RIGHT     3.29493E-01   -50.81    1.45817E+00  -150.01
   58.00     0.00     -12.20    1.24    1.43    0.20960   -87.90  RIGHT     3.10252E-01   -50.80    1.45817E+00  -150.26
   60.00     0.00     -12.76    1.24    1.41    0.19641   -87.99  RIGHT     2.90926E-01   -50.79    1.45817E+00  -150.52
   62.00     0.00     -13.36    1.24    1.39    0.18319   -88.08  RIGHT     2.71538E-01   -50.78    1.45817E+00  -150.78
   64.00     0.00     -14.00    1.24    1.37    0.16995   -88.18  RIGHT     2.52109E-01   -50.77    1.45817E+00  -151.05
   66.00     0.00     -14.70    1.24    1.35    0.15671   -88.28  RIGHT     2.32655E-01   -50.76    1.45817E+00  -151.32
   68.00     0.00     -15.46    1.24    1.33    0.14348   -88.39  RIGHT     2.13190E-01   -50.75    1.45817E+00  -151.60
   70.00     0.00     -16.29    1.24    1.32    0.13027   -88.50  RIGHT     1.93725E-01   -50.74    1.45817E+00  -151.88
   72.00     0.00     -17.21    1.24    1.30    0.11708   -88.62  RIGHT     1.74270E-01   -50.73    1.45817E+00  -152.16
   74.00     0.00     -18.24    1.24    1.29    0.10392   -88.75  RIGHT     1.54830E-01   -50.72    1.45817E+00  -152.45
   76.00     0.00     -19.40    1.24    1.28    0.09079   -88.88  RIGHT     1.35410E-01   -50.72    1.45817E+00  -152.74
   78.00     0.00     -20.75    1.24    1.27    0.07771   -89.02  RIGHT     1.16012E-01   -50.71    1.45817E+00  -153.03
   80.00     0.00     -22.33    1.24    1.26    0.06466   -89.17  RIGHT     9.66351E-02   -50.71    1.45817E+00  -153.32
   82.00     0.00     -24.27    1.24    1.25    0.05165   -89.32  RIGHT     7.72795E-02   -50.70    1.45817E+00  -153.62
   84.00     0.00     -26.78    1.24    1.25    0.03868   -89.48  RIGHT     5.79423E-02   -50.70    1.45817E+00  -153.92
   86.00     0.00     -30.30    1.24    1.24    0.02575   -89.65  RIGHT     3.86196E-02   -50.70    1.45817E+00  -154.21
   88.00     0.00     -36.32    1.24    1.24    0.01286   -89.82  RIGHT     1.93072E-02   -50.70    1.45817E+00  -154.51
   90.00     0.00    -999.99    1.24    1.24    0.00000    90.00  LINEAR    2.82262E-12   129.30    1.45817E+00  -154.81
   92.00     0.00     -36.32    1.24    1.24    0.01282    89.81  LEFT      1.93072E-02   129.30    1.45817E+00  -155.11
   94.00     0.00     -30.30    1.24    1.24    0.02562    89.61  LEFT      3.86196E-02   129.30    1.45817E+00  -155.41
   96.00     0.00     -26.78    1.24    1.25    0.03838    89.41  LEFT      5.79423E-02   129.30    1.45817E+00  -155.71
   98.00     0.00     -24.27    1.24    1.25    0.05111    89.20  LEFT      7.72795E-02   129.30    1.45817E+00  -156.01
  100.00     0.00     -22.33    1.24    1.26    0.06381    88.98  LEFT      9.66351E-02   129.29    1.45817E+00  -156.30
  102.00     0.00     -20.75    1.24    1.27    0.07648    88.75  LEFT      1.16012E-01   129.29    1.45817E+00  -156.60
  104.00     0.00     -19.40    1.24    1.28    0.08913    88.51  LEFT      1.35410E-01   129.28    1.45817E+00  -156.89
  106.00     0.00     -18.24    1.24    1.29    0.10174    88.26  LEFT      1.54830E-01   129.28    1.45817E+00  -157.18
  108.00     0.00     -17.21    1.24    1.30    0.11431    88.00  LEFT      1.74270E-01   129.27    1.45817E+00  -157.47
  110.00     0.00     -16.29    1.24    1.32    0.12685    87.74  LEFT      1.93725E-01   129.26    1.45817E+00  -157.75
  112.00     0.00     -15.46    1.24    1.33    0.13933    87.46  LEFT      2.13190E-01   129.25    1.45817E+00  -158.03
  114.00     0.00     -14.70    1.24    1.35    0.15177    87.18  LEFT      2.32655E-01   129.24    1.45817E+00  -158.31
  116.00     0.00     -14.00    1.24    1.37    0.16414    86.89  LEFT      2.52109E-01   129.23    1.45817E+00  -158.58
  118.00     0.00     -13.36    1.24    1.39    0.17643    86.59  LEFT      2.71538E-01   129.22    1.45817E+00  -158.84
  120.00     0.00     -12.76    1.24    1.41    0.18863    86.28  LEFT      2.90926E-01   129.21    1.45817E+00  -159.11
  122.00     0.00     -12.20    1.24    1.43    0.20074    85.96  LEFT      3.10252E-01   129.20    1.45817E+00  -159.36
  124.00     0.00     -11.68    1.24    1.46    0.21272    85.64  LEFT      3.29493E-01   129.19    1.45817E+00  -159.61
  126.00     0.00     -11.19    1.24    1.48    0.22457    85.30  LEFT      3.48625E-01   129.18    1.45817E+00  -159.86
  128.00     0.00     -10.73    1.24    1.51    0.23626    84.96  LEFT      3.67618E-01   129.17    1.45817E+00  -160.10
  130.00     0.00     -10.29    1.24    1.53    0.24777    84.62  LEFT      3.86441E-01   129.16    1.45817E+00  -160.33
  132.00     0.00      -9.89    1.24    1.56    0.25909    84.26  LEFT      4.05059E-01   129.14    1.45817E+00  -160.56
  134.00     0.00      -9.50    1.24    1.59    0.27018    83.91  LEFT      4.23435E-01   129.13    1.45817E+00  -160.78
  136.00     0.00      -9.14    1.24    1.62    0.28103    83.54  LEFT      4.41529E-01   129.12    1.45817E+00  -160.99
  138.00     0.00      -8.79    1.24    1.65    0.29160    83.18  LEFT      4.59298E-01   129.11    1.45817E+00  -161.19
  140.00     0.00      -8.47    1.24    1.68    0.30188    82.81  LEFT      4.76698E-01   129.10    1.45817E+00  -161.39
  142.00     0.00      -8.17    1.24    1.71    0.31184    82.45  LEFT      4.93683E-01   129.08    1.45817E+00  -161.58
  144.00     0.00      -7.88    1.24    1.74    0.32146    82.08  LEFT      5.10205E-01   129.07    1.45817E+00  -161.76
  146.00     0.00      -7.61    1.24    1.77    0.33070    81.72  LEFT      5.26215E-01   129.06    1.45817E+00  -161.93
  148.00     0.00      -7.36    1.24    1.80    0.33954    81.36  LEFT      5.41661E-01   129.05    1.45817E+00  -162.09
  150.00     0.00      -7.13    1.24    1.83    0.34796    81.01  LEFT      5.56495E-01   129.04    1.45817E+00  -162.25
  152.00     0.00      -6.91    1.24    1.86    0.35595    80.67  LEFT      5.70665E-01   129.03    1.45817E+00  -162.39
  154.00     0.00      -6.71    1.24    1.89    0.36347    80.34  LEFT      5.84120E-01   129.02    1.45817E+00  -162.53
  156.00     0.00      -6.52    1.24    1.91    0.37050    80.02  LEFT      5.96812E-01   129.02    1.45817E+00  -162.66
  158.00     0.00      -6.35    1.24    1.94    0.37704    79.72  LEFT      6.08692E-01   129.01    1.45817E+00  -162.77
  160.00     0.00      -6.19    1.24    1.96    0.38306    79.43  LEFT      6.19714E-01   129.00    1.45817E+00  -162.88
  162.00     0.00      -6.05    1.24    1.98    0.38854    79.16  LEFT      6.29833E-01   128.99    1.45817E+00  -162.98
  164.00     0.00      -5.93    1.24    2.00    0.39348    78.92  LEFT      6.39008E-01   128.99    1.45817E+00  -163.07
  166.00     0.00      -5.82    1.24    2.02    0.39786    78.70  LEFT      6.47200E-01   128.98    1.45817E+00  -163.14
  168.00     0.00      -5.72    1.24    2.04    0.40168    78.50  LEFT      6.54374E-01   128.98    1.45817E+00  -163.21
  170.00     0.00      -5.64    1.24    2.05    0.40492    78.33  LEFT      6.60500E-01   128.97    1.45817E+00  -163.27
  172.00     0.00      -5.57    1.24    2.06    0.40758    78.19  LEFT      6.65550E-01   128.97    1.45817E+00  -163.32
  174.00     0.00      -5.52    1.24    2.07    0.40966    78.08  LEFT      6.69501E-01   128.97    1.45817E+00  -163.35
  176.00     0.00      -5.48    1.24    2.08    0.41115    78.00  LEFT      6.72336E-01   128.97    1.45817E+00  -163.38
  178.00     0.00      -5.46    1.24    2.08    0.41204    77.95  LEFT      6.74043E-01   128.96    1.45817E+00  -163.39
  180.00     0.00      -5.46    1.24    2.08    0.41234    77.94  LEFT      6.74612E-01   128.96    1.45817E+00  -163.40




                                 - - - - - - FREQUENCY - - - - - -

                                    FREQUENCY= 1.4400E+03 MHZ
                                    WAVELENGTH= 2.0819E-01 METERS




                    APPROXIMATE INTEGRATION EMPLOYED FOR SEGMENTS MORE THAN   1.000 WAVELENGTHS APART

                    THE EXTENDED THIN WIRE KERNEL WILL BE USED



                               - - - STRUCTURE IMPEDANCE LOADING - - -

                                   THIS STRUCTURE IS NOT LOADED



                                  - - - ANTENNA ENVIRONMENT - - -

                                            FREE SPACE



                                - - - MATRIX TIMING - - -

                        FILL=    0.000 SEC.,  FACTOR=    0.000 SEC.



                                            - - - NETWORK DATA - - -

      - FROM -    - TO -           TRANSMISSION LINE               -  -  SHUNT ADMITTANCES (MHOS)  -  -              LINE
      TAG  SEG.   TAG  SEG.      IMPEDANCE      LENGTH            - END ONE -                 - END TWO -            TYPE
      NO.   NO.   NO.   NO.         OHMS        METERS         REAL          IMAG.         REAL          IMAG.
        1    11     2    32     5.0000E+01    4.2500E-02    0.0000E+00    0.0000E+00    0.0000E+00    0.0000E+00   STRAIGHT



                           - - - STRUCTURE EXCITATION DATA AT NETWORK CONNECTION POINTS - - -

   TAG   SEG.    VOLTAGE (VOLTS)         CURRENT (AMPS)         IMPEDANCE (OHMS)        ADMITTANCE (MHOS)      POWER
   NO.   NO.    REAL        IMAG.       REAL        IMAG.       REAL        IMAG.       REAL        IMAG.     (WATTS)
     1    11-4.03956E-01-1.94543E+00 1.15334E-02-2.32550E-02 6.02273E+01-4.72407E+01 1.02794E-02 8.06291E-03 2.02910E-02
     2    32 1.00000E+00 0.00000E+00 1.02794E-02 8.06291E-03 6.02273E+01-4.72407E+01 1.02794E-02 8.06291E-03 5.13972E-03



                                          - - - ANTENNA INPUT PARAMETERS - - -

   TAG   SEG.    VOLTAGE (VOLTS)         CURRENT (AMPS)         IMPEDANCE (OHMS)        ADMITTANCE (MHOS)      POWER
   NO.   NO.    REAL        IMAG.       REAL        IMAG.       REAL        IMAG.       REAL        IMAG.     (WATTS)
     2    32 1.00000E+00 0.00000E+00 5.08615E-02-6.29213E-03 1.93649E+01 2.39565E+00 5.08615E-02-6.29213E-03 2.54307E-02



                             - - - CURRENTS AND LOCATION - - -

                                 DISTANCES IN WAVELENGTHS


  SEG.  TAG    COORD. OF SEG. CENTER     SEG.            - - - CURRENT (AMPS) - - -
  NO.   NO.     X        Y        Z      LENGTH     REAL        IMAG.       MAG.        PHASE
     1    1   0.0000  -0.2127   0.0240  0.02127   9.5428E-04 -2.5886E-03  2.7589E-03  -69.764
     2    1   0.0000  -0.1914   0.0240  0.02127   2.3955E-03 -6.3615E-03  6.7976E-03  -69.366
     3    1   0.0000  -0.1702   0.0240  0.02127   3.7021E-03 -9.6151E-03  1.0303E-02  -68.942
     4    1   0.0000  -0.1489   0.0240  0.02127   4.9463E-03 -1.2554E-02  1.3493E-02  -68.495
     5    1   0.0000  -0.1276   0.0240  0.02127   6.1277E-03 -1.5180E-02  1.6370E-02  -68.018
     6    1   0.0000  -0.1064   0.0240  0.02127   7.2388E-03 -1.7476E-02  1.8916E-02  -67.500
     7    1   0.0000  -0.0851   0.0240  0.02127   8.2703E-03 -1.9417E-02  2.1105E-02  -66.930
     8    1   0.0000  -0.0638   0.0240  0.02127   9.2154E-03 -2.0981E-02  2.2916E-02  -66.288
     9    1   0.0000  -0.0425   0.0240  0.02127   1.0074E-02 -2.2151E-02  2.4334E-02  -65.545
    10    1   0.0000  -0.0213   0.0240  0.02127   1.0878E-02 -2.2918E-02  2.5369E-02  -64.608
    11    1   0.0000   0.0000   0.0240  0.02127   1.1533E-02 -2.3255E-02  2.5958E-02  -63.621
    12    1   0.0000   0.0213   0.0240  0.02127   1.0878E-02 -2.2918E-02  2.5369E-02  -64.608
    13    1   0.0000   0.0425   0.0240  0.02127   1.0074E-02 -2.2151E-02  2.4334E-02  -65.545
    14    1   0.0000   0.0638   0.0240  0.02127   9.2154E-03 -2.0981E-02  2.2916E-02  -66.288
    15    1   0.0000   0.0851   0.0240  0.02127   8.2703E-03 -1.9417E-02  2.1105E-02  -66.930
    16    1   0.0000   0.1064   0.0240  0.02127   7.2388E-03 -1.7476E-02  1.8916E-02  -67.500
    17    1   0.0000   0.1276   0.0240  0.02127   6.1277E-03 -1.5180E-02  1.6370E-02  -68.018
    18    1   0.0000   0.1489   0.0240  0.02127   4.9463E-03 -1.2554E-02  1.3493E-02  -68.495
    19    1   0.0000   0.1702   0.0240  0.02127   3.7021E-03 -9.6151E-03  1.0303E-02  -68.942
    20    1   0.0000   0.1914   0.0240  0.02127   2.3955E-03 -6.3615E-03  6.7976E-03  -69.366
    21    1   0.0000   0.2127   0.0240  0.02127   9.5428E-04 -2.5886E-03  2.7589E-03  -69.764
    22    2  -0.2127   0.0000   0.0000  0.02127   1.1780E-03  7.3512E-04  1.3885E-03   31.966
    23    2  -0.1914   0.0000   0.0000  0.02127   2.8897E-03  1.8314E-03  3.4212E-03   32.365
    24    2  -0.1702   0.0000   0.0000  0.02127   4.3593E-03  2.8081E-03  5.1855E-03   32.788
    25    2  -0.1489   0.0000   0.0000  0.02127   5.6802E-03  3.7220E-03  6.7910E-03   33.235
    26    2  -0.1276   0.0000   0.0000  0.02127   6.8535E-03  4.5729E-03  8.2391E-03   33.712
    27    2  -0.1064   0.0000   0.0000  0.02127   7.8711E-03  5.3553E-03  9.5201E-03   34.230
    28    2  -0.0851   0.0000   0.0000  0.02127   8.7221E-03  6.0622E-03  1.0622E-02   34.801
    29    2  -0.0638   0.0000   0.0000  0.02127   9.3963E-03  6.6880E-03  1.1533E-02   35.442
    30    2  -0.0425   0.0000   0.0000  0.02127   9.8846E-03  7.2306E-03  1.2247E-02   36.185
    31    2  -0.0213   0.0000   0.0000  0.02127   1.0180E-02  7.7057E-03  1.2768E-02   37.123
    32    2   0.0000   0.0000   0.0000  0.02127   1.0279E-02  8.0629E-03  1.3064E-02   38.110
    33    2   0.0213   0.0000   0.0000  0.02127   1.0180E-02  7.7057E-03  1.2768E-02   37.123
    34    2   0.0425   0.0000   0.0000  0.02127   9.8846E-03  7.2306E-03  1.2247E-02   36.185
    35    2   0.0638   0.0000   0.0000  0.02127   9.3963E-03  6.6880E-03  1.1533E-02   35.442
    36    2   0.0851   0.0000   0.0000  0.02127   8.7221E-03  6.0622E-03  1.0622E-02   34.801
    37    2   0.1064   0.0000   0.0000  0.02127   7.8711E-03  5.3553E-03  9.5201E-03   34.230
    38    2   0.1276   0.0000   0.0000  0.02127   6.8535E-03  4.5729E-03  8.2391E-03   33.712
    39    2   0.1489   0.0000   0.0000  0.02127   5.6802E-03  3.7220E-03  6.7910E-03   33.235
    40    2   0.1702   0.0000   0.0000  0.02127   4.3593E-03  2.8081E-03  5.1855E-03   32.788
    41    2   0.1914   0.0000   0.0000  0.02127   2.8897E-03  1.8314E-03  3.4212E-03   32.365
    42    2   0.2127   0.0000   0.0000  0.02127   1.1780E-03  7.3512E-04  1.3885E-03   31.966



                                        - - - POWER BUDGET - - -

                                           INPUT POWER   = 2.5431E-02 WATTS
                                           RADIATED POWER= 2.5431E-02 WATTS
                                           STRUCTURE LOSS= 0.0000E+00 WATTS
                                           NETWORK LOSS  =-1.1102E-16 WATTS
                                           EFFICIENCY    = 100.00 PERCENT



                                                - - - RADIATION PATTERNS - - -

  - - ANGLES - -           - POWER GAINS -       - - - POLARIZATION - - -    - - - E(THETA) - - -    - - - E(PHI) - - -
  THETA     PHI        VERT.   HOR.    TOTAL      AXIAL     TILT   SENSE     MAGNITUDE    PHASE      MAGNITUDE    PHASE 
 DEGREES  DEGREES       DB      DB      DB        RATIO     DEG.              VOLTS/M    DEGREES      VOLTS/M    DEGREES
 -180.00     0.00      -4.86    1.11    2.09    0.45405    77.43  LEFT      7.05935E-01   125.12    1.40264E+00  -165.26
 -178.00     0.00      -4.86    1.11    2.09    0.45373    77.45  LEFT      7.05336E-01   125.12    1.40264E+00  -165.25
 -176.00     0.00      -4.89    1.11    2.08    0.45275    77.50  LEFT      7.03543E-01   125.12    1.40264E+00  -165.23
 -174.00     0.00      -4.92    1.11    2.07    0.45111    77.59  LEFT      7.00563E-01   125.12    1.40264E+00  -165.21
 -172.00     0.00      -4.97    1.11    2.06    0.44883    77.72  LEFT      6.96410E-01   125.13    1.40264E+00  -165.17
 -170.00     0.00      -5.04    1.11    2.05    0.44591    77.87  LEFT      6.91103E-01   125.13    1.40264E+00  -165.12
 -168.00     0.00      -5.12    1.11    2.03    0.44234    78.06  LEFT      6.84666E-01   125.13    1.40264E+00  -165.07
 -166.00     0.00      -5.22    1.11    2.02    0.43814    78.28  LEFT      6.77127E-01   125.14    1.40264E+00  -165.00
 -164.00     0.00      -5.33    1.11    2.00    0.43331    78.53  LEFT      6.68520E-01   125.15    1.40264E+00  -164.92
 -162.00     0.00      -5.46    1.11    1.97    0.42787    78.80  LEFT      6.58881E-01   125.15    1.40264E+00  -164.83
 -160.00     0.00      -5.60    1.11    1.95    0.42182    79.10  LEFT      6.48252E-01   125.16    1.40264E+00  -164.73
 -158.00     0.00      -5.75    1.11    1.92    0.41518    79.42  LEFT      6.36676E-01   125.17    1.40264E+00  -164.63
 -156.00     0.00      -5.93    1.11    1.89    0.40796    79.75  LEFT      6.24201E-01   125.17    1.40264E+00  -164.51
 -154.00     0.00      -6.11    1.11    1.86    0.40019    80.10  LEFT      6.10876E-01   125.18    1.40264E+00  -164.38
 -152.00     0.00      -6.32    1.11    1.83    0.39188    80.46  LEFT      5.96751E-01   125.19    1.40264E+00  -164.24
 -150.00     0.00      -6.54    1.11    1.80    0.38306    80.84  LEFT      5.81879E-01   125.20    1.40264E+00  -164.10
 -148.00     0.00      -6.77    1.11    1.76    0.37375    81.22  LEFT      5.66313E-01   125.21    1.40264E+00  -163.94
 -146.00     0.00      -7.02    1.11    1.73    0.36396    81.60  LEFT      5.50107E-01   125.22    1.40264E+00  -163.78
 -144.00     0.00      -7.29    1.11    1.69    0.35374    81.99  LEFT      5.33315E-01   125.23    1.40264E+00  -163.60
 -142.00     0.00      -7.58    1.11    1.66    0.34311    82.38  LEFT      5.15989E-01   125.25    1.40264E+00  -163.42
 -140.00     0.00      -7.88    1.11    1.62    0.33209    82.77  LEFT      4.98181E-01   125.26    1.40264E+00  -163.23
 -138.00     0.00      -8.21    1.11    1.59    0.32072    83.16  LEFT      4.79943E-01   125.27    1.40264E+00  -163.03
 -136.00     0.00      -8.55    1.11    1.55    0.30903    83.54  LEFT      4.61323E-01   125.28    1.40264E+00  -162.83
 -134.00     0.00      -8.92    1.11    1.52    0.29703    83.92  LEFT      4.42367E-01   125.29    1.40264E+00  -162.62
 -132.00     0.00      -9.30    1.11    1.49    0.28477    84.30  LEFT      4.23122E-01   125.31    1.40264E+00  -162.39
 -130.00     0.00      -9.71    1.11    1.45    0.27227    84.66  LEFT      4.03627E-01   125.32    1.40264E+00  -162.17
 -128.00     0.00     -10.15    1.11    1.42    0.25955    85.02  LEFT      3.83924E-01   125.33    1.40264E+00  -161.93
 -126.00     0.00     -10.61    1.11    1.39    0.24664    85.37  LEFT      3.64048E-01   125.34    1.40264E+00  -161.69
 -124.00     0.00     -11.10    1.11    1.36    0.23356    85.71  LEFT      3.44032E-01   125.36    1.40264E+00  -161.44
 -122.00     0.00     -11.62    1.11    1.33    0.22035    86.04  LEFT      3.23906E-01   125.37    1.40264E+00  -161.19
 -120.00     0.00     -12.18    1.11    1.31    0.20700    86.36  LEFT      3.03698E-01   125.38    1.40264E+00  -160.93
 -118.00     0.00     -12.78    1.11    1.28    0.19356    86.68  LEFT      2.83431E-01   125.39    1.40264E+00  -160.67
 -116.00     0.00     -13.43    1.11    1.26    0.18002    86.98  LEFT      2.63126E-01   125.40    1.40264E+00  -160.40
 -114.00     0.00     -14.13    1.11    1.24    0.16641    87.27  LEFT      2.42800E-01   125.41    1.40264E+00  -160.13
 -112.00     0.00     -14.89    1.11    1.21    0.15273    87.55  LEFT      2.22467E-01   125.42    1.40264E+00  -159.85
 -110.00     0.00     -15.72    1.11    1.20    0.13901    87.82  LEFT      2.02139E-01   125.43    1.40264E+00  -159.57
 -108.00     0.00     -16.64    1.11    1.18    0.12524    88.08  LEFT      1.81825E-01   125.44    1.40264E+00  -159.28
 -106.00     0.00     -17.67    1.11    1.16    0.11143    88.33  LEFT      1.61532E-01   125.44    1.40264E+00  -158.99
 -104.00     0.00     -18.83    1.11    1.15    0.09760    88.58  LEFT      1.41262E-01   125.45    1.40264E+00  -158.70
 -102.00     0.00     -20.18    1.11    1.14    0.08373    88.81  LEFT      1.21019E-01   125.46    1.40264E+00  -158.41
 -100.00     0.00     -21.76    1.11    1.13    0.06984    89.03  LEFT      1.00802E-01   125.46    1.40264E+00  -158.11
  -98.00     0.00     -23.70    1.11    1.12    0.05592    89.24  LEFT      8.06086E-02   125.47    1.40264E+00  -157.81
  -96.00     0.00     -26.21    1.11    1.11    0.04198    89.44  LEFT      6.04365E-02   125.47    1.40264E+00  -157.51
  -94.00     0.00     -29.73    1.11    1.11    0.02802    89.64  LEFT      4.02812E-02   125.47    1.40264E+00  -157.21
  -92.00     0.00     -35.75    1.11    1.11    0.01402    89.82  LEFT      2.01376E-02   125.47    1.40264E+00  -156.91
  -90.00     0.00    -999.99    1.11    1.11    0.00000    90.00  LINEAR    2.94401E-12   125.47    1.40264E+00  -156.61
  -88.00     0.00     -35.75    1.11    1.11    0.01405   -89.83  RIGHT     2.01376E-02   -54.53    1.40264E+00  -156.31
  -86.00     0.00     -29.73    1.11    1.11    0.02814   -89.67  RIGHT     4.02812E-02   -54.53    1.40264E+00  -156.01
  -84.00     0.00     -26.21    1.11    1.11    0.04227   -89.52  RIGHT     6.04365E-02   -54.53    1.40264E+00  -155.71
  -82.00     0.00     -23.70    1.11    1.12    0.05643   -89.38  RIGHT     8.06086E-02   -54.53    1.40264E+00  -155.41
  -80.00     0.00     -21.76    1.11    1.13    0.07063   -89.24  RIGHT     1.00802E-01   -54.54    1.40264E+00  -155.11
  -78.00     0.00     -20.18    1.11    1.14    0.08488   -89.11  RIGHT     1.21019E-01   -54.54    1.40264E+00  -154.81
  -76.00     0.00     -18.83    1.11    1.15    0.09916   -88.99  RIGHT     1.41262E-01   -54.55    1.40264E+00  -154.52
  -74.00     0.00     -17.67    1.11    1.16    0.11348   -88.88  RIGHT     1.61532E-01   -54.56    1.40264E+00  -154.23
  -72.00     0.00     -16.64    1.11    1.18    0.12784   -88.77  RIGHT     1.81825E-01   -54.56    1.40264E+00  -153.94
  -70.00     0.00     -15.72    1.11    1.20    0.14223   -88.67  RIGHT     2.02139E-01   -54.57    1.40264E+00  -153.65
  -68.00     0.00     -14.89    1.11    1.21    0.15665   -88.58  RIGHT     2.22467E-01   -54.58    1.40264E+00  -153.37
  -66.00     0.00     -14.13    1.11    1.24    0.17108   -88.49  RIGHT     2.42800E-01   -54.59    1.40264E+00  -153.09
  -64.00     0.00     -13.43    1.11    1.26    0.18553   -88.41  RIGHT     2.63126E-01   -54.60    1.40264E+00  -152.82
  -62.00     0.00     -12.78    1.11    1.28    0.19997   -88.33  RIGHT     2.83431E-01   -54.61    1.40264E+00  -152.55
  -60.00     0.00     -12.18    1.11    1.31    0.21440   -88.27  RIGHT     3.03698E-01   -54.62    1.40264E+00  -152.29
  -58.00     0.00     -11.62    1.11    1.33    0.22879   -88.20  RIGHT     3.23906E-01   -54.63    1.40264E+00  -152.03
  -56.00     0.00     -11.10    1.11    1.36    0.24314   -88.15  RIGHT     3.44032E-01   -54.64    1.40264E+00  -151.77
  -54.00     0.00     -10.61    1.11    1.39    0.25741   -88.10  RIGHT     3.64048E-01   -54.66    1.40264E+00  -151.53
  -52.00     0.00     -10.15    1.11    1.42    0.27160   -88.05  RIGHT     3.83924E-01   -54.67    1.40264E+00  -151.29
  -50.00     0.00      -9.71    1.11    1.45    0.28567   -88.01  RIGHT     4.03627E-01   -54.68    1.40264E+00  -151.05
  -48.00     0.00      -9.30    1.11    1.49    0.29959   -87.97  RIGHT     4.23122E-01   -54.69    1.40264E+00  -150.82
  -46.00     0.00      -8.92    1.11    1.52    0.31335   -87.94  RIGHT     4.42367E-01   -54.71    1.40264E+00  -150.60
  -44.00     0.00      -8.55    1.11    1.55    0.32690   -87.92  RIGHT     4.61323E-01   -54.72    1.40264E+00  -150.39
  -42.00     0.00      -8.21    1.11    1.59    0.34021   -87.89  RIGHT     4.79943E-01   -54.73    1.40264E+00  -150.18
  -40.00     0.00      -7.88    1.11    1.62    0.35326   -87.88  RIGHT     4.98181E-01   -54.74    1.40264E+00  -149.99
  -38.00     0.00      -7.58    1.11    1.66    0.36600   -87.86  RIGHT     5.15989E-01   -54.75    1.40264E+00  -149.80
  -36.00     0.00      -7.29    1.11    1.69    0.37840   -87.85  RIGHT     5.33315E-01   -54.77    1.40264E+00  -149.61
  -34.00     0.00      -7.02    1.11    1.73    0.39043   -87.84  RIGHT     5.50107E-01   -54.78    1.40264E+00  -149.44
  -32.00     0.00      -6.77    1.11    1.76    0.40203   -87.84  RIGHT     5.66313E-01   -54.79    1.40264E+00  -149.28
  -30.00     0.00      -6.54    1.11    1.80    0.41318   -87.84  RIGHT     5.81879E-01   -54.80    1.40264E+00  -149.12
  -28.00     0.00      -6.32    1.11    1.83    0.42383   -87.84  RIGHT     5.96751E-01   -54.81    1.40264E+00  -148.98
  -26.00     0.00      -6.11    1.11    1.86    0.43395   -87.84  RIGHT     6.10876E-01   -54.82    1.40264E+00  -148.84
  -24.00     0.00      -5.93    1.11    1.89    0.44349   -87.85  RIGHT     6.24201E-01   -54.83    1.40264E+00  -148.71
  -22.00     0.00      -5.75    1.11    1.92    0.45243   -87.86  RIGHT     6.36676E-01   -54.83    1.40264E+00  -148.59
  -20.00     0.00      -5.60    1.11    1.95    0.46073   -87.86  RIGHT     6.48252E-01   -54.84    1.40264E+00  -148.48
  -18.00     0.00      -5.46    1.11    1.97    0.46834   -87.87  RIGHT     6.58881E-01   -54.85    1.40264E+00  -148.39
  -16.00     0.00      -5.33    1.11    2.00    0.47525   -87.88  RIGHT     6.68520E-01   -54.85    1.40264E+00  -148.30
  -14.00     0.00      -5.22    1.11    2.02    0.48142   -87.89  RIGHT     6.77127E-01   -54.86    1.40264E+00  -148.22
  -12.00     0.00      -5.12    1.11    2.03    0.48682   -87.90  RIGHT     6.84666E-01   -54.87    1.40264E+00  -148.15
  -10.00     0.00      -5.04    1.11    2.05    0.49144   -87.91  RIGHT     6.91103E-01   -54.87    1.40264E+00  -148.09
   -8.00     0.00      -4.97    1.11    2.06    0.49524   -87.91  RIGHT     6.96410E-01   -54.87    1.40264E+00  -148.05
   -6.00     0.00      -4.92    1.11    2.07    0.49822   -87.92  RIGHT     7.00563E-01   -54.88    1.40264E+00  -148.01
   -4.00     0.00      -4.89    1.11    2.08    0.50035   -87.92  RIGHT     7.03543E-01   -54.88    1.40264E+00  -147.98
   -2.00     0.00      -4.86    1.11    2.09    0.50164   -87.92  RIGHT     7.05336E-01   -54.88    1.40264E+00  -147.97
    0.00     0.00      -4.86    1.11    2.09    0.50207   -87.93  RIGHT     7.05935E-01   -54.88    1.40264E+00  -147.96
    2.00     0.00      -4.86    1.11    2.09    0.50164   -87.92  RIGHT     7.05336E-01   -54.88    1.40264E+00  -147.97
    4.00     0.00      -4.89    1.11    2.08    0.50035   -87.92  RIGHT     7.03543E-01   -54.88    1.40264E+00  -147.98
    6.00     0.00      -4.92    1.11    2.07    0.49822   -87.92  RIGHT     7.00563E-01   -54.88    1.40264E+00  -148.01
    8.00     0.00      -4.97    1.11    2.06    0.49524   -87.91  RIGHT     6.96410E-01   -54.87    1.40264E+00  -148.05
   10.00     0.00      -5.04    1.11    2.05    0.49144   -87.91  RIGHT     6.91103E-01   -54.87    1.40264E+00  -148.09
   12.00     0.00      -5.12    1.11    2.03    0.48682   -87.90  RIGHT     6.84666E-01   -54.87    1.40264E+00  -148.15
   14.00     0.00      -5.22    1.11    2.02    0.48142   -87.89  RIGHT     6.77127E-01   -54.86    1.40264E+00  -148.22
   16.00     0.00      -5.33    1.11    2.00    0.47525   -87.88  RIGHT     6.68520E-01   -54.85    1.40264E+00  -148.30
   18.00     0.00      -5.46    1.11    1.97    0.46834   -87.87  RIGHT     6.58881E-01   -54.85    1.40264E+00  -148.39
   20.00     0.00      -5.60    1.11    1.95    0.46073   -87.86  RIGHT     6.48252E-01   -54.84    1.40264E+00  -148.48
   22.00     0.00      -5.75    1.11    1.92    0.45243   -87.86  RIGHT     6.36676E-01   -54.83    1.40264E+00  -148.59
   24.00     0.00      -5.93    1.11    1.89    0.44349   -87.85  RIGHT     6.24201E-01   -54.83    1.40264E+00  -148.71
   26.00     0.00      -6.11    1.11    1.86    0.43395   -87.84  RIGHT     6.10876E-01   -54.82    1.40264E+00  -148.84
   28.00     0.00      -6.32    1.11    1.83    0.42383   -87.84  RIGHT     5.96751E-01   -54.81    1.40264E+00  -148.98
   30.00     0.00      -6.54    1.11    1.80    0.41318   -87.84  RIGHT     5.81879E-01   -54.80    1.40264E+00  -149.12
   32.00     0.00      -6.77    1.11    1.76    0.40203   -87.84  RIGHT     5.66313E-01   -54.79    1.40264E+00  -149.28
   34.00     0.00      -7.02    1.11    1.73    0.39043   -87.84  RIGHT     5.50107E-01   -54.78    1.40264E+00  -149.44
   36.00     0.00      -7.29    1.11    1.69    0.37840   -87.85  RIGHT     5.33315E-01   -54.77    1.40264E+00  -149.61
   38.00     0.00      -7.58    1.11    1.66    0.36600   -87.86  RIGHT     5.15989E-01   -54.75    1.40264E+00  -149.80
   40.00     0.00      -7.88    1.11    1.62    0.35326   -87.88  RIGHT     4.98181E-01   -54.74    1.40264E+00  -149.99
   42.00     0.00      -8.21    1.11    1.59    0.34021   -87.89  RIGHT     4.79943E-01   -54.73    1.40264E+00  -150.18
   44.00     0.00      -8.55    1.11    1.55    0.32690   -87.92  RIGHT     4.61323E-01   -54.72    1.40264E+00  -150.39
   46.00     0.00      -8.92    1.11    1.52    0.31335   -87.94  RIGHT     4.42367E-01   -54.71    1.40264E+00  -150.60
   48.00     0.00      -9.30    1.11    1.49    0.29959   -87.97  RIGHT     4.23122E-01   -54.69    1.40264E+00  -150.82
   50.00     0.00      -9.71    1.11    1.45    0.28567   -88.01  RIGHT     4.03627E-01   -54.68    1.40264E+00  -151.05
   52.00     0.00     -10.15    1.11    1.42    0.27160   -88.05  RIGHT     3.83924E-01   -54.67    1.40264E+00  -151.29
   54.00     0.00     -10.61    1.11    1.39    0.25741   -88.10  RIGHT     3.64048E-01   -54.66    1.40264E+00  -151.53
   56.00     0.00     -11.10    1.11    1.36    0.24314   -88.15  RIGHT     3.44032E-01   -54.64    1.40264E+00  -151.77
   58.00     0.00     -11.62    1.11    1.33    0.22879   -88.20  RIGHT     3.23906E-01   -54.63    1.40264E+00  -152.03
   60.00     0.00     -12.18    1.11    1.31    0.21440   -88.27  RIGHT     3.03698E-01   -54.62    1.40264E+00  -152.29
   62.00     0.00     -12.78    1.11    1.28    0.19997   -88.33  RIGHT     2.83431E-01   -54.61    1.40264E+00  -152.55
   64.00     0.00     -13.43    1.11    1.26    0.18553   -88.41  RIGHT     2.63126E-01   -54.60    1.40264E+00  -152.82
   66.00     0.00     -14.13    1.11    1.24    0.17108   -88.49  RIGHT     2.42800E-01   -54.59    1.40264E+00  -153.09
   68.00     0.00     -14.89    1.11    1.21    0.15665   -88.58  RIGHT     2.22467E-01   -54.58    1.40264E+00  -153.37
   70.00     0.00     -15.72    1.11    1.20    0.14223   -88.67  RIGHT     2.02139E-01   -54.57    1.40264E+00  -153.65
   72.00     0.00     -16.64    1.11    1.18    0.12784   -88.77  RIGHT     1.81825E-01   -54.56    1.40264E+00  -153.94
   74.00     0.00     -17.67    1.11    1.16    0.11348   -88.88  RIGHT     1.61532E-01   -54.56    1.40264E+00  -154.23
   76.00     0.00     -18.83    1.11    1.15    0.09916   -88.99  RIGHT     1.41262E-01   -54.55    1.40264E+00  -154.52
   78.00     0.00     -20.18    1.11    1.14    0.08488   -89.11  RIGHT     1.21019E-01   -54.54    1.40264E+00  -154.81
   80.00     0.00     -21.76    1.11    1.13    0.07063   -89.24  RIGHT     1.00802E-01   -54.54    1.40264E+00  -155.11
   82.00     0.00     -23.70    1.11    1.12    0.05643   -89.38  RIGHT     8.06086E-02   -54.53    1.40264E+00  -155.41
   84.00     0.00     -26.21    1.11    1.11    0.04227   -89.52  RIGHT     6.04365E-02   -54.53    1.40264E+00  -155.71
   86.00     0.00     -29.73    1.11    1.11    0.02814   -89.67  RIGHT     4.02812E-02   -54.53    1.40264E+00  -156.01
   88.00     0.00     -35.75    1.11    1.11    0.01405   -89.83  RIGHT     2.01376E-02   -54.53    1.40264E+00  -156.31
   90.00     0.00    -999.99    1.11    1.11    0.00000    90.00  LINEAR    2.94401E-12   125.47    1.40264E+00  -156.61
   92.00     0.00     -35.75    1.11    1.11    0.01402    89.82  LEFT      2.01376E-02   125.47    1.40264E+00  -156.91
   94.00     0.00     -29.73    1.11    1.11    0.02802    89.64  LEFT      4.02812E-02   125.47    1.40264E+00  -157.21
   96.00     0.00     -26.21    1.11    1.11    0.04198    89.44  LEFT      6.04365E-02   125.47    1.40264E+00  -157.51
   98.00     0.00     -23.70    1.11    1.12    0.05592    89.24  LEFT      8.06086E-02   125.47    1.40264E+00  -157.81
  100.00     0.00     -21.76    1.11    1.13    0.06984    89.03  LEFT      1.00802E-01   125.46    1.40264E+00  -158.11
  102.00     0.00     -20.18    1.11    1.14    0.08373    88.81  LEFT      1.21019E-01   125.46    1.40264E+00  -158.41
  104.00     0.00     -18.83    1.11    1.15    0.09760    88.58  LEFT      1.41262E-01   125.45    1.40264E+00  -158.70
  106.00     0.00     -17.67    1.11    1.16    0.11143    88.33  LEFT      1.61532E-01   125.44    1.40264E+00  -158.99
  108.00     0.00     -16.64    1.11    1.18    0.12524    88.08  LEFT      1.81825E-01   125.44    1.40264E+00  -159.28
  110.00     0.00     -15.72    1.11    1.20    0.13901    87.82  LEFT      2.02139E-01   125.43    1.40264E+00  -159.57
  112.00     0.00     -14.89    1.11    1.21    0.15273    87.55  LEFT      2.22467E-01   125.42    1.40264E+00  -159.85
  114.00     0.00     -14.13    1.11    1.24    0.16641    87.27  LEFT      2.42800E-01   125.41    1.40264E+00  -160.13
  116.00     0.00     -13.43    1.11    1.26    0.18002    86.98  LEFT      2.63126E-01   125.40    1.40264E+00  -160.40
  118.00     0.00     -12.78    1.11    1.28    0.19356    86.68  LEFT      2.83431E-01   125.39    1.40264E+00  -160.67
  120.00     0.00     -12.18    1.11    1.31    0.20700    86.36  LEFT      3.03698E-01   125.38    1.40264E+00  -160.93
  122.00     0.00     -11.62    1.11    1.33    0.22035    86.04  LEFT      3.23906E-01   125.37    1.40264E+00  -161.19
  124.00     0.00     -11.10    1.11    1.36    0.23356    85.71  LEFT      3.44032E-01   125.36    1.40264E+00  -161.44
  126.00     0.00     -10.61    1.11    1.39    0.24664    85.37  LEFT      3.64048E-01   125.34    1.40264E+00  -161.69
  128.00     0.00     -10.15    1.11    1.42    0.25955    85.02  LEFT      3.83924E-01   125.33    1.40264E+00  -161.93
  130.00     0.00      -9.71    1.11    1.45    0.27227    84.66  LEFT      4.03627E-01   125.32    1.40264E+00  -162.17
  132.00     0.00      -9.30    1.11    1.49    0.28477    84.30  LEFT      4.23122E-01   125.31    1.40264E+00  -162.39
  134.00     0.00      -8.92    1.11    1.52    0.29703    83.92  LEFT      4.42367E-01   125.29    1.40264E+00  -162.62
  136.00     0.00      -8.55    1.11    1.55    0.30903    83.54  LEFT      4.61323E-01   125.28    1.40264E+00  -162.83
  138.00     0.00      -8.21    1.11    1.59    0.32072    83.16  LEFT      4.79943E-01   125.27    1.40264E+00  -163.03
  140.00     0.00      -7.88    1.11    1.62    0.33209    82.77  LEFT      4.98181E-01   125.26    1.40264E+00  -163.23
  142.00     0.00      -7.58    1.11    1.66    0.34311    82.38  LEFT      5.15989E-01   125.25    1.40264E+00  -163.42
  144.00     0.00      -7.29    1.11    1.69    0.35374    81.99  LEFT      5.33315E-01   125.23    1.40264E+00  -163.60
  146.00     0.00      -7.02    1.11    1.73    0.36396    81.60  LEFT      5.50107E-01   125.22    1.40264E+00  -163.78
  148.00     0.00      -6.77    1.11    1.76    0.37375    81.22  LEFT      5.66313E-01   125.21    1.40264E+00  -163.94
  150.00     0.00      -6.54    1.11    1.80    0.38306    80.84  LEFT      5.81879E-01   125.20    1.40264E+00  -164.10
  152.00     0.00      -6.32    1.11    1.83    0.39188    80.46  LEFT      5.96751E-01   125.19    1.40264E+00  -164.24
  154.00     0.00      -6.11    1.11    1.86    0.40019    80.10  LEFT      6.10876E-01   125.18    1.40264E+00  -164.38
  156.00     0.00      -5.93    1.11    1.89    0.40796    79.75  LEFT      6.24201E-01   125.17    1.40264E+00  -164.51
  158.00     0.00      -5.75    1.11    1.92    0.41518    79.42  LEFT      6.36676E-01   125.17    1.40264E+00  -164.63
  160.00     0.00      -5.60    1.11    1.95    0.42182    79.10  LEFT      6.48252E-01   125.16    1.40264E+00  -164.73
  162.00     0.00      -5.46    1.11    1.97    0.42787    78.80  LEFT      6.58881E-01   125.15    1.40264E+00  -164.83
  164.00     0.00      -5.33    1.11    2.00    0.43331    78.53  LEFT      6.68520E-01   125.15    1.40264E+00  -164.92
  166.00     0.00      -5.22    1.11    2.02    0.43814    78.28  LEFT      6.77127E-01   125.14    1.40264E+00  -165.00
  168.00     0.00      -5.12    1.11    2.03    0.44234    78.06  LEFT      6.84666E-01   125.13    1.40264E+00  -165.07
  170.00     0.00      -5.04    1.11    2.05    0.44591    77.87  LEFT      6.91103E-01   125.13    1.40264E+00  -165.12
  172.00     0.00      -4.97    1.11    2.06    0.44883    77.72  LEFT      6.96410E-01   125.13    1.40264E+00  -165.17
  174.00     0.00      -4.92    1.11    2.07    0.45111    77.59  LEFT      7.00563E-01   125.12    1.40264E+00  -165.21
  176.00     0.00      -4.89    1.11    2.08    0.45275    77.50  LEFT      7.03543E-01   125.12    1.40264E+00  -165.23
  178.00     0.00      -4.86    1.11    2.09    0.45373    77.45  LEFT      7.05336E-01   125.12    1.40264E+00  -165.25
  180.00     0.00      -4.86    1.11    2.09    0.45405    77.43  LEFT      7.05935E-01   125.12    1.40264E+00  -165.26




                                 - - - - - - FREQUENCY - - - - - -

                                    FREQUENCY= 1.4500E+03 MHZ
                                    WAVELENGTH= 2.0676E-01 METERS




                    APPROXIMATE INTEGRATION EMPLOYED FOR SEGMENTS MORE THAN   1.000 WAVELENGTHS APART

                    THE EXTENDED THIN WIRE KERNEL WILL BE USED



                               - - - STRUCTURE IMPEDANCE LOADING - - -

                                   THIS STRUCTURE IS NOT LOADED



                                  - - - ANTENNA ENVIRONMENT - - -

                                            FREE SPACE



                                - - - MATRIX TIMING - - -

                        FILL=    0.000 SEC.,  FACTOR=    0.000 SEC.



                                            - - - NETWORK DATA - - -

      - FROM -    - TO -           TRANSMISSION LINE               -  -  SHUNT ADMITTANCES (MHOS)  -  -              LINE
      TAG  SEG.   TAG  SEG.      IMPEDANCE      LENGTH            - END ONE -                 - END TWO -            TYPE
      NO.   NO.   NO.   NO.         OHMS        METERS         REAL          IMAG.         REAL          IMAG.
        1    11     2    32     5.0000E+01    4.2500E-02    0.0000E+00    0.0000E+00    0.0000E+00    0.0000E+00   STRAIGHT



                           - - - STRUCTURE EXCITATION DATA AT NETWORK CONNECTION POINTS - - -

   TAG   SEG.    VOLTAGE (VOLTS)         CURRENT (AMPS)         IMPEDANCE (OHMS)        ADMITTANCE (MHOS)      POWER
   NO.   NO.    REAL        IMAG.       REAL        IMAG.       REAL        IMAG.       REAL        IMAG.     (WATTS)
     1    11-2.95149E-01-1.81733E+00 1.04227E-02-2.24988E-02 6.14992E+01-4.16082E+01 1.11545E-02 7.54674E-03 1.89057E-02
     2    32 1.00000E+00 0.00000E+00 1.11545E-02 7.54674E-03 6.14992E+01-4.16082E+01 1.11545E-02 7.54674E-03 5.57725E-03



                                          - - - ANTENNA INPUT PARAMETERS - - -

   TAG   SEG.    VOLTAGE (VOLTS)         CURRENT (AMPS)         IMPEDANCE (OHMS)        ADMITTANCE (MHOS)      POWER
   NO.   NO.    REAL        IMAG.       REAL        IMAG.       REAL        IMAG.       REAL        IMAG.     (WATTS)
     2    32 1.00000E+00 0.00000E+00 4.89659E-02-4.32930E-03 2.02640E+01 1.79163E+00 4.89659E-02-4.32930E-03 2.44829E-02



                             - - - CURRENTS AND LOCATION - - -

                                 DISTANCES IN WAVELENGTHS


  SEG.  TAG    COORD. OF SEG. CENTER     SEG.            - - - CURRENT (AMPS) - - -
  NO.   NO.     X        Y        Z      LENGTH     REAL        IMAG.       MAG.        PHASE
     1    1   0.0000  -0.2142   0.0242  0.02142   8.4598E-04 -2.5156E-03  2.6541E-03  -71.413
     2    1   0.0000  -0.1928   0.0242  0.02142   2.1278E-03 -6.1826E-03  6.5385E-03  -71.008
     3    1   0.0000  -0.1714   0.0242  0.02142   3.2947E-03 -9.3445E-03  9.9083E-03  -70.578
     4    1   0.0000  -0.1499   0.0242  0.02142   4.4101E-03 -1.2199E-02  1.2972E-02  -70.125
     5    1   0.0000  -0.1285   0.0242  0.02142   5.4735E-03 -1.4749E-02  1.5732E-02  -69.639
     6    1   0.0000  -0.1071   0.0242  0.02142   6.4775E-03 -1.6974E-02  1.8168E-02  -69.112
     7    1   0.0000  -0.0857   0.0242  0.02142   7.4139E-03 -1.8851E-02  2.0257E-02  -68.531
     8    1   0.0000  -0.0643   0.0242  0.02142   8.2764E-03 -2.0359E-02  2.1977E-02  -67.877
     9    1   0.0000  -0.0428   0.0242  0.02142   9.0647E-03 -2.1477E-02  2.3312E-02  -67.117
    10    1   0.0000  -0.0214   0.0242  0.02142   9.8103E-03 -2.2198E-02  2.4269E-02  -66.157
    11    1   0.0000   0.0000   0.0242  0.02142   1.0423E-02 -2.2499E-02  2.4796E-02  -65.144
    12    1   0.0000   0.0214   0.0242  0.02142   9.8103E-03 -2.2198E-02  2.4269E-02  -66.157
    13    1   0.0000   0.0428   0.0242  0.02142   9.0647E-03 -2.1477E-02  2.3312E-02  -67.117
    14    1   0.0000   0.0643   0.0242  0.02142   8.2764E-03 -2.0359E-02  2.1977E-02  -67.877
    15    1   0.0000   0.0857   0.0242  0.02142   7.4139E-03 -1.8851E-02  2.0257E-02  -68.531
    16    1   0.0000   0.1071   0.0242  0.02142   6.4775E-03 -1.6974E-02  1.8168E-02  -69.112
    17    1   0.0000   0.1285   0.0242  0.02142   5.4735E-03 -1.4749E-02  1.5732E-02  -69.639
    18    1   0.0000   0.1499   0.0242  0.02142   4.4101E-03 -1.2199E-02  1.2972E-02  -70.125
    19    1   0.0000   0.1714   0.0242  0.02142   3.2947E-03 -9.3445E-03  9.9083E-03  -70.578
    20    1   0.0000   0.1928   0.0242  0.02142   2.1278E-03 -6.1826E-03  6.5385E-03  -71.008
    21    1   0.0000   0.2142   0.0242  0.02142   8.4598E-04 -2.5156E-03  2.6541E-03  -71.413
    22    2  -0.2142   0.0000   0.0000  0.02142   1.2750E-03  6.7258E-04  1.4415E-03   27.812
    23    2  -0.1928   0.0000   0.0000  0.02142   3.1293E-03  1.6791E-03  3.5513E-03   28.216
    24    2  -0.1714   0.0000   0.0000  0.02142   4.7229E-03  2.5800E-03  5.3816E-03   28.646
    25    2  -0.1499   0.0000   0.0000  0.02142   6.1563E-03  3.4266E-03  7.0457E-03   29.100
    26    2  -0.1285   0.0000   0.0000  0.02142   7.4304E-03  4.2186E-03  8.5445E-03   29.586
    27    2  -0.1071   0.0000   0.0000  0.02142   8.5360E-03  4.9506E-03  9.8677E-03   30.113
    28    2  -0.0857   0.0000   0.0000  0.02142   9.4610E-03  5.6161E-03  1.1002E-02   30.694
    29    2  -0.0643   0.0000   0.0000  0.02142   1.0194E-02  6.2097E-03  1.1936E-02   31.348
    30    2  -0.0428   0.0000   0.0000  0.02142   1.0725E-02  6.7298E-03  1.2662E-02   32.108
    31    2  -0.0214   0.0000   0.0000  0.02142   1.1047E-02  7.1923E-03  1.3182E-02   33.067
    32    2   0.0000   0.0000   0.0000  0.02142   1.1155E-02  7.5467E-03  1.3468E-02   34.081
    33    2   0.0214   0.0000   0.0000  0.02142   1.1047E-02  7.1923E-03  1.3182E-02   33.067
    34    2   0.0428   0.0000   0.0000  0.02142   1.0725E-02  6.7298E-03  1.2662E-02   32.108
    35    2   0.0643   0.0000   0.0000  0.02142   1.0194E-02  6.2097E-03  1.1936E-02   31.348
    36    2   0.0857   0.0000   0.0000  0.02142   9.4610E-03  5.6161E-03  1.1002E-02   30.694
    37    2   0.1071   0.0000   0.0000  0.02142   8.5360E-03  4.9506E-03  9.8677E-03   30.113
    38    2   0.1285   0.0000   0.0000  0.02142   7.4304E-03  4.2186E-03  8.5445E-03   29.586
    39    2   0.1499   0.0000   0.0000  0.02142   6.1563E-03  3.4266E-03  7.0457E-03   29.100
    40    2   0.1714   0.0000   0.0000  0.02142   4.7229E-03  2.5800E-03  5.3816E-03   28.646
    41    2   0.1928   0.0000   0.0000  0.02142   3.1293E-03  1.6791E-03  3.5513E-03   28.216
    42    2   0.2142   0.0000   0.0000  0.02142   1.2750E-03  6.7258E-04  1.4415E-03   27.812



                                        - - - POWER BUDGET - - -

                                           INPUT POWER   = 2.4483E-02 WATTS
                                           RADIATED POWER= 2.4483E-02 WATTS
                                           STRUCTURE LOSS= 0.0000E+00 WATTS
                                           NETWORK LOSS  =-9.0206E-17 WATTS
                                           EFFICIENCY    = 100.00 PERCENT



                                                - - - RADIATION PATTERNS - - -

  - - ANGLES - -           - POWER GAINS -       - - - POLARIZATION - - -    - - - E(THETA) - - -    - - - E(PHI) - - -
  THETA     PHI        VERT.   HOR.    TOTAL      AXIAL     TILT   SENSE     MAGNITUDE    PHASE      MAGNITUDE    PHASE 
 DEGREES  DEGREES       DB      DB      DB        RATIO     DEG.              VOLTS/M    DEGREES      VOLTS/M    DEGREES
 -180.00     0.00      -4.33    0.97    2.09    0.49801    77.31  LEFT      7.35797E-01   121.02    1.35470E+00  -166.91
 -178.00     0.00      -4.34    0.97    2.09    0.49765    77.33  LEFT      7.35170E-01   121.02    1.35470E+00  -166.91
 -176.00     0.00      -4.36    0.97    2.09    0.49657    77.39  LEFT      7.33293E-01   121.02    1.35470E+00  -166.89
 -174.00     0.00      -4.40    0.97    2.08    0.49477    77.49  LEFT      7.30173E-01   121.02    1.35470E+00  -166.86
 -172.00     0.00      -4.45    0.97    2.07    0.49225    77.63  LEFT      7.25825E-01   121.03    1.35470E+00  -166.83
 -170.00     0.00      -4.52    0.97    2.05    0.48902    77.81  LEFT      7.20270E-01   121.03    1.35470E+00  -166.78
 -168.00     0.00      -4.60    0.97    2.03    0.48508    78.02  LEFT      7.13532E-01   121.03    1.35470E+00  -166.72
 -166.00     0.00      -4.70    0.97    2.01    0.48044    78.26  LEFT      7.05642E-01   121.04    1.35470E+00  -166.65
 -164.00     0.00      -4.81    0.97    1.99    0.47511    78.53  LEFT      6.96634E-01   121.05    1.35470E+00  -166.57
 -162.00     0.00      -4.93    0.97    1.96    0.46909    78.83  LEFT      6.86548E-01   121.05    1.35470E+00  -166.48
 -160.00     0.00      -5.08    0.97    1.93    0.46241    79.15  LEFT      6.75427E-01   121.06    1.35470E+00  -166.39
 -158.00     0.00      -5.23    0.97    1.90    0.45506    79.50  LEFT      6.63317E-01   121.07    1.35470E+00  -166.28
 -156.00     0.00      -5.41    0.97    1.87    0.44709    79.86  LEFT      6.50268E-01   121.08    1.35470E+00  -166.16
 -154.00     0.00      -5.59    0.97    1.84    0.43849    80.23  LEFT      6.36332E-01   121.08    1.35470E+00  -166.03
 -152.00     0.00      -5.80    0.97    1.80    0.42930    80.62  LEFT      6.21562E-01   121.09    1.35470E+00  -165.89
 -150.00     0.00      -6.02    0.97    1.76    0.41954    81.02  LEFT      6.06014E-01   121.10    1.35470E+00  -165.74
 -148.00     0.00      -6.25    0.97    1.72    0.40924    81.42  LEFT      5.89745E-01   121.12    1.35470E+00  -165.59
 -146.00     0.00      -6.51    0.97    1.68    0.39842    81.83  LEFT      5.72810E-01   121.13    1.35470E+00  -165.42
 -144.00     0.00      -6.78    0.97    1.64    0.38713    82.23  LEFT      5.55265E-01   121.14    1.35470E+00  -165.25
 -142.00     0.00      -7.06    0.97    1.60    0.37538    82.64  LEFT      5.37168E-01   121.15    1.35470E+00  -165.06
 -140.00     0.00      -7.37    0.97    1.56    0.36321    83.04  LEFT      5.18571E-01   121.16    1.35470E+00  -164.87
 -138.00     0.00      -7.70    0.97    1.52    0.35066    83.44  LEFT      4.99530E-01   121.17    1.35470E+00  -164.67
 -136.00     0.00      -8.04    0.97    1.48    0.33776    83.83  LEFT      4.80095E-01   121.19    1.35470E+00  -164.47
 -134.00     0.00      -8.41    0.97    1.44    0.32453    84.22  LEFT      4.60315E-01   121.20    1.35470E+00  -164.25
 -132.00     0.00      -8.79    0.97    1.41    0.31102    84.59  LEFT      4.40237E-01   121.21    1.35470E+00  -164.03
 -130.00     0.00      -9.20    0.97    1.37    0.29726    84.96  LEFT      4.19906E-01   121.23    1.35470E+00  -163.80
 -128.00     0.00      -9.64    0.97    1.33    0.28327    85.32  LEFT      3.99362E-01   121.24    1.35470E+00  -163.56
 -126.00     0.00     -10.10    0.97    1.30    0.26908    85.66  LEFT      3.78644E-01   121.25    1.35470E+00  -163.32
 -124.00     0.00     -10.59    0.97    1.26    0.25472    86.00  LEFT      3.57786E-01   121.26    1.35470E+00  -163.07
 -122.00     0.00     -11.12    0.97    1.23    0.24021    86.32  LEFT      3.36819E-01   121.28    1.35470E+00  -162.82
 -120.00     0.00     -11.68    0.97    1.20    0.22558    86.64  LEFT      3.15772E-01   121.29    1.35470E+00  -162.56
 -118.00     0.00     -12.28    0.97    1.17    0.21085    86.94  LEFT      2.94670E-01   121.30    1.35470E+00  -162.29
 -116.00     0.00     -12.93    0.97    1.14    0.19603    87.23  LEFT      2.73532E-01   121.31    1.35470E+00  -162.02
 -114.00     0.00     -13.63    0.97    1.12    0.18114    87.51  LEFT      2.52379E-01   121.32    1.35470E+00  -161.75
 -112.00     0.00     -14.39    0.97    1.09    0.16620    87.77  LEFT      2.31224E-01   121.33    1.35470E+00  -161.47
 -110.00     0.00     -15.22    0.97    1.07    0.15121    88.03  LEFT      2.10079E-01   121.34    1.35470E+00  -161.18
 -108.00     0.00     -16.14    0.97    1.05    0.13619    88.27  LEFT      1.88953E-01   121.35    1.35470E+00  -160.89
 -106.00     0.00     -17.17    0.97    1.04    0.12113    88.51  LEFT      1.67852E-01   121.36    1.35470E+00  -160.60
 -104.00     0.00     -18.33    0.97    1.02    0.10606    88.73  LEFT      1.46781E-01   121.36    1.35470E+00  -160.31
 -102.00     0.00     -19.68    0.97    1.01    0.09096    88.94  LEFT      1.25740E-01   121.37    1.35470E+00  -160.01
 -100.00     0.00     -21.27    0.97    1.00    0.07585    89.14  LEFT      1.04729E-01   121.37    1.35470E+00  -159.72
  -98.00     0.00     -23.21    0.97    0.99    0.06072    89.33  LEFT      8.37461E-02   121.38    1.35470E+00  -159.42
  -96.00     0.00     -25.71    0.97    0.98    0.04557    89.52  LEFT      6.27870E-02   121.38    1.35470E+00  -159.11
  -94.00     0.00     -29.23    0.97    0.97    0.03040    89.69  LEFT      4.18470E-02   121.38    1.35470E+00  -158.81
  -92.00     0.00     -35.26    0.97    0.97    0.01521    89.85  LEFT      2.09201E-02   121.39    1.35470E+00  -158.51
  -90.00     0.00    -999.99    0.97    0.97    0.00000    90.00  LINEAR    3.05839E-12   121.39    1.35470E+00  -158.20
  -88.00     0.00     -35.26    0.97    0.97    0.01524   -89.86  RIGHT     2.09201E-02   -58.61    1.35470E+00  -157.90
  -86.00     0.00     -29.23    0.97    0.97    0.03051   -89.72  RIGHT     4.18470E-02   -58.62    1.35470E+00  -157.60
  -84.00     0.00     -25.71    0.97    0.98    0.04581   -89.60  RIGHT     6.27870E-02   -58.62    1.35470E+00  -157.29
  -82.00     0.00     -23.21    0.97    0.99    0.06116   -89.48  RIGHT     8.37461E-02   -58.62    1.35470E+00  -156.99
  -80.00     0.00     -21.27    0.97    1.00    0.07653   -89.37  RIGHT     1.04729E-01   -58.63    1.35470E+00  -156.69
  -78.00     0.00     -19.68    0.97    1.01    0.09195   -89.28  RIGHT     1.25740E-01   -58.63    1.35470E+00  -156.39
  -76.00     0.00     -18.33    0.97    1.02    0.10741   -89.18  RIGHT     1.46781E-01   -58.64    1.35470E+00  -156.10
  -74.00     0.00     -17.17    0.97    1.04    0.12291   -89.10  RIGHT     1.67852E-01   -58.64    1.35470E+00  -155.80
  -72.00     0.00     -16.14    0.97    1.05    0.13844   -89.03  RIGHT     1.88953E-01   -58.65    1.35470E+00  -155.51
  -70.00     0.00     -15.22    0.97    1.07    0.15401   -88.96  RIGHT     2.10079E-01   -58.66    1.35470E+00  -155.23
  -68.00     0.00     -14.39    0.97    1.09    0.16960   -88.90  RIGHT     2.31224E-01   -58.67    1.35470E+00  -154.94
  -66.00     0.00     -13.63    0.97    1.12    0.18521   -88.85  RIGHT     2.52379E-01   -58.68    1.35470E+00  -154.66
  -64.00     0.00     -12.93    0.97    1.14    0.20083   -88.80  RIGHT     2.73532E-01   -58.69    1.35470E+00  -154.39
  -62.00     0.00     -12.28    0.97    1.17    0.21645   -88.77  RIGHT     2.94670E-01   -58.70    1.35470E+00  -154.12
  -60.00     0.00     -11.68    0.97    1.20    0.23205   -88.74  RIGHT     3.15772E-01   -58.71    1.35470E+00  -153.85
  -58.00     0.00     -11.12    0.97    1.23    0.24762   -88.71  RIGHT     3.36819E-01   -58.72    1.35470E+00  -153.59
  -56.00     0.00     -10.59    0.97    1.26    0.26313   -88.70  RIGHT     3.57786E-01   -58.74    1.35470E+00  -153.34
  -54.00     0.00     -10.10    0.97    1.30    0.27857   -88.69  RIGHT     3.78644E-01   -58.75    1.35470E+00  -153.09
  -52.00     0.00      -9.64    0.97    1.33    0.29391   -88.68  RIGHT     3.99362E-01   -58.76    1.35470E+00  -152.84
  -50.00     0.00      -9.20    0.97    1.37    0.30912   -88.69  RIGHT     4.19906E-01   -58.77    1.35470E+00  -152.61
  -48.00     0.00      -8.79    0.97    1.41    0.32418   -88.70  RIGHT     4.40237E-01   -58.79    1.35470E+00  -152.38
  -46.00     0.00      -8.41    0.97    1.44    0.33906   -88.71  RIGHT     4.60315E-01   -58.80    1.35470E+00  -152.16
  -44.00     0.00      -8.04    0.97    1.48    0.35371   -88.73  RIGHT     4.80095E-01   -58.81    1.35470E+00  -151.94
  -42.00     0.00      -7.70    0.97    1.52    0.36811   -88.76  RIGHT     4.99530E-01   -58.83    1.35470E+00  -151.73
  -40.00     0.00      -7.37    0.97    1.56    0.38222   -88.79  RIGHT     5.18571E-01   -58.84    1.35470E+00  -151.54
  -38.00     0.00      -7.06    0.97    1.60    0.39600   -88.83  RIGHT     5.37168E-01   -58.85    1.35470E+00  -151.34
  -36.00     0.00      -6.78    0.97    1.64    0.40942   -88.87  RIGHT     5.55265E-01   -58.86    1.35470E+00  -151.16
  -34.00     0.00      -6.51    0.97    1.68    0.42242   -88.91  RIGHT     5.72810E-01   -58.87    1.35470E+00  -150.99
  -32.00     0.00      -6.25    0.97    1.72    0.43497   -88.96  RIGHT     5.89745E-01   -58.88    1.35470E+00  -150.82
  -30.00     0.00      -6.02    0.97    1.76    0.44702   -89.01  RIGHT     6.06014E-01   -58.90    1.35470E+00  -150.67
  -28.00     0.00      -5.80    0.97    1.80    0.45854   -89.06  RIGHT     6.21562E-01   -58.91    1.35470E+00  -150.52
  -26.00     0.00      -5.59    0.97    1.84    0.46948   -89.12  RIGHT     6.36332E-01   -58.92    1.35470E+00  -150.38
  -24.00     0.00      -5.41    0.97    1.87    0.47980   -89.17  RIGHT     6.50268E-01   -58.92    1.35470E+00  -150.25
  -22.00     0.00      -5.23    0.97    1.90    0.48946   -89.23  RIGHT     6.63317E-01   -58.93    1.35470E+00  -150.13
  -20.00     0.00      -5.08    0.97    1.93    0.49843   -89.28  RIGHT     6.75427E-01   -58.94    1.35470E+00  -150.02
  -18.00     0.00      -4.93    0.97    1.96    0.50666   -89.33  RIGHT     6.86548E-01   -58.95    1.35470E+00  -149.92
  -16.00     0.00      -4.81    0.97    1.99    0.51413   -89.38  RIGHT     6.96634E-01   -58.95    1.35470E+00  -149.84
  -14.00     0.00      -4.70    0.97    2.01    0.52079   -89.43  RIGHT     7.05642E-01   -58.96    1.35470E+00  -149.76
  -12.00     0.00      -4.60    0.97    2.03    0.52663   -89.47  RIGHT     7.13532E-01   -58.97    1.35470E+00  -149.69
  -10.00     0.00      -4.52    0.97    2.05    0.53162   -89.51  RIGHT     7.20270E-01   -58.97    1.35470E+00  -149.63
   -8.00     0.00      -4.45    0.97    2.07    0.53573   -89.54  RIGHT     7.25825E-01   -58.97    1.35470E+00  -149.58
   -6.00     0.00      -4.40    0.97    2.08    0.53894   -89.57  RIGHT     7.30173E-01   -58.98    1.35470E+00  -149.55
   -4.00     0.00      -4.36    0.97    2.09    0.54125   -89.59  RIGHT     7.33293E-01   -58.98    1.35470E+00  -149.52
   -2.00     0.00      -4.34    0.97    2.09    0.54264   -89.60  RIGHT     7.35170E-01   -58.98    1.35470E+00  -149.50
    0.00     0.00      -4.33    0.97    2.09    0.54310   -89.60  RIGHT     7.35797E-01   -58.98    1.35470E+00  -149.50
    2.00     0.00      -4.34    0.97    2.09    0.54264   -89.60  RIGHT     7.35170E-01   -58.98    1.35470E+00  -149.50
    4.00     0.00      -4.36    0.97    2.09    0.54125   -89.59  RIGHT     7.33293E-01   -58.98    1.35470E+00  -149.52
    6.00     0.00      -4.40    0.97    2.08    0.53894   -89.57  RIGHT     7.30173E-01   -58.98    1.35470E+00  -149.55
    8.00     0.00      -4.45    0.97    2.07    0.53573   -89.54  RIGHT     7.25825E-01   -58.97    1.35470E+00  -149.58
   10.00     0.00      -4.52    0.97    2.05    0.53162   -89.51  RIGHT     7.20270E-01   -58.97    1.35470E+00  -149.63
   12.00     0.00      -4.60    0.97    2.03    0.52663   -89.47  RIGHT     7.13532E-01   -58.97    1.35470E+00  -149.69
   14.00     0.00      -4.70    0.97    2.01    0.52079   -89.43  RIGHT     7.05642E-01   -58.96    1.35470E+00  -149.76
   16.00     0.00      -4.81    0.97    1.99    0.51413   -89.38  RIGHT     6.96634E-01   -58.95    1.35470E+00  -149.84
   18.00     0.00      -4.93    0.97    1.96    0.50666   -89.33  RIGHT     6.86548E-01   -58.95    1.35470E+00  -149.92
   20.00     0.00      -5.08    0.97    1.93    0.49843   -89.28  RIGHT     6.75427E-01   -58.94    1.35470E+00  -150.02
   22.00     0.00      -5.23    0.97    1.90    0.48946   -89.23  RIGHT     6.63317E-01   -58.93    1.35470E+00  -150.13
   24.00     0.00      -5.41    0.97    1.87    0.47980   -89.17  RIGHT     6.50268E-01   -58.92    1.35470E+00  -150.25
   26.00     0.00      -5.59    0.97    1.84    0.46948   -89.12  RIGHT     6.36332E-01   -58.92    1.35470E+00  -150.38
   28.00     0.00      -5.80    0.97    1.80    0.45854   -89.06  RIGHT     6.21562E-01   -58.91    1.35470E+00  -150.52
   30.00     0.00      -6.02    0.97    1.76    0.44702   -89.01  RIGHT     6.06014E-01   -58.90    1.35470E+00  -150.67
   32.00     0.00      -6.25    0.97    1.72    0.43497   -88.96  RIGHT     5.89745E-01   -58.88    1.35470E+00  -150.82
   34.00     0.00      -6.51    0.97    1.68    0.42242   -88.91  RIGHT     5.72810E-01   -58.87    1.35470E+00  -150.99
   36.00     0.00      -6.78    0.97    1.64    0.40942   -88.87  RIGHT     5.55265E-01   -58.86    1.35470E+00  -151.16
   38.00     0.00      -7.06    0.97    1.60    0.39600   -88.83  RIGHT     5.37168E-01   -58.85    1.35470E+00  -151.34
   40.00     0.00      -7.37    0.97    1.56    0.38222   -88.79  RIGHT     5.18571E-01   -58.84    1.35470E+00  -151.54
   42.00     0.00      -7.70    0.97    1.52    0.36811   -88.76  RIGHT     4.99530E-01   -58.83    1.35470E+00  -151.73
   44.00     0.00      -8.04    0.97    1.48    0.35371   -88.73  RIGHT     4.80095E-01   -58.81    1.35470E+00  -151.94
   46.00     0.00      -8.41    0.97    1.44    0.33906   -88.71  RIGHT     4.60315E-01   -58.80    1.35470E+00  -152.16
   48.00     0.00      -8.79    0.97    1.41    0.32418   -88.70  RIGHT     4.40237E-01   -58.79    1.35470E+00  -152.38
   50.00     0.00      -9.20    0.97    1.37    0.30912   -88.69  RIGHT     4.19906E-01   -58.77    1.35470E+00  -152.61
   52.00     0.00      -9.64    0.97    1.33    0.29391   -88.68  RIGHT     3.99362E-01   -58.76    1.35470E+00  -152.84
   54.00     0.00     -10.10    0.97    1.30    0.27857   -88.69  RIGHT     3.78644E-01   -58.75    1.35470E+00  -153.09
   56.00     0.00     -10.59    0.97    1.26    0.26313   -88.70  RIGHT     3.57786E-01   -58.74    1.35470E+00  -153.34
   58.00     0.00     -11.12    0.97    1.23    0.24762   -88.71  RIGHT     3.36819E-01   -58.72    1.35470E+00  -153.59
   60.00     0.00     -11.68    0.97    1.20    0.23205   -88.74  RIGHT     3.15772E-01   -58.71    1.35470E+00  -153.85
   62.00     0.00     -12.28    0.97    1.17    0.21645   -88.77  RIGHT     2.94670E-01   -58.70    1.35470E+00  -154.12
   64.00     0.00     -12.93    0.97    1.14    0.20083   -88.80  RIGHT     2.73532E-01   -58.69    1.35470E+00  -154.39
   66.00     0.00     -13.63    0.97    1.12    0.18521   -88.85  RIGHT     2.52379E-01   -58.68    1.35470E+00  -154.66
   68.00     0.00     -14.39    0.97    1.09    0.16960   -88.90  RIGHT     2.31224E-01   -58.67    1.35470E+00  -154.94
   70.00     0.00     -15.22    0.97    1.07    0.15401   -88.96  RIGHT     2.10079E-01   -58.66    1.35470E+00  -155.23
   72.00     0.00     -16.14    0.97    1.05    0.13844   -89.03  RIGHT     1.88953E-01   -58.65    1.35470E+00  -155.51
   74.00     0.00     -17.17    0.97    1.04    0.12291   -89.10  RIGHT     1.67852E-01   -58.64    1.35470E+00  -155.80
   76.00     0.00     -18.33    0.97    1.02    0.10741   -89.18  RIGHT     1.46781E-01   -58.64    1.35470E+00  -156.10
   78.00     0.00     -19.68    0.97    1.01    0.09195   -89.28  RIGHT     1.25740E-01   -58.63    1.35470E+00  -156.39
   80.00     0.00     -21.27    0.97    1.00    0.07653   -89.37  RIGHT     1.04729E-01   -58.63    1.35470E+00  -156.69
   82.00     0.00     -23.21    0.97    0.99    0.06116   -89.48  RIGHT     8.37461E-02   -58.62    1.35470E+00  -156.99
   84.00     0.00     -25.71    0.97    0.98    0.04581   -89.60  RIGHT     6.27870E-02   -58.62    1.35470E+00  -157.29
   86.00     0.00     -29.23    0.97    0.97    0.03051   -89.72  RIGHT     4.18470E-02   -58.62    1.35470E+00  -157.60
   88.00     0.00     -35.26    0.97    0.97    0.01524   -89.86  RIGHT     2.09201E-02   -58.61    1.35470E+00  -157.90
   90.00     0.00    -999.99    0.97    0.97    0.00000    90.00  LINEAR    3.05839E-12   121.39    1.35470E+00  -158.20
   92.00     0.00     -35.26    0.97    0.97    0.01521    89.85  LEFT      2.09201E-02   121.39    1.35470E+00  -158.51
   94.00     0.00     -29.23    0.97    0.97    0.03040    89.69  LEFT      4.18470E-02   121.38    1.35470E+00  -158.81
   96.00     0.00     -25.71    0.97    0.98    0.04557    89.52  LEFT      6.27870E-02   121.38    1.35470E+00  -159.11
   98.00     0.00     -23.21    0.97    0.99    0.06072    89.33  LEFT      8.37461E-02   121.38    1.35470E+00  -159.42
  100.00     0.00     -21.27    0.97    1.00    0.07585    89.14  LEFT      1.04729E-01   121.37    1.35470E+00  -159.72
  102.00     0.00     -19.68    0.97    1.01    0.09096    88.94  LEFT      1.25740E-01   121.37    1.35470E+00  -160.01
  104.00     0.00     -18.33    0.97    1.02    0.10606    88.73  LEFT      1.46781E-01   121.36    1.35470E+00  -160.31
  106.00     0.00     -17.17    0.97    1.04    0.12113    88.51  LEFT      1.67852E-01   121.36    1.35470E+00  -160.60
  108.00     0.00     -16.14    0.97    1.05    0.13619    88.27  LEFT      1.88953E-01   121.35    1.35470E+00  -160.89
  110.00     0.00     -15.22    0.97    1.07    0.15121    88.03  LEFT      2.10079E-01   121.34    1.35470E+00  -161.18
  112.00     0.00     -14.39    0.97    1.09    0.16620    87.77  LEFT      2.31224E-01   121.33    1.35470E+00  -161.47
  114.00     0.00     -13.63    0.97    1.12    0.18114    87.51  LEFT      2.52379E-01   121.32    1.35470E+00  -161.75
  116.00     0.00     -12.93    0.97    1.14    0.19603    87.23  LEFT      2.73532E-01   121.31    1.35470E+00  -162.02
  118.00     0.00     -12.28    0.97    1.17    0.21085    86.94  LEFT      2.94670E-01   121.30    1.35470E+00  -162.29
  120.00     0.00     -11.68    0.97    1.20    0.22558    86.64  LEFT      3.15772E-01   121.29    1.35470E+00  -162.56
  122.00     0.00     -11.12    0.97    1.23    0.24021    86.32  LEFT      3.36819E-01   121.28    1.35470E+00  -162.82
  124.00     0.00     -10.59    0.97    1.26    0.25472    86.00  LEFT      3.57786E-01   121.26    1.35470E+00  -163.07
  126.00     0.00     -10.10    0.97    1.30    0.26908    85.66  LEFT      3.78644E-01   121.25    1.35470E+00  -163.32
  128.00     0.00      -9.64    0.97    1.33    0.28327    85.32  LEFT      3.99362E-01   121.24    1.35470E+00  -163.56
  130.00     0.00      -9.20    0.97    1.37    0.29726    84.96  LEFT      4.19906E-01   121.23    1.35470E+00  -163.80
  132.00     0.00      -8.79    0.97    1.41    0.31102    84.59  LEFT      4.40237E-01   121.21    1.35470E+00  -164.03
  134.00     0.00      -8.41    0.97    1.44    0.32453    84.22  LEFT      4.60315E-01   121.20    1.35470E+00  -164.25
  136.00     0.00      -8.04    0.97    1.48    0.33776    83.83  LEFT      4.80095E-01   121.19    1.35470E+00  -164.47
  138.00     0.00      -7.70    0.97    1.52    0.35066    83.44  LEFT      4.99530E-01   121.17    1.35470E+00  -164.67
  140.00     0.00      -7.37    0.97    1.56    0.36321    83.04  LEFT      5.18571E-01   121.16    1.35470E+00  -164.87
  142.00     0.00      -7.06    0.97    1.60    0.37538    82.64  LEFT      5.37168E-01   121.15    1.35470E+00  -165.06
  144.00     0.00      -6.78    0.97    1.64    0.38713    82.23  LEFT      5.55265E-01   121.14    1.35470E+00  -165.25
  146.00     0.00      -6.51    0.97    1.68    0.39842    81.83  LEFT      5.72810E-01   121.13    1.35470E+00  -165.42
  148.00     0.00      -6.25    0.97    1.72    0.40924    81.42  LEFT      5.89745E-01   121.12    1.35470E+00  -165.59
  150.00     0.00      -6.02    0.97    1.76    0.41954    81.02  LEFT      6.06014E-01   121.10    1.35470E+00  -165.74
  152.00     0.00      -5.80    0.97    1.80    0.42930    80.62  LEFT      6.21562E-01   121.09    1.35470E+00  -165.89
  154.00     0.00      -5.59    0.97    1.84    0.43849    80.23  LEFT      6.36332E-01   121.08    1.35470E+00  -166.03
  156.00     0.00      -5.41    0.97    1.87    0.44709    79.86  LEFT      6.50268E-01   121.08    1.35470E+00  -166.16
  158.00     0.00      -5.23    0.97    1.90    0.45506    79.50  LEFT      6.63317E-01   121.07    1.35470E+00  -166.28
  160.00     0.00      -5.08    0.97    1.93    0.46241    79.15  LEFT      6.75427E-01   121.06    1.35470E+00  -166.39
  162.00     0.00      -4.93    0.97    1.96    0.46909    78.83  LEFT      6.86548E-01   121.05    1.35470E+00  -166.48
  164.00     0.00      -4.81    0.97    1.99    0.47511    78.53  LEFT      6.96634E-01   121.05    1.35470E+00  -166.57
  166.00     0.00      -4.70    0.97    2.01    0.48044    78.26  LEFT      7.05642E-01   121.04    1.35470E+00  -166.65
  168.00     0.00      -4.60    0.97    2.03    0.48508    78.02  LEFT      7.13532E-01   121.03    1.35470E+00  -166.72
  170.00     0.00      -4.52    0.97    2.05    0.48902    77.81  LEFT      7.20270E-01   121.03    1.35470E+00  -166.78
  172.00     0.00      -4.45    0.97    2.07    0.49225    77.63  LEFT      7.25825E-01   121.03    1.35470E+00  -166.83
  174.00     0.00      -4.40    0.97    2.08    0.49477    77.49  LEFT      7.30173E-01   121.02    1.35470E+00  -166.86
  176.00     0.00      -4.36    0.97    2.09    0.49657    77.39  LEFT      7.33293E-01   121.02    1.35470E+00  -166.89
  178.00     0.00      -4.34    0.97    2.09    0.49765    77.33  LEFT      7.35170E-01   121.02    1.35470E+00  -166.91
  180.00     0.00      -4.33    0.97    2.09    0.49801    77.31  LEFT      7.35797E-01   121.02    1.35470E+00  -166.91




                                 - - - - - - FREQUENCY - - - - - -

                                    FREQUENCY= 1.4600E+03 MHZ
                                    WAVELENGTH= 2.0534E-01 METERS




                    APPROXIMATE INTEGRATION EMPLOYED FOR SEGMENTS MORE THAN   1.000 WAVELENGTHS APART

                    THE EXTENDED THIN WIRE KERNEL WILL BE USED



                               - - - STRUCTURE IMPEDANCE LOADING - - -

                                   THIS STRUCTURE IS NOT LOADED



                                  - - - ANTENNA ENVIRONMENT - - -

                                            FREE SPACE



                                - - - MATRIX TIMING - - -

                        FILL=    0.016 SEC.,  FACTOR=    0.000 SEC.



                                            - - - NETWORK DATA - - -

      - FROM -    - TO -           TRANSMISSION LINE               -  -  SHUNT ADMITTANCES (MHOS)  -  -              LINE
      TAG  SEG.   TAG  SEG.      IMPEDANCE      LENGTH            - END ONE -                 - END TWO -            TYPE
      NO.   NO.   NO.   NO.         OHMS        METERS         REAL          IMAG.         REAL          IMAG.
        1    11     2    32     5.0000E+01    4.2500E-02    0.0000E+00    0.0000E+00    0.0000E+00    0.0000E+00   STRAIGHT



                           - - - STRUCTURE EXCITATION DATA AT NETWORK CONNECTION POINTS - - -

   TAG   SEG.    VOLTAGE (VOLTS)         CURRENT (AMPS)         IMPEDANCE (OHMS)        ADMITTANCE (MHOS)      POWER
   NO.   NO.    REAL        IMAG.       REAL        IMAG.       REAL        IMAG.       REAL        IMAG.     (WATTS)
     1    11-1.89330E-01-1.71034E+00 9.48018E-03-2.18033E-02 6.27966E+01-3.59878E+01 1.19874E-02 6.86983E-03 1.77481E-02
     2    32 1.00000E+00 0.00000E+00 1.19874E-02 6.86983E-03 6.27966E+01-3.59878E+01 1.19874E-02 6.86983E-03 5.99372E-03



                                          - - - ANTENNA INPUT PARAMETERS - - -

   TAG   SEG.    VOLTAGE (VOLTS)         CURRENT (AMPS)         IMPEDANCE (OHMS)        ADMITTANCE (MHOS)      POWER
   NO.   NO.    REAL        IMAG.       REAL        IMAG.       REAL        IMAG.       REAL        IMAG.     (WATTS)
     2    32 1.00000E+00 0.00000E+00 4.74837E-02-2.60235E-03 2.09968E+01 1.15073E+00 4.74837E-02-2.60235E-03 2.37418E-02



                             - - - CURRENTS AND LOCATION - - -

                                 DISTANCES IN WAVELENGTHS


  SEG.  TAG    COORD. OF SEG. CENTER     SEG.            - - - CURRENT (AMPS) - - -
  NO.   NO.     X        Y        Z      LENGTH     REAL        IMAG.       MAG.        PHASE
     1    1   0.0000  -0.2157   0.0243  0.02157   7.5378E-04 -2.4496E-03  2.5630E-03  -72.896
     2    1   0.0000  -0.1941   0.0243  0.02157   1.8999E-03 -6.0207E-03  6.3134E-03  -72.486
     3    1   0.0000  -0.1725   0.0243  0.02157   2.9479E-03 -9.0996E-03  9.5652E-03  -72.050
     4    1   0.0000  -0.1510   0.0243  0.02157   3.9538E-03 -1.1878E-02  1.2519E-02  -71.589
     5    1   0.0000  -0.1294   0.0243  0.02157   4.9167E-03 -1.4357E-02  1.5176E-02  -71.096
     6    1   0.0000  -0.1078   0.0243  0.02157   5.8299E-03 -1.6518E-02  1.7516E-02  -70.559
     7    1   0.0000  -0.0863   0.0243  0.02157   6.6857E-03 -1.8336E-02  1.9517E-02  -69.967
     8    1   0.0000  -0.0647   0.0243  0.02157   7.4782E-03 -1.9790E-02  2.1156E-02  -69.300
     9    1   0.0000  -0.0431   0.0243  0.02157   8.2075E-03 -2.0861E-02  2.2418E-02  -68.524
    10    1   0.0000  -0.0216   0.0243  0.02157   8.9035E-03 -2.1538E-02  2.3306E-02  -67.541
    11    1   0.0000   0.0000   0.0243  0.02157   9.4802E-03 -2.1803E-02  2.3775E-02  -66.500
    12    1   0.0000   0.0216   0.0243  0.02157   8.9035E-03 -2.1538E-02  2.3306E-02  -67.541
    13    1   0.0000   0.0431   0.0243  0.02157   8.2075E-03 -2.0861E-02  2.2418E-02  -68.524
    14    1   0.0000   0.0647   0.0243  0.02157   7.4782E-03 -1.9790E-02  2.1156E-02  -69.300
    15    1   0.0000   0.0863   0.0243  0.02157   6.6857E-03 -1.8336E-02  1.9517E-02  -69.967
    16    1   0.0000   0.1078   0.0243  0.02157   5.8299E-03 -1.6518E-02  1.7516E-02  -70.559
    17    1   0.0000   0.1294   0.0243  0.02157   4.9167E-03 -1.4357E-02  1.5176E-02  -71.096
    18    1   0.0000   0.1510   0.0243  0.02157   3.9538E-03 -1.1878E-02  1.2519E-02  -71.589
    19    1   0.0000   0.1725   0.0243  0.02157   2.9479E-03 -9.0996E-03  9.5652E-03  -72.050
    20    1   0.0000   0.1941   0.0243  0.02157   1.8999E-03 -6.0207E-03  6.3134E-03  -72.486
    21    1   0.0000   0.2157   0.0243  0.02157   7.5378E-04 -2.4496E-03  2.5630E-03  -72.896
    22    2  -0.2157   0.0000   0.0000  0.02157   1.3667E-03  5.9201E-04  1.4894E-03   23.420
    23    2  -0.1941   0.0000   0.0000  0.02157   3.3561E-03  1.4823E-03  3.6689E-03   23.830
    24    2  -0.1725   0.0000   0.0000  0.02157   5.0674E-03  2.2845E-03  5.5586E-03   24.267
    25    2  -0.1510   0.0000   0.0000  0.02157   6.6080E-03  3.0432E-03  7.2751E-03   24.728
    26    2  -0.1294   0.0000   0.0000  0.02157   7.9782E-03  3.7579E-03  8.8189E-03   25.221
    27    2  -0.1078   0.0000   0.0000  0.02157   9.1678E-03  4.4235E-03  1.0179E-02   25.757
    28    2  -0.0863   0.0000   0.0000  0.02157   1.0164E-02  5.0340E-03  1.1342E-02   26.349
    29    2  -0.0647   0.0000   0.0000  0.02157   1.0953E-02  5.5848E-03  1.2294E-02   27.017
    30    2  -0.0431   0.0000   0.0000  0.02157   1.1525E-02  6.0745E-03  1.3028E-02   27.793
    31    2  -0.0216   0.0000   0.0000  0.02157   1.1871E-02  6.5198E-03  1.3544E-02   28.776
    32    2   0.0000   0.0000   0.0000  0.02157   1.1987E-02  6.8698E-03  1.3816E-02   29.816
    33    2   0.0216   0.0000   0.0000  0.02157   1.1871E-02  6.5198E-03  1.3544E-02   28.776
    34    2   0.0431   0.0000   0.0000  0.02157   1.1525E-02  6.0745E-03  1.3028E-02   27.793
    35    2   0.0647   0.0000   0.0000  0.02157   1.0953E-02  5.5848E-03  1.2294E-02   27.017
    36    2   0.0863   0.0000   0.0000  0.02157   1.0164E-02  5.0340E-03  1.1342E-02   26.349
    37    2   0.1078   0.0000   0.0000  0.02157   9.1678E-03  4.4235E-03  1.0179E-02   25.757
    38    2   0.1294   0.0000   0.0000  0.02157   7.9782E-03  3.7579E-03  8.8189E-03   25.221
    39    2   0.1510   0.0000   0.0000  0.02157   6.6080E-03  3.0432E-03  7.2751E-03   24.728
    40    2   0.1725   0.0000   0.0000  0.02157   5.0674E-03  2.2845E-03  5.5586E-03   24.267
    41    2   0.1941   0.0000   0.0000  0.02157   3.3561E-03  1.4823E-03  3.6689E-03   23.830
    42    2   0.2157   0.0000   0.0000  0.02157   1.3667E-03  5.9201E-04  1.4894E-03   23.420



                                        - - - POWER BUDGET - - -

                                           INPUT POWER   = 2.3742E-02 WATTS
                                           RADIATED POWER= 2.3742E-02 WATTS
                                           STRUCTURE LOSS= 0.0000E+00 WATTS
                                           NETWORK LOSS  = 1.3878E-17 WATTS
                                           EFFICIENCY    = 100.00 PERCENT



                                                - - - RADIATION PATTERNS - - -

  - - ANGLES - -           - POWER GAINS -       - - - POLARIZATION - - -    - - - E(THETA) - - -    - - - E(PHI) - - -
  THETA     PHI        VERT.   HOR.    TOTAL      AXIAL     TILT   SENSE     MAGNITUDE    PHASE      MAGNITUDE    PHASE 
 DEGREES  DEGREES       DB      DB      DB        RATIO     DEG.              VOLTS/M    DEGREES      VOLTS/M    DEGREES
 -180.00     0.00      -3.88    0.83    2.10    0.54324    77.73  LEFT      7.63223E-01   116.68    1.31335E+00  -168.40
 -178.00     0.00      -3.89    0.83    2.10    0.54284    77.75  LEFT      7.62570E-01   116.68    1.31335E+00  -168.40
 -176.00     0.00      -3.91    0.83    2.09    0.54164    77.82  LEFT      7.60613E-01   116.68    1.31335E+00  -168.38
 -174.00     0.00      -3.95    0.83    2.08    0.53964    77.93  LEFT      7.57363E-01   116.69    1.31335E+00  -168.35
 -172.00     0.00      -4.00    0.83    2.07    0.53685    78.08  LEFT      7.52834E-01   116.69    1.31335E+00  -168.32
 -170.00     0.00      -4.07    0.83    2.05    0.53327    78.27  LEFT      7.47046E-01   116.69    1.31335E+00  -168.27
 -168.00     0.00      -4.15    0.83    2.03    0.52890    78.49  LEFT      7.40027E-01   116.70    1.31335E+00  -168.21
 -166.00     0.00      -4.25    0.83    2.01    0.52375    78.75  LEFT      7.31808E-01   116.70    1.31335E+00  -168.14
 -164.00     0.00      -4.36    0.83    1.98    0.51784    79.05  LEFT      7.22427E-01   116.71    1.31335E+00  -168.06
 -162.00     0.00      -4.48    0.83    1.95    0.51117    79.37  LEFT      7.11923E-01   116.71    1.31335E+00  -167.97
 -160.00     0.00      -4.63    0.83    1.92    0.50376    79.71  LEFT      7.00343E-01   116.72    1.31335E+00  -167.87
 -158.00     0.00      -4.79    0.83    1.89    0.49562    80.07  LEFT      6.87735E-01   116.73    1.31335E+00  -167.76
 -156.00     0.00      -4.96    0.83    1.85    0.48678    80.45  LEFT      6.74152E-01   116.74    1.31335E+00  -167.64
 -154.00     0.00      -5.15    0.83    1.81    0.47726    80.84  LEFT      6.59647E-01   116.75    1.31335E+00  -167.51
 -152.00     0.00      -5.35    0.83    1.77    0.46710    81.25  LEFT      6.44277E-01   116.76    1.31335E+00  -167.37
 -150.00     0.00      -5.57    0.83    1.73    0.45630    81.65  LEFT      6.28101E-01   116.77    1.31335E+00  -167.23
 -148.00     0.00      -5.81    0.83    1.69    0.44492    82.06  LEFT      6.11177E-01   116.78    1.31335E+00  -167.07
 -146.00     0.00      -6.06    0.83    1.64    0.43298    82.47  LEFT      5.93565E-01   116.79    1.31335E+00  -166.90
 -144.00     0.00      -6.34    0.83    1.60    0.42052    82.88  LEFT      5.75323E-01   116.80    1.31335E+00  -166.73
 -142.00     0.00      -6.62    0.83    1.55    0.40757    83.29  LEFT      5.56510E-01   116.82    1.31335E+00  -166.54
 -140.00     0.00      -6.93    0.83    1.51    0.39418    83.69  LEFT      5.37184E-01   116.83    1.31335E+00  -166.35
 -138.00     0.00      -7.26    0.83    1.46    0.38038    84.08  LEFT      5.17400E-01   116.84    1.31335E+00  -166.15
 -136.00     0.00      -7.60    0.83    1.42    0.36621    84.46  LEFT      4.97211E-01   116.85    1.31335E+00  -165.94
 -134.00     0.00      -7.97    0.83    1.37    0.35170    84.84  LEFT      4.76671E-01   116.87    1.31335E+00  -165.72
 -132.00     0.00      -8.36    0.83    1.33    0.33689    85.20  LEFT      4.55826E-01   116.88    1.31335E+00  -165.50
 -130.00     0.00      -8.77    0.83    1.29    0.32183    85.55  LEFT      4.34724E-01   116.89    1.31335E+00  -165.27
 -128.00     0.00      -9.21    0.83    1.24    0.30653    85.89  LEFT      4.13408E-01   116.91    1.31335E+00  -165.03
 -126.00     0.00      -9.67    0.83    1.20    0.29104    86.21  LEFT      3.91916E-01   116.92    1.31335E+00  -164.79
 -124.00     0.00     -10.16    0.83    1.17    0.27537    86.53  LEFT      3.70285E-01   116.93    1.31335E+00  -164.54
 -122.00     0.00     -10.69    0.83    1.13    0.25957    86.83  LEFT      3.48548E-01   116.95    1.31335E+00  -164.28
 -120.00     0.00     -11.25    0.83    1.09    0.24365    87.12  LEFT      3.26733E-01   116.96    1.31335E+00  -164.02
 -118.00     0.00     -11.85    0.83    1.06    0.22763    87.39  LEFT      3.04867E-01   116.97    1.31335E+00  -163.75
 -116.00     0.00     -12.50    0.83    1.03    0.21154    87.66  LEFT      2.82970E-01   116.98    1.31335E+00  -163.48
 -114.00     0.00     -13.20    0.83    1.00    0.19539    87.91  LEFT      2.61062E-01   116.99    1.31335E+00  -163.20
 -112.00     0.00     -13.96    0.83    0.98    0.17919    88.14  LEFT      2.39158E-01   117.00    1.31335E+00  -162.92
 -110.00     0.00     -14.79    0.83    0.95    0.16297    88.37  LEFT      2.17270E-01   117.01    1.31335E+00  -162.63
 -108.00     0.00     -15.71    0.83    0.93    0.14671    88.58  LEFT      1.95406E-01   117.02    1.31335E+00  -162.34
 -106.00     0.00     -16.74    0.83    0.91    0.13045    88.78  LEFT      1.73573E-01   117.03    1.31335E+00  -162.05
 -104.00     0.00     -17.91    0.83    0.89    0.11417    88.97  LEFT      1.51774E-01   117.04    1.31335E+00  -161.76
 -102.00     0.00     -19.25    0.83    0.88    0.09788    89.15  LEFT      1.30010E-01   117.04    1.31335E+00  -161.46
 -100.00     0.00     -20.84    0.83    0.86    0.08159    89.32  LEFT      1.08281E-01   117.05    1.31335E+00  -161.16
  -98.00     0.00     -22.79    0.83    0.85    0.06529    89.48  LEFT      8.65828E-02   117.05    1.31335E+00  -160.85
  -96.00     0.00     -25.29    0.83    0.84    0.04899    89.62  LEFT      6.49118E-02   117.06    1.31335E+00  -160.55
  -94.00     0.00     -28.81    0.83    0.84    0.03267    89.76  LEFT      4.32622E-02   117.06    1.31335E+00  -160.25
  -92.00     0.00     -34.83    0.83    0.84    0.01634    89.88  LEFT      2.16273E-02   117.06    1.31335E+00  -159.94
  -90.00     0.00    -999.99    0.83    0.83    0.00000    90.00  LINEAR    3.16177E-12   117.06    1.31335E+00  -159.63
  -88.00     0.00     -34.83    0.83    0.84    0.01636   -89.89  RIGHT     2.16273E-02   -62.94    1.31335E+00  -159.33
  -86.00     0.00     -28.81    0.83    0.84    0.03275   -89.80  RIGHT     4.32622E-02   -62.94    1.31335E+00  -159.02
  -84.00     0.00     -25.29    0.83    0.84    0.04917   -89.71  RIGHT     6.49118E-02   -62.94    1.31335E+00  -158.72
  -82.00     0.00     -22.79    0.83    0.85    0.06562   -89.64  RIGHT     8.65828E-02   -62.95    1.31335E+00  -158.41
  -80.00     0.00     -20.84    0.83    0.86    0.08211   -89.57  RIGHT     1.08281E-01   -62.95    1.31335E+00  -158.11
  -78.00     0.00     -19.25    0.83    0.88    0.09863   -89.52  RIGHT     1.30010E-01   -62.96    1.31335E+00  -157.81
  -76.00     0.00     -17.91    0.83    0.89    0.11519   -89.47  RIGHT     1.51774E-01   -62.96    1.31335E+00  -157.51
  -74.00     0.00     -16.74    0.83    0.91    0.13178   -89.43  RIGHT     1.73573E-01   -62.97    1.31335E+00  -157.22
  -72.00     0.00     -15.71    0.83    0.93    0.14842   -89.40  RIGHT     1.95406E-01   -62.98    1.31335E+00  -156.93
  -70.00     0.00     -14.79    0.83    0.95    0.16508   -89.38  RIGHT     2.17270E-01   -62.99    1.31335E+00  -156.64
  -68.00     0.00     -13.96    0.83    0.98    0.18177   -89.37  RIGHT     2.39158E-01   -63.00    1.31335E+00  -156.35
  -66.00     0.00     -13.20    0.83    1.00    0.19847   -89.37  RIGHT     2.61062E-01   -63.01    1.31335E+00  -156.07
  -64.00     0.00     -12.50    0.83    1.03    0.21518   -89.37  RIGHT     2.82970E-01   -63.02    1.31335E+00  -155.79
  -62.00     0.00     -11.85    0.83    1.06    0.23189   -89.39  RIGHT     3.04867E-01   -63.03    1.31335E+00  -155.52
  -60.00     0.00     -11.25    0.83    1.09    0.24857   -89.41  RIGHT     3.26733E-01   -63.04    1.31335E+00  -155.25
  -58.00     0.00     -10.69    0.83    1.13    0.26521   -89.45  RIGHT     3.48548E-01   -63.05    1.31335E+00  -154.99
  -56.00     0.00     -10.16    0.83    1.17    0.28180   -89.49  RIGHT     3.70285E-01   -63.07    1.31335E+00  -154.73
  -54.00     0.00      -9.67    0.83    1.20    0.29830   -89.54  RIGHT     3.91916E-01   -63.08    1.31335E+00  -154.48
  -52.00     0.00      -9.21    0.83    1.24    0.31470   -89.60  RIGHT     4.13408E-01   -63.09    1.31335E+00  -154.24
  -50.00     0.00      -8.77    0.83    1.29    0.33095   -89.67  RIGHT     4.34724E-01   -63.11    1.31335E+00  -154.00
  -48.00     0.00      -8.36    0.83    1.33    0.34704   -89.74  RIGHT     4.55826E-01   -63.12    1.31335E+00  -153.77
  -46.00     0.00      -7.97    0.83    1.37    0.36293   -89.83  RIGHT     4.76671E-01   -63.13    1.31335E+00  -153.55
  -44.00     0.00      -7.60    0.83    1.42    0.37858   -89.92  RIGHT     4.97211E-01   -63.15    1.31335E+00  -153.33
  -42.00     0.00      -7.26    0.83    1.46    0.39395    89.98  RIGHT     5.17400E-01   -63.16    1.31335E+00  -153.12
  -40.00     0.00      -6.93    0.83    1.51    0.40901    89.88  RIGHT     5.37184E-01   -63.17    1.31335E+00  -152.92
  -38.00     0.00      -6.62    0.83    1.55    0.42372    89.76  RIGHT     5.56510E-01   -63.18    1.31335E+00  -152.73
  -36.00     0.00      -6.34    0.83    1.60    0.43802    89.65  RIGHT     5.75323E-01   -63.20    1.31335E+00  -152.54
  -34.00     0.00      -6.06    0.83    1.64    0.45187    89.52  RIGHT     5.93565E-01   -63.21    1.31335E+00  -152.37
  -32.00     0.00      -5.81    0.83    1.69    0.46524    89.39  RIGHT     6.11177E-01   -63.22    1.31335E+00  -152.20
  -30.00     0.00      -5.57    0.83    1.73    0.47808    89.26  RIGHT     6.28101E-01   -63.23    1.31335E+00  -152.04
  -28.00     0.00      -5.35    0.83    1.77    0.49034    89.13  RIGHT     6.44277E-01   -63.24    1.31335E+00  -151.89
  -26.00     0.00      -5.15    0.83    1.81    0.50198    89.00  RIGHT     6.59647E-01   -63.25    1.31335E+00  -151.76
  -24.00     0.00      -4.96    0.83    1.85    0.51295    88.86  RIGHT     6.74152E-01   -63.26    1.31335E+00  -151.63
  -22.00     0.00      -4.79    0.83    1.89    0.52322    88.73  RIGHT     6.87735E-01   -63.27    1.31335E+00  -151.51
  -20.00     0.00      -4.63    0.83    1.92    0.53274    88.60  RIGHT     7.00343E-01   -63.28    1.31335E+00  -151.40
  -18.00     0.00      -4.48    0.83    1.95    0.54147    88.48  RIGHT     7.11923E-01   -63.29    1.31335E+00  -151.30
  -16.00     0.00      -4.36    0.83    1.98    0.54939    88.36  RIGHT     7.22427E-01   -63.29    1.31335E+00  -151.21
  -14.00     0.00      -4.25    0.83    2.01    0.55645    88.25  RIGHT     7.31808E-01   -63.30    1.31335E+00  -151.13
  -12.00     0.00      -4.15    0.83    2.03    0.56263    88.15  RIGHT     7.40027E-01   -63.30    1.31335E+00  -151.06
  -10.00     0.00      -4.07    0.83    2.05    0.56791    88.06  RIGHT     7.47046E-01   -63.31    1.31335E+00  -151.00
   -8.00     0.00      -4.00    0.83    2.07    0.57226    87.99  RIGHT     7.52834E-01   -63.31    1.31335E+00  -150.95
   -6.00     0.00      -3.95    0.83    2.08    0.57566    87.93  RIGHT     7.57363E-01   -63.31    1.31335E+00  -150.92
   -4.00     0.00      -3.91    0.83    2.09    0.57810    87.89  RIGHT     7.60613E-01   -63.32    1.31335E+00  -150.89
   -2.00     0.00      -3.89    0.83    2.10    0.57957    87.86  RIGHT     7.62570E-01   -63.32    1.31335E+00  -150.87
    0.00     0.00      -3.88    0.83    2.10    0.58006    87.86  RIGHT     7.63223E-01   -63.32    1.31335E+00  -150.87
    2.00     0.00      -3.89    0.83    2.10    0.57957    87.86  RIGHT     7.62570E-01   -63.32    1.31335E+00  -150.87
    4.00     0.00      -3.91    0.83    2.09    0.57810    87.89  RIGHT     7.60613E-01   -63.32    1.31335E+00  -150.89
    6.00     0.00      -3.95    0.83    2.08    0.57566    87.93  RIGHT     7.57363E-01   -63.31    1.31335E+00  -150.92
    8.00     0.00      -4.00    0.83    2.07    0.57226    87.99  RIGHT     7.52834E-01   -63.31    1.31335E+00  -150.95
   10.00     0.00      -4.07    0.83    2.05    0.56791    88.06  RIGHT     7.47046E-01   -63.31    1.31335E+00  -151.00
   12.00     0.00      -4.15    0.83    2.03    0.56263    88.15  RIGHT     7.40027E-01   -63.30    1.31335E+00  -151.06
   14.00     0.00      -4.25    0.83    2.01    0.55645    88.25  RIGHT     7.31808E-01   -63.30    1.31335E+00  -151.13
   16.00     0.00      -4.36    0.83    1.98    0.54939    88.36  RIGHT     7.22427E-01   -63.29    1.31335E+00  -151.21
   18.00     0.00      -4.48    0.83    1.95    0.54147    88.48  RIGHT     7.11923E-01   -63.29    1.31335E+00  -151.30
   20.00     0.00      -4.63    0.83    1.92    0.53274    88.60  RIGHT     7.00343E-01   -63.28    1.31335E+00  -151.40
   22.00     0.00      -4.79    0.83    1.89    0.52322    88.73  RIGHT     6.87735E-01   -63.27    1.31335E+00  -151.51
   24.00     0.00      -4.96    0.83    1.85    0.51295    88.86  RIGHT     6.74152E-01   -63.26    1.31335E+00  -151.63
   26.00     0.00      -5.15    0.83    1.81    0.50198    89.00  RIGHT     6.59647E-01   -63.25    1.31335E+00  -151.76
   28.00     0.00      -5.35    0.83    1.77    0.49034    89.13  RIGHT     6.44277E-01   -63.24    1.31335E+00  -151.89
   30.00     0.00      -5.57    0.83    1.73    0.47808    89.26  RIGHT     6.28101E-01   -63.23    1.31335E+00  -152.04
   32.00     0.00      -5.81    0.83    1.69    0.46524    89.39  RIGHT     6.11177E-01   -63.22    1.31335E+00  -152.20
   34.00     0.00      -6.06    0.83    1.64    0.45187    89.52  RIGHT     5.93565E-01   -63.21    1.31335E+00  -152.37
   36.00     0.00      -6.34    0.83    1.60    0.43802    89.65  RIGHT     5.75323E-01   -63.20    1.31335E+00  -152.54
   38.00     0.00      -6.62    0.83    1.55    0.42372    89.76  RIGHT     5.56510E-01   -63.18    1.31335E+00  -152.73
   40.00     0.00      -6.93    0.83    1.51    0.40901    89.88  RIGHT     5.37184E-01   -63.17    1.31335E+00  -152.92
   42.00     0.00      -7.26    0.83    1.46    0.39395    89.98  RIGHT     5.17400E-01   -63.16    1.31335E+00  -153.12
   44.00     0.00      -7.60    0.83    1.42    0.37858   -89.92  RIGHT     4.97211E-01   -63.15    1.31335E+00  -153.33
   46.00     0.00      -7.97    0.83    1.37    0.36293   -89.83  RIGHT     4.76671E-01   -63.13    1.31335E+00  -153.55
   48.00     0.00      -8.36    0.83    1.33    0.34704   -89.74  RIGHT     4.55826E-01   -63.12    1.31335E+00  -153.77
   50.00     0.00      -8.77    0.83    1.29    0.33095   -89.67  RIGHT     4.34724E-01   -63.11    1.31335E+00  -154.00
   52.00     0.00      -9.21    0.83    1.24    0.31470   -89.60  RIGHT     4.13408E-01   -63.09    1.31335E+00  -154.24
   54.00     0.00      -9.67    0.83    1.20    0.29830   -89.54  RIGHT     3.91916E-01   -63.08    1.31335E+00  -154.48
   56.00     0.00     -10.16    0.83    1.17    0.28180   -89.49  RIGHT     3.70285E-01   -63.07    1.31335E+00  -154.73
   58.00     0.00     -10.69    0.83    1.13    0.26521   -89.45  RIGHT     3.48548E-01   -63.05    1.31335E+00  -154.99
   60.00     0.00     -11.25    0.83    1.09    0.24857   -89.41  RIGHT     3.26733E-01   -63.04    1.31335E+00  -155.25
   62.00     0.00     -11.85    0.83    1.06    0.23189   -89.39  RIGHT     3.04867E-01   -63.03    1.31335E+00  -155.52
   64.00     0.00     -12.50    0.83    1.03    0.21518   -89.37  RIGHT     2.82970E-01   -63.02    1.31335E+00  -155.79
   66.00     0.00     -13.20    0.83    1.00    0.19847   -89.37  RIGHT     2.61062E-01   -63.01    1.31335E+00  -156.07
   68.00     0.00     -13.96    0.83    0.98    0.18177   -89.37  RIGHT     2.39158E-01   -63.00    1.31335E+00  -156.35
   70.00     0.00     -14.79    0.83    0.95    0.16508   -89.38  RIGHT     2.17270E-01   -62.99    1.31335E+00  -156.64
   72.00     0.00     -15.71    0.83    0.93    0.14842   -89.40  RIGHT     1.95406E-01   -62.98    1.31335E+00  -156.93
   74.00     0.00     -16.74    0.83    0.91    0.13178   -89.43  RIGHT     1.73573E-01   -62.97    1.31335E+00  -157.22
   76.00     0.00     -17.91    0.83    0.89    0.11519   -89.47  RIGHT     1.51774E-01   -62.96    1.31335E+00  -157.51
   78.00     0.00     -19.25    0.83    0.88    0.09863   -89.52  RIGHT     1.30010E-01   -62.96    1.31335E+00  -157.81
   80.00     0.00     -20.84    0.83    0.86    0.08211   -89.57  RIGHT     1.08281E-01   -62.95    1.31335E+00  -158.11
   82.00     0.00     -22.79    0.83    0.85    0.06562   -89.64  RIGHT     8.65828E-02   -62.95    1.31335E+00  -158.41
   84.00     0.00     -25.29    0.83    0.84    0.04917   -89.71  RIGHT     6.49118E-02   -62.94    1.31335E+00  -158.72
   86.00     0.00     -28.81    0.83    0.84    0.03275   -89.80  RIGHT     4.32622E-02   -62.94    1.31335E+00  -159.02
   88.00     0.00     -34.83    0.83    0.84    0.01636   -89.89  RIGHT     2.16273E-02   -62.94    1.31335E+00  -159.33
   90.00     0.00    -999.99    0.83    0.83    0.00000    90.00  LINEAR    3.16177E-12   117.06    1.31335E+00  -159.63
   92.00     0.00     -34.83    0.83    0.84    0.01634    89.88  LEFT      2.16273E-02   117.06    1.31335E+00  -159.94
   94.00     0.00     -28.81    0.83    0.84    0.03267    89.76  LEFT      4.32622E-02   117.06    1.31335E+00  -160.25
   96.00     0.00     -25.29    0.83    0.84    0.04899    89.62  LEFT      6.49118E-02   117.06    1.31335E+00  -160.55
   98.00     0.00     -22.79    0.83    0.85    0.06529    89.48  LEFT      8.65828E-02   117.05    1.31335E+00  -160.85
  100.00     0.00     -20.84    0.83    0.86    0.08159    89.32  LEFT      1.08281E-01   117.05    1.31335E+00  -161.16
  102.00     0.00     -19.25    0.83    0.88    0.09788    89.15  LEFT      1.30010E-01   117.04    1.31335E+00  -161.46
  104.00     0.00     -17.91    0.83    0.89    0.11417    88.97  LEFT      1.51774E-01   117.04    1.31335E+00  -161.76
  106.00     0.00     -16.74    0.83    0.91    0.13045    88.78  LEFT      1.73573E-01   117.03    1.31335E+00  -162.05
  108.00     0.00     -15.71    0.83    0.93    0.14671    88.58  LEFT      1.95406E-01   117.02    1.31335E+00  -162.34
  110.00     0.00     -14.79    0.83    0.95    0.16297    88.37  LEFT      2.17270E-01   117.01    1.31335E+00  -162.63
  112.00     0.00     -13.96    0.83    0.98    0.17919    88.14  LEFT      2.39158E-01   117.00    1.31335E+00  -162.92
  114.00     0.00     -13.20    0.83    1.00    0.19539    87.91  LEFT      2.61062E-01   116.99    1.31335E+00  -163.20
  116.00     0.00     -12.50    0.83    1.03    0.21154    87.66  LEFT      2.82970E-01   116.98    1.31335E+00  -163.48
  118.00     0.00     -11.85    0.83    1.06    0.22763    87.39  LEFT      3.04867E-01   116.97    1.31335E+00  -163.75
  120.00     0.00     -11.25    0.83    1.09    0.24365    87.12  LEFT      3.26733E-01   116.96    1.31335E+00  -164.02
  122.00     0.00     -10.69    0.83    1.13    0.25957    86.83  LEFT      3.48548E-01   116.95    1.31335E+00  -164.28
  124.00     0.00     -10.16    0.83    1.17    0.27537    86.53  LEFT      3.70285E-01   116.93    1.31335E+00  -164.54
  126.00     0.00      -9.67    0.83    1.20    0.29104    86.21  LEFT      3.91916E-01   116.92    1.31335E+00  -164.79
  128.00     0.00      -9.21    0.83    1.24    0.30653    85.89  LEFT      4.13408E-01   116.91    1.31335E+00  -165.03
  130.00     0.00      -8.77    0.83    1.29    0.32183    85.55  LEFT      4.34724E-01   116.89    1.31335E+00  -165.27
  132.00     0.00      -8.36    0.83    1.33    0.33689    85.20  LEFT      4.55826E-01   116.88    1.31335E+00  -165.50
  134.00     0.00      -7.97    0.83    1.37    0.35170    84.84  LEFT      4.76671E-01   116.87    1.31335E+00  -165.72
  136.00     0.00      -7.60    0.83    1.42    0.36621    84.46  LEFT      4.97211E-01   116.85    1.31335E+00  -165.94
  138.00     0.00      -7.26    0.83    1.46    0.38038    84.08  LEFT      5.17400E-01   116.84    1.31335E+00  -166.15
  140.00     0.00      -6.93    0.83    1.51    0.39418    83.69  LEFT      5.37184E-01   116.83    1.31335E+00  -166.35
  142.00     0.00      -6.62    0.83    1.55    0.40757    83.29  LEFT      5.56510E-01   116.82    1.31335E+00  -166.54
  144.00     0.00      -6.34    0.83    1.60    0.42052    82.88  LEFT      5.75323E-01   116.80    1.31335E+00  -166.73
  146.00     0.00      -6.06    0.83    1.64    0.43298    82.47  LEFT      5.93565E-01   116.79    1.31335E+00  -166.90
  148.00     0.00      -5.81    0.83    1.69    0.44492    82.06  LEFT      6.11177E-01   116.78    1.31335E+00  -167.07
  150.00     0.00      -5.57    0.83    1.73    0.45630    81.65  LEFT      6.28101E-01   116.77    1.31335E+00  -167.23
  152.00     0.00      -5.35    0.83    1.77    0.46710    81.25  LEFT      6.44277E-01   116.76    1.31335E+00  -167.37
  154.00     0.00      -5.15    0.83    1.81    0.47726    80.84  LEFT      6.59647E-01   116.75    1.31335E+00  -167.51
  156.00     0.00      -4.96    0.83    1.85    0.48678    80.45  LEFT      6.74152E-01   116.74    1.31335E+00  -167.64
  158.00     0.00      -4.79    0.83    1.89    0.49562    80.07  LEFT      6.87735E-01   116.73    1.31335E+00  -167.76
  160.00     0.00      -4.63    0.83    1.92    0.50376    79.71  LEFT      7.00343E-01   116.72    1.31335E+00  -167.87
  162.00     0.00      -4.48    0.83    1.95    0.51117    79.37  LEFT      7.11923E-01   116.71    1.31335E+00  -167.97
  164.00     0.00      -4.36    0.83    1.98    0.51784    79.05  LEFT      7.22427E-01   116.71    1.31335E+00  -168.06
  166.00     0.00      -4.25    0.83    2.01    0.52375    78.75  LEFT      7.31808E-01   116.70    1.31335E+00  -168.14
  168.00     0.00      -4.15    0.83    2.03    0.52890    78.49  LEFT      7.40027E-01   116.70    1.31335E+00  -168.21
  170.00     0.00      -4.07    0.83    2.05    0.53327    78.27  LEFT      7.47046E-01   116.69    1.31335E+00  -168.27
  172.00     0.00      -4.00    0.83    2.07    0.53685    78.08  LEFT      7.52834E-01   116.69    1.31335E+00  -168.32
  174.00     0.00      -3.95    0.83    2.08    0.53964    77.93  LEFT      7.57363E-01   116.69    1.31335E+00  -168.35
  176.00     0.00      -3.91    0.83    2.09    0.54164    77.82  LEFT      7.60613E-01   116.68    1.31335E+00  -168.38
  178.00     0.00      -3.89    0.83    2.10    0.54284    77.75  LEFT      7.62570E-01   116.68    1.31335E+00  -168.40
  180.00     0.00      -3.88    0.83    2.10    0.54324    77.73  LEFT      7.63223E-01   116.68    1.31335E+00  -168.40




                                 - - - - - - FREQUENCY - - - - - -

                                    FREQUENCY= 1.4700E+03 MHZ
                                    WAVELENGTH= 2.0395E-01 METERS




                    APPROXIMATE INTEGRATION EMPLOYED FOR SEGMENTS MORE THAN   1.000 WAVELENGTHS APART

                    THE EXTENDED THIN WIRE KERNEL WILL BE USED



                               - - - STRUCTURE IMPEDANCE LOADING - - -

                                   THIS STRUCTURE IS NOT LOADED



                                  - - - ANTENNA ENVIRONMENT - - -

                                            FREE SPACE



                                - - - MATRIX TIMING - - -

                        FILL=    0.000 SEC.,  FACTOR=    0.000 SEC.



                                            - - - NETWORK DATA - - -

      - FROM -    - TO -           TRANSMISSION LINE               -  -  SHUNT ADMITTANCES (MHOS)  -  -              LINE
      TAG  SEG.   TAG  SEG.      IMPEDANCE      LENGTH            - END ONE -                 - END TWO -            TYPE
      NO.   NO.   NO.   NO.         OHMS        METERS         REAL          IMAG.         REAL          IMAG.
        1    11     2    32     5.0000E+01    4.2500E-02    0.0000E+00    0.0000E+00    0.0000E+00    0.0000E+00   STRAIGHT



                           - - - STRUCTURE EXCITATION DATA AT NETWORK CONNECTION POINTS - - -

   TAG   SEG.    VOLTAGE (VOLTS)         CURRENT (AMPS)         IMPEDANCE (OHMS)        ADMITTANCE (MHOS)      POWER
   NO.   NO.    REAL        IMAG.       REAL        IMAG.       REAL        IMAG.       REAL        IMAG.     (WATTS)
     1    11-8.69019E-02-1.62083E+00 8.67387E-03-2.11686E-02 6.41200E+01-3.03784E+01 1.27368E-02 6.03439E-03 1.67785E-02
     2    32 1.00000E+00 0.00000E+00 1.27368E-02 6.03439E-03 6.41200E+01-3.03784E+01 1.27368E-02 6.03439E-03 6.36841E-03



                                          - - - ANTENNA INPUT PARAMETERS - - -

   TAG   SEG.    VOLTAGE (VOLTS)         CURRENT (AMPS)         IMPEDANCE (OHMS)        ADMITTANCE (MHOS)      POWER
   NO.   NO.    REAL        IMAG.       REAL        IMAG.       REAL        IMAG.       REAL        IMAG.     (WATTS)
     2    32 1.00000E+00 0.00000E+00 4.62938E-02-1.11629E-03 2.15886E+01 5.20568E-01 4.62938E-02-1.11629E-03 2.31469E-02



                             - - - CURRENTS AND LOCATION - - -

                                 DISTANCES IN WAVELENGTHS


  SEG.  TAG    COORD. OF SEG. CENTER     SEG.            - - - CURRENT (AMPS) - - -
  NO.   NO.     X        Y        Z      LENGTH     REAL        IMAG.       MAG.        PHASE
     1    1   0.0000  -0.2171   0.0245  0.02171   6.7450E-04 -2.3906E-03  2.4839E-03  -74.244
     2    1   0.0000  -0.1954   0.0245  0.02171   1.7040E-03 -5.8758E-03  6.1179E-03  -73.828
     3    1   0.0000  -0.1737   0.0245  0.02171   2.6498E-03 -8.8800E-03  9.2669E-03  -73.385
     4    1   0.0000  -0.1520   0.0245  0.02171   3.5617E-03 -1.1590E-02  1.2125E-02  -72.917
     5    1   0.0000  -0.1303   0.0245  0.02171   4.4385E-03 -1.4005E-02  1.4691E-02  -72.415
     6    1   0.0000  -0.1086   0.0245  0.02171   5.2739E-03 -1.6107E-02  1.6948E-02  -71.870
     7    1   0.0000  -0.0869   0.0245  0.02171   6.0607E-03 -1.7872E-02  1.8871E-02  -71.267
     8    1   0.0000  -0.0651   0.0245  0.02171   6.7937E-03 -1.9277E-02  2.0439E-02  -70.586
     9    1   0.0000  -0.0434   0.0245  0.02171   7.4728E-03 -2.0303E-02  2.1635E-02  -69.793
    10    1   0.0000  -0.0217   0.0245  0.02171   8.1269E-03 -2.0938E-02  2.2460E-02  -68.787
    11    1   0.0000   0.0000   0.0245  0.02171   8.6739E-03 -2.1169E-02  2.2877E-02  -67.719
    12    1   0.0000   0.0217   0.0245  0.02171   8.1269E-03 -2.0938E-02  2.2460E-02  -68.787
    13    1   0.0000   0.0434   0.0245  0.02171   7.4728E-03 -2.0303E-02  2.1635E-02  -69.793
    14    1   0.0000   0.0651   0.0245  0.02171   6.7937E-03 -1.9277E-02  2.0439E-02  -70.586
    15    1   0.0000   0.0869   0.0245  0.02171   6.0607E-03 -1.7872E-02  1.8871E-02  -71.267
    16    1   0.0000   0.1086   0.0245  0.02171   5.2739E-03 -1.6107E-02  1.6948E-02  -71.870
    17    1   0.0000   0.1303   0.0245  0.02171   4.4385E-03 -1.4005E-02  1.4691E-02  -72.415
    18    1   0.0000   0.1520   0.0245  0.02171   3.5617E-03 -1.1590E-02  1.2125E-02  -72.917
    19    1   0.0000   0.1737   0.0245  0.02171   2.6498E-03 -8.8800E-03  9.2669E-03  -73.385
    20    1   0.0000   0.1954   0.0245  0.02171   1.7040E-03 -5.8758E-03  6.1179E-03  -73.828
    21    1   0.0000   0.2171   0.0245  0.02171   6.7450E-04 -2.3906E-03  2.4839E-03  -74.244
    22    2  -0.2171   0.0000   0.0000  0.02171   1.4484E-03  4.9380E-04  1.5303E-03   18.825
    23    2  -0.1954   0.0000   0.0000  0.02171   3.5586E-03  1.2421E-03  3.7691E-03   19.241
    24    2  -0.1737   0.0000   0.0000  0.02171   5.3756E-03  1.9231E-03  5.7092E-03   19.684
    25    2  -0.1520   0.0000   0.0000  0.02171   7.0125E-03  2.5735E-03  7.4698E-03   20.152
    26    2  -0.1303   0.0000   0.0000  0.02171   8.4694E-03  3.1925E-03  9.0511E-03   20.654
    27    2  -0.1086   0.0000   0.0000  0.02171   9.7349E-03  3.7758E-03  1.0441E-02   21.199
    28    2  -0.0869   0.0000   0.0000  0.02171   1.0795E-02  4.3180E-03  1.1626E-02   21.802
    29    2  -0.0651   0.0000   0.0000  0.02171   1.1635E-02  4.8153E-03  1.2592E-02   22.483
    30    2  -0.0434   0.0000   0.0000  0.02171   1.2244E-02  5.2670E-03  1.3329E-02   23.276
    31    2  -0.0217   0.0000   0.0000  0.02171   1.2613E-02  5.6903E-03  1.3837E-02   24.282
    32    2   0.0000   0.0000   0.0000  0.02171   1.2737E-02  6.0344E-03  1.4094E-02   25.350
    33    2   0.0217   0.0000   0.0000  0.02171   1.2613E-02  5.6903E-03  1.3837E-02   24.282
    34    2   0.0434   0.0000   0.0000  0.02171   1.2244E-02  5.2670E-03  1.3329E-02   23.276
    35    2   0.0651   0.0000   0.0000  0.02171   1.1635E-02  4.8153E-03  1.2592E-02   22.483
    36    2   0.0869   0.0000   0.0000  0.02171   1.0795E-02  4.3180E-03  1.1626E-02   21.802
    37    2   0.1086   0.0000   0.0000  0.02171   9.7349E-03  3.7758E-03  1.0441E-02   21.199
    38    2   0.1303   0.0000   0.0000  0.02171   8.4694E-03  3.1925E-03  9.0512E-03   20.654
    39    2   0.1520   0.0000   0.0000  0.02171   7.0125E-03  2.5735E-03  7.4698E-03   20.152
    40    2   0.1737   0.0000   0.0000  0.02171   5.3756E-03  1.9231E-03  5.7092E-03   19.684
    41    2   0.1954   0.0000   0.0000  0.02171   3.5586E-03  1.2421E-03  3.7691E-03   19.241
    42    2   0.2171   0.0000   0.0000  0.02171   1.4484E-03  4.9380E-04  1.5303E-03   18.825



                                        - - - POWER BUDGET - - -

                                           INPUT POWER   = 2.3147E-02 WATTS
                                           RADIATED POWER= 2.3147E-02 WATTS
                                           STRUCTURE LOSS= 0.0000E+00 WATTS
                                           NETWORK LOSS  =-1.2837E-16 WATTS
                                           EFFICIENCY    = 100.00 PERCENT



                                                - - - RADIATION PATTERNS - - -

  - - ANGLES - -           - POWER GAINS -       - - - POLARIZATION - - -    - - - E(THETA) - - -    - - - E(PHI) - - -
  THETA     PHI        VERT.   HOR.    TOTAL      AXIAL     TILT   SENSE     MAGNITUDE    PHASE      MAGNITUDE    PHASE 
 DEGREES  DEGREES       DB      DB      DB        RATIO     DEG.              VOLTS/M    DEGREES      VOLTS/M    DEGREES
 -180.00     0.00      -3.50    0.71    2.10    0.58816    78.87  LEFT      7.87184E-01   112.14    1.27773E+00  -169.75
 -178.00     0.00      -3.51    0.71    2.10    0.58771    78.89  LEFT      7.86508E-01   112.14    1.27773E+00  -169.75
 -176.00     0.00      -3.53    0.71    2.09    0.58638    78.96  LEFT      7.84481E-01   112.14    1.27773E+00  -169.73
 -174.00     0.00      -3.57    0.71    2.08    0.58415    79.08  LEFT      7.81113E-01   112.14    1.27773E+00  -169.71
 -172.00     0.00      -3.62    0.71    2.07    0.58104    79.23  LEFT      7.76421E-01   112.15    1.27773E+00  -169.67
 -170.00     0.00      -3.69    0.71    2.05    0.57704    79.43  LEFT      7.70426E-01   112.15    1.27773E+00  -169.62
 -168.00     0.00      -3.77    0.71    2.03    0.57218    79.67  LEFT      7.63155E-01   112.16    1.27773E+00  -169.56
 -166.00     0.00      -3.87    0.71    2.00    0.56645    79.94  LEFT      7.54643E-01   112.16    1.27773E+00  -169.49
 -164.00     0.00      -3.98    0.71    1.98    0.55987    80.24  LEFT      7.44927E-01   112.17    1.27773E+00  -169.41
 -162.00     0.00      -4.11    0.71    1.94    0.55246    80.56  LEFT      7.34050E-01   112.17    1.27773E+00  -169.32
 -160.00     0.00      -4.25    0.71    1.91    0.54423    80.91  LEFT      7.22060E-01   112.18    1.27773E+00  -169.22
 -158.00     0.00      -4.41    0.71    1.87    0.53521    81.28  LEFT      7.09008E-01   112.19    1.27773E+00  -169.11
 -156.00     0.00      -4.58    0.71    1.83    0.52542    81.66  LEFT      6.94948E-01   112.20    1.27773E+00  -168.99
 -154.00     0.00      -4.77    0.71    1.79    0.51489    82.04  LEFT      6.79936E-01   112.21    1.27773E+00  -168.86
 -152.00     0.00      -4.98    0.71    1.74    0.50366    82.44  LEFT      6.64033E-01   112.22    1.27773E+00  -168.72
 -150.00     0.00      -5.20    0.71    1.70    0.49175    82.83  LEFT      6.47298E-01   112.23    1.27773E+00  -168.57
 -148.00     0.00      -5.44    0.71    1.65    0.47922    83.23  LEFT      6.29794E-01   112.24    1.27773E+00  -168.41
 -146.00     0.00      -5.69    0.71    1.60    0.46609    83.62  LEFT      6.11580E-01   112.25    1.27773E+00  -168.24
 -144.00     0.00      -5.97    0.71    1.55    0.45241    84.01  LEFT      5.92720E-01   112.27    1.27773E+00  -168.07
 -142.00     0.00      -6.26    0.71    1.50    0.43822    84.39  LEFT      5.73275E-01   112.28    1.27773E+00  -167.88
 -140.00     0.00      -6.56    0.71    1.45    0.42357    84.77  LEFT      5.53303E-01   112.29    1.27773E+00  -167.69
 -138.00     0.00      -6.89    0.71    1.40    0.40849    85.13  LEFT      5.32863E-01   112.31    1.27773E+00  -167.49
 -136.00     0.00      -7.24    0.71    1.35    0.39304    85.48  LEFT      5.12012E-01   112.32    1.27773E+00  -167.28
 -134.00     0.00      -7.61    0.71    1.30    0.37724    85.82  LEFT      4.90801E-01   112.33    1.27773E+00  -167.06
 -132.00     0.00      -7.99    0.71    1.25    0.36115    86.14  LEFT      4.69283E-01   112.35    1.27773E+00  -166.83
 -130.00     0.00      -8.41    0.71    1.21    0.34480    86.46  LEFT      4.47506E-01   112.36    1.27773E+00  -166.60
 -128.00     0.00      -8.85    0.71    1.16    0.32822    86.75  LEFT      4.25512E-01   112.37    1.27773E+00  -166.36
 -126.00     0.00      -9.31    0.71    1.12    0.31145    87.04  LEFT      4.03345E-01   112.39    1.27773E+00  -166.12
 -124.00     0.00      -9.80    0.71    1.08    0.29453    87.31  LEFT      3.81040E-01   112.40    1.27773E+00  -165.86
 -122.00     0.00     -10.33    0.71    1.03    0.27747    87.57  LEFT      3.58631E-01   112.41    1.27773E+00  -165.60
 -120.00     0.00     -10.89    0.71    1.00    0.26032    87.82  LEFT      3.36149E-01   112.43    1.27773E+00  -165.34
 -118.00     0.00     -11.50    0.71    0.96    0.24308    88.05  LEFT      3.13620E-01   112.44    1.27773E+00  -165.07
 -116.00     0.00     -12.14    0.71    0.93    0.22578    88.27  LEFT      2.91066E-01   112.45    1.27773E+00  -164.80
 -114.00     0.00     -12.84    0.71    0.89    0.20844    88.47  LEFT      2.68506E-01   112.46    1.27773E+00  -164.52
 -112.00     0.00     -13.61    0.71    0.86    0.19108    88.66  LEFT      2.45955E-01   112.47    1.27773E+00  -164.23
 -110.00     0.00     -14.44    0.71    0.84    0.17369    88.84  LEFT      2.23426E-01   112.48    1.27773E+00  -163.95
 -108.00     0.00     -15.36    0.71    0.81    0.15630    89.01  LEFT      2.00927E-01   112.49    1.27773E+00  -163.66
 -106.00     0.00     -16.39    0.71    0.79    0.13891    89.17  LEFT      1.78465E-01   112.50    1.27773E+00  -163.36
 -104.00     0.00     -17.56    0.71    0.77    0.12153    89.31  LEFT      1.56042E-01   112.51    1.27773E+00  -163.06
 -102.00     0.00     -18.90    0.71    0.75    0.10415    89.44  LEFT      1.33659E-01   112.51    1.27773E+00  -162.76
 -100.00     0.00     -20.49    0.71    0.74    0.08678    89.56  LEFT      1.11314E-01   112.52    1.27773E+00  -162.46
  -98.00     0.00     -22.44    0.71    0.73    0.06942    89.67  LEFT      8.90048E-02   112.53    1.27773E+00  -162.16
  -96.00     0.00     -24.94    0.71    0.72    0.05207    89.77  LEFT      6.67256E-02   112.53    1.27773E+00  -161.85
  -94.00     0.00     -28.46    0.71    0.71    0.03472    89.86  LEFT      4.44700E-02   112.53    1.27773E+00  -161.54
  -92.00     0.00     -34.48    0.71    0.71    0.01736    89.93  LEFT      2.22308E-02   112.53    1.27773E+00  -161.24
  -90.00     0.00    -999.99    0.71    0.71    0.00000    90.00  LINEAR    3.24999E-12   112.53    1.27773E+00  -160.93
  -88.00     0.00     -34.48    0.71    0.71    0.01737   -89.95  RIGHT     2.22308E-02   -67.47    1.27773E+00  -160.62
  -86.00     0.00     -28.46    0.71    0.71    0.03476   -89.90  RIGHT     4.44700E-02   -67.47    1.27773E+00  -160.31
  -84.00     0.00     -24.94    0.71    0.72    0.05217   -89.87  RIGHT     6.67256E-02   -67.47    1.27773E+00  -160.01
  -82.00     0.00     -22.44    0.71    0.73    0.06961   -89.84  RIGHT     8.90048E-02   -67.47    1.27773E+00  -159.70
  -80.00     0.00     -20.49    0.71    0.74    0.08707   -89.83  RIGHT     1.11314E-01   -67.48    1.27773E+00  -159.40
  -78.00     0.00     -18.90    0.71    0.75    0.10456   -89.83  RIGHT     1.33659E-01   -67.49    1.27773E+00  -159.09
  -76.00     0.00     -17.56    0.71    0.77    0.12209   -89.84  RIGHT     1.56042E-01   -67.49    1.27773E+00  -158.79
  -74.00     0.00     -16.39    0.71    0.79    0.13965   -89.86  RIGHT     1.78465E-01   -67.50    1.27773E+00  -158.50
  -72.00     0.00     -15.36    0.71    0.81    0.15724   -89.89  RIGHT     2.00927E-01   -67.51    1.27773E+00  -158.20
  -70.00     0.00     -14.44    0.71    0.84    0.17486   -89.93  RIGHT     2.23426E-01   -67.52    1.27773E+00  -157.91
  -68.00     0.00     -13.61    0.71    0.86    0.19249   -89.98  RIGHT     2.45955E-01   -67.53    1.27773E+00  -157.62
  -66.00     0.00     -12.84    0.71    0.89    0.21014    89.96  RIGHT     2.68506E-01   -67.54    1.27773E+00  -157.34
  -64.00     0.00     -12.14    0.71    0.93    0.22779    89.88  RIGHT     2.91066E-01   -67.55    1.27773E+00  -157.06
  -62.00     0.00     -11.50    0.71    0.96    0.24543    89.80  RIGHT     3.13620E-01   -67.56    1.27773E+00  -156.78
  -60.00     0.00     -10.89    0.71    1.00    0.26303    89.70  RIGHT     3.36149E-01   -67.57    1.27773E+00  -156.52
  -58.00     0.00     -10.33    0.71    1.03    0.28059    89.59  RIGHT     3.58631E-01   -67.59    1.27773E+00  -156.25
  -56.00     0.00      -9.80    0.71    1.08    0.29808    89.47  RIGHT     3.81040E-01   -67.60    1.27773E+00  -155.99
  -54.00     0.00      -9.31    0.71    1.12    0.31547    89.34  RIGHT     4.03345E-01   -67.61    1.27773E+00  -155.74
  -52.00     0.00      -8.85    0.71    1.16    0.33274    89.20  RIGHT     4.25512E-01   -67.63    1.27773E+00  -155.49
  -50.00     0.00      -8.41    0.71    1.21    0.34985    89.05  RIGHT     4.47506E-01   -67.64    1.27773E+00  -155.25
  -48.00     0.00      -7.99    0.71    1.25    0.36677    88.88  RIGHT     4.69283E-01   -67.65    1.27773E+00  -155.02
  -46.00     0.00      -7.61    0.71    1.30    0.38347    88.71  RIGHT     4.90801E-01   -67.67    1.27773E+00  -154.80
  -44.00     0.00      -7.24    0.71    1.35    0.39991    88.52  RIGHT     5.12012E-01   -67.68    1.27773E+00  -154.58
  -42.00     0.00      -6.89    0.71    1.40    0.41604    88.32  RIGHT     5.32863E-01   -67.69    1.27773E+00  -154.37
  -40.00     0.00      -6.56    0.71    1.45    0.43183    88.12  RIGHT     5.53303E-01   -67.71    1.27773E+00  -154.17
  -38.00     0.00      -6.26    0.71    1.50    0.44723    87.90  RIGHT     5.73275E-01   -67.72    1.27773E+00  -153.97
  -36.00     0.00      -5.97    0.71    1.55    0.46219    87.67  RIGHT     5.92720E-01   -67.73    1.27773E+00  -153.79
  -34.00     0.00      -5.69    0.71    1.60    0.47667    87.44  RIGHT     6.11580E-01   -67.75    1.27773E+00  -153.61
  -32.00     0.00      -5.44    0.71    1.65    0.49062    87.20  RIGHT     6.29794E-01   -67.76    1.27773E+00  -153.44
  -30.00     0.00      -5.20    0.71    1.70    0.50399    86.96  RIGHT     6.47298E-01   -67.77    1.27773E+00  -153.28
  -28.00     0.00      -4.98    0.71    1.74    0.51674    86.71  RIGHT     6.64033E-01   -67.78    1.27773E+00  -153.14
  -26.00     0.00      -4.77    0.71    1.79    0.52883    86.46  RIGHT     6.79936E-01   -67.79    1.27773E+00  -153.00
  -24.00     0.00      -4.58    0.71    1.83    0.54021    86.22  RIGHT     6.94948E-01   -67.80    1.27773E+00  -152.87
  -22.00     0.00      -4.41    0.71    1.87    0.55083    85.97  RIGHT     7.09008E-01   -67.81    1.27773E+00  -152.74
  -20.00     0.00      -4.25    0.71    1.91    0.56067    85.73  RIGHT     7.22060E-01   -67.82    1.27773E+00  -152.63
  -18.00     0.00      -4.11    0.71    1.94    0.56968    85.51  RIGHT     7.34050E-01   -67.83    1.27773E+00  -152.53
  -16.00     0.00      -3.98    0.71    1.98    0.57783    85.29  RIGHT     7.44927E-01   -67.83    1.27773E+00  -152.44
  -14.00     0.00      -3.87    0.71    2.00    0.58509    85.09  RIGHT     7.54643E-01   -67.84    1.27773E+00  -152.36
  -12.00     0.00      -3.77    0.71    2.03    0.59144    84.91  RIGHT     7.63155E-01   -67.84    1.27773E+00  -152.29
  -10.00     0.00      -3.69    0.71    2.05    0.59684    84.75  RIGHT     7.70426E-01   -67.85    1.27773E+00  -152.24
   -8.00     0.00      -3.62    0.71    2.07    0.60129    84.62  RIGHT     7.76421E-01   -67.85    1.27773E+00  -152.19
   -6.00     0.00      -3.57    0.71    2.08    0.60477    84.51  RIGHT     7.81113E-01   -67.86    1.27773E+00  -152.15
   -4.00     0.00      -3.53    0.71    2.09    0.60726    84.43  RIGHT     7.84481E-01   -67.86    1.27773E+00  -152.12
   -2.00     0.00      -3.51    0.71    2.10    0.60876    84.38  RIGHT     7.86508E-01   -67.86    1.27773E+00  -152.11
    0.00     0.00      -3.50    0.71    2.10    0.60926    84.37  RIGHT     7.87184E-01   -67.86    1.27773E+00  -152.10
    2.00     0.00      -3.51    0.71    2.10    0.60876    84.38  RIGHT     7.86508E-01   -67.86    1.27773E+00  -152.11
    4.00     0.00      -3.53    0.71    2.09    0.60726    84.43  RIGHT     7.84481E-01   -67.86    1.27773E+00  -152.12
    6.00     0.00      -3.57    0.71    2.08    0.60477    84.51  RIGHT     7.81113E-01   -67.86    1.27773E+00  -152.15
    8.00     0.00      -3.62    0.71    2.07    0.60129    84.62  RIGHT     7.76421E-01   -67.85    1.27773E+00  -152.19
   10.00     0.00      -3.69    0.71    2.05    0.59684    84.75  RIGHT     7.70426E-01   -67.85    1.27773E+00  -152.24
   12.00     0.00      -3.77    0.71    2.03    0.59144    84.91  RIGHT     7.63155E-01   -67.84    1.27773E+00  -152.29
   14.00     0.00      -3.87    0.71    2.00    0.58509    85.09  RIGHT     7.54643E-01   -67.84    1.27773E+00  -152.36
   16.00     0.00      -3.98    0.71    1.98    0.57783    85.29  RIGHT     7.44927E-01   -67.83    1.27773E+00  -152.44
   18.00     0.00      -4.11    0.71    1.94    0.56968    85.51  RIGHT     7.34050E-01   -67.83    1.27773E+00  -152.53
   20.00     0.00      -4.25    0.71    1.91    0.56067    85.73  RIGHT     7.22060E-01   -67.82    1.27773E+00  -152.63
   22.00     0.00      -4.41    0.71    1.87    0.55083    85.97  RIGHT     7.09008E-01   -67.81    1.27773E+00  -152.74
   24.00     0.00      -4.58    0.71    1.83    0.54021    86.22  RIGHT     6.94948E-01   -67.80    1.27773E+00  -152.87
   26.00     0.00      -4.77    0.71    1.79    0.52883    86.46  RIGHT     6.79936E-01   -67.79    1.27773E+00  -153.00
   28.00     0.00      -4.98    0.71    1.74    0.51674    86.71  RIGHT     6.64033E-01   -67.78    1.27773E+00  -153.14
   30.00     0.00      -5.20    0.71    1.70    0.50399    86.96  RIGHT     6.47298E-01   -67.77    1.27773E+00  -153.28
   32.00     0.00      -5.44    0.71    1.65    0.49062    87.20  RIGHT     6.29794E-01   -67.76    1.27773E+00  -153.44
   34.00     0.00      -5.69    0.71    1.60    0.47667    87.44  RIGHT     6.11580E-01   -67.75    1.27773E+00  -153.61
   36.00     0.00      -5.97    0.71    1.55    0.46219    87.67  RIGHT     5.92720E-01   -67.73    1.27773E+00  -153.79
   38.00     0.00      -6.26    0.71    1.50    0.44723    87.90  RIGHT     5.73275E-01   -67.72    1.27773E+00  -153.97
   40.00     0.00      -6.56    0.71    1.45    0.43183    88.12  RIGHT     5.53303E-01   -67.71    1.27773E+00  -154.17
   42.00     0.00      -6.89    0.71    1.40    0.41604    88.32  RIGHT     5.32863E-01   -67.69    1.27773E+00  -154.37
   44.00     0.00      -7.24    0.71    1.35    0.39991    88.52  RIGHT     5.12012E-01   -67.68    1.27773E+00  -154.58
   46.00     0.00      -7.61    0.71    1.30    0.38347    88.71  RIGHT     4.90801E-01   -67.67    1.27773E+00  -154.80
   48.00     0.00      -7.99    0.71    1.25    0.36677    88.88  RIGHT     4.69283E-01   -67.65    1.27773E+00  -155.02
   50.00     0.00      -8.41    0.71    1.21    0.34985    89.05  RIGHT     4.47506E-01   -67.64    1.27773E+00  -155.25
   52.00     0.00      -8.85    0.71    1.16    0.33274    89.20  RIGHT     4.25512E-01   -67.63    1.27773E+00  -155.49
   54.00     0.00      -9.31    0.71    1.12    0.31547    89.34  RIGHT     4.03345E-01   -67.61    1.27773E+00  -155.74
   56.00     0.00      -9.80    0.71    1.08    0.29808    89.47  RIGHT     3.81040E-01   -67.60    1.27773E+00  -155.99
   58.00     0.00     -10.33    0.71    1.03    0.28059    89.59  RIGHT     3.58631E-01   -67.59    1.27773E+00  -156.25
   60.00     0.00     -10.89    0.71    1.00    0.26303    89.70  RIGHT     3.36149E-01   -67.57    1.27773E+00  -156.52
   62.00     0.00     -11.50    0.71    0.96    0.24543    89.80  RIGHT     3.13620E-01   -67.56    1.27773E+00  -156.78
   64.00     0.00     -12.14    0.71    0.93    0.22779    89.88  RIGHT     2.91066E-01   -67.55    1.27773E+00  -157.06
   66.00     0.00     -12.84    0.71    0.89    0.21014    89.96  RIGHT     2.68506E-01   -67.54    1.27773E+00  -157.34
   68.00     0.00     -13.61    0.71    0.86    0.19249   -89.98  RIGHT     2.45955E-01   -67.53    1.27773E+00  -157.62
   70.00     0.00     -14.44    0.71    0.84    0.17486   -89.93  RIGHT     2.23426E-01   -67.52    1.27773E+00  -157.91
   72.00     0.00     -15.36    0.71    0.81    0.15724   -89.89  RIGHT     2.00927E-01   -67.51    1.27773E+00  -158.20
   74.00     0.00     -16.39    0.71    0.79    0.13965   -89.86  RIGHT     1.78465E-01   -67.50    1.27773E+00  -158.50
   76.00     0.00     -17.56    0.71    0.77    0.12209   -89.84  RIGHT     1.56042E-01   -67.49    1.27773E+00  -158.79
   78.00     0.00     -18.90    0.71    0.75    0.10456   -89.83  RIGHT     1.33659E-01   -67.49    1.27773E+00  -159.09
   80.00     0.00     -20.49    0.71    0.74    0.08707   -89.83  RIGHT     1.11314E-01   -67.48    1.27773E+00  -159.40
   82.00     0.00     -22.44    0.71    0.73    0.06961   -89.84  RIGHT     8.90048E-02   -67.47    1.27773E+00  -159.70
   84.00     0.00     -24.94    0.71    0.72    0.05217   -89.87  RIGHT     6.67256E-02   -67.47    1.27773E+00  -160.01
   86.00     0.00     -28.46    0.71    0.71    0.03476   -89.90  RIGHT     4.44700E-02   -67.47    1.27773E+00  -160.31
   88.00     0.00     -34.48    0.71    0.71    0.01737   -89.95  RIGHT     2.22308E-02   -67.47    1.27773E+00  -160.62
   90.00     0.00    -999.99    0.71    0.71    0.00000    90.00  LINEAR    3.24999E-12   112.53    1.27773E+00  -160.93
   92.00     0.00     -34.48    0.71    0.71    0.01736    89.93  LEFT      2.22308E-02   112.53    1.27773E+00  -161.24
   94.00     0.00     -28.46    0.71    0.71    0.03472    89.86  LEFT      4.44700E-02   112.53    1.27773E+00  -161.54
   96.00     0.00     -24.94    0.71    0.72    0.05207    89.77  LEFT      6.67256E-02   112.53    1.27773E+00  -161.85
   98.00     0.00     -22.44    0.71    0.73    0.06942    89.67  LEFT      8.90048E-02   112.53    1.27773E+00  -162.16
  100.00     0.00     -20.49    0.71    0.74    0.08678    89.56  LEFT      1.11314E-01   112.52    1.27773E+00  -162.46
  102.00     0.00     -18.90    0.71    0.75    0.10415    89.44  LEFT      1.33659E-01   112.51    1.27773E+00  -162.76
  104.00     0.00     -17.56    0.71    0.77    0.12153    89.31  LEFT      1.56042E-01   112.51    1.27773E+00  -163.06
  106.00     0.00     -16.39    0.71    0.79    0.13891    89.17  LEFT      1.78465E-01   112.50    1.27773E+00  -163.36
  108.00     0.00     -15.36    0.71    0.81    0.15630    89.01  LEFT      2.00927E-01   112.49    1.27773E+00  -163.66
  110.00     0.00     -14.44    0.71    0.84    0.17369    88.84  LEFT      2.23426E-01   112.48    1.27773E+00  -163.95
  112.00     0.00     -13.61    0.71    0.86    0.19108    88.66  LEFT      2.45955E-01   112.47    1.27773E+00  -164.23
  114.00     0.00     -12.84    0.71    0.89    0.20844    88.47  LEFT      2.68506E-01   112.46    1.27773E+00  -164.52
  116.00     0.00     -12.14    0.71    0.93    0.22578    88.27  LEFT      2.91066E-01   112.45    1.27773E+00  -164.80
  118.00     0.00     -11.50    0.71    0.96    0.24308    88.05  LEFT      3.13620E-01   112.44    1.27773E+00  -165.07
  120.00     0.00     -10.89    0.71    1.00    0.26032    87.82  LEFT      3.36149E-01   112.43    1.27773E+00  -165.34
  122.00     0.00     -10.33    0.71    1.03    0.27747    87.57  LEFT      3.58631E-01   112.41    1.27773E+00  -165.60
  124.00     0.00      -9.80    0.71    1.08    0.29453    87.31  LEFT      3.81040E-01   112.40    1.27773E+00  -165.86
  126.00     0.00      -9.31    0.71    1.12    0.31145    87.04  LEFT      4.03345E-01   112.39    1.27773E+00  -166.12
  128.00     0.00      -8.85    0.71    1.16    0.32822    86.75  LEFT      4.25512E-01   112.37    1.27773E+00  -166.36
  130.00     0.00      -8.41    0.71    1.21    0.34480    86.46  LEFT      4.47506E-01   112.36    1.27773E+00  -166.60
  132.00     0.00      -7.99    0.71    1.25    0.36115    86.14  LEFT      4.69283E-01   112.35    1.27773E+00  -166.83
  134.00     0.00      -7.61    0.71    1.30    0.37724    85.82  LEFT      4.90801E-01   112.33    1.27773E+00  -167.06
  136.00     0.00      -7.24    0.71    1.35    0.39304    85.48  LEFT      5.12012E-01   112.32    1.27773E+00  -167.28
  138.00     0.00      -6.89    0.71    1.40    0.40849    85.13  LEFT      5.32863E-01   112.31    1.27773E+00  -167.49
  140.00     0.00      -6.56    0.71    1.45    0.42357    84.77  LEFT      5.53303E-01   112.29    1.27773E+00  -167.69
  142.00     0.00      -6.26    0.71    1.50    0.43822    84.39  LEFT      5.73275E-01   112.28    1.27773E+00  -167.88
  144.00     0.00      -5.97    0.71    1.55    0.45241    84.01  LEFT      5.92720E-01   112.27    1.27773E+00  -168.07
  146.00     0.00      -5.69    0.71    1.60    0.46609    83.62  LEFT      6.11580E-01   112.25    1.27773E+00  -168.24
  148.00     0.00      -5.44    0.71    1.65    0.47922    83.23  LEFT      6.29794E-01   112.24    1.27773E+00  -168.41
  150.00     0.00      -5.20    0.71    1.70    0.49175    82.83  LEFT      6.47298E-01   112.23    1.27773E+00  -168.57
  152.00     0.00      -4.98    0.71    1.74    0.50366    82.44  LEFT      6.64033E-01   112.22    1.27773E+00  -168.72
  154.00     0.00      -4.77    0.71    1.79    0.51489    82.04  LEFT      6.79936E-01   112.21    1.27773E+00  -168.86
  156.00     0.00      -4.58    0.71    1.83    0.52542    81.66  LEFT      6.94948E-01   112.20    1.27773E+00  -168.99
  158.00     0.00      -4.41    0.71    1.87    0.53521    81.28  LEFT      7.09008E-01   112.19    1.27773E+00  -169.11
  160.00     0.00      -4.25    0.71    1.91    0.54423    80.91  LEFT      7.22060E-01   112.18    1.27773E+00  -169.22
  162.00     0.00      -4.11    0.71    1.94    0.55246    80.56  LEFT      7.34050E-01   112.17    1.27773E+00  -169.32
  164.00     0.00      -3.98    0.71    1.98    0.55987    80.24  LEFT      7.44927E-01   112.17    1.27773E+00  -169.41
  166.00     0.00      -3.87    0.71    2.00    0.56645    79.94  LEFT      7.54643E-01   112.16    1.27773E+00  -169.49
  168.00     0.00      -3.77    0.71    2.03    0.57218    79.67  LEFT      7.63155E-01   112.16    1.27773E+00  -169.56
  170.00     0.00      -3.69    0.71    2.05    0.57704    79.43  LEFT      7.70426E-01   112.15    1.27773E+00  -169.62
  172.00     0.00      -3.62    0.71    2.07    0.58104    79.23  LEFT      7.76421E-01   112.15    1.27773E+00  -169.67
  174.00     0.00      -3.57    0.71    2.08    0.58415    79.08  LEFT      7.81113E-01   112.14    1.27773E+00  -169.71
  176.00     0.00      -3.53    0.71    2.09    0.58638    78.96  LEFT      7.84481E-01   112.14    1.27773E+00  -169.73
  178.00     0.00      -3.51    0.71    2.10    0.58771    78.89  LEFT      7.86508E-01   112.14    1.27773E+00  -169.75
  180.00     0.00      -3.50    0.71    2.10    0.58816    78.87  LEFT      7.87184E-01   112.14    1.27773E+00  -169.75




                                 - - - - - - FREQUENCY - - - - - -

                                    FREQUENCY= 1.4800E+03 MHZ
                                    WAVELENGTH= 2.0257E-01 METERS




                    APPROXIMATE INTEGRATION EMPLOYED FOR SEGMENTS MORE THAN   1.000 WAVELENGTHS APART

                    THE EXTENDED THIN WIRE KERNEL WILL BE USED



                               - - - STRUCTURE IMPEDANCE LOADING - - -

                                   THIS STRUCTURE IS NOT LOADED



                                  - - - ANTENNA ENVIRONMENT - - -

                                            FREE SPACE



                                - - - MATRIX TIMING - - -

                        FILL=    0.000 SEC.,  FACTOR=    0.000 SEC.



                                            - - - NETWORK DATA - - -

      - FROM -    - TO -           TRANSMISSION LINE               -  -  SHUNT ADMITTANCES (MHOS)  -  -              LINE
      TAG  SEG.   TAG  SEG.      IMPEDANCE      LENGTH            - END ONE -                 - END TWO -            TYPE
      NO.   NO.   NO.   NO.         OHMS        METERS         REAL          IMAG.         REAL          IMAG.
        1    11     2    32     5.0000E+01    4.2500E-02    0.0000E+00    0.0000E+00    0.0000E+00    0.0000E+00   STRAIGHT



                           - - - STRUCTURE EXCITATION DATA AT NETWORK CONNECTION POINTS - - -

   TAG   SEG.    VOLTAGE (VOLTS)         CURRENT (AMPS)         IMPEDANCE (OHMS)        ADMITTANCE (MHOS)      POWER
   NO.   NO.    REAL        IMAG.       REAL        IMAG.       REAL        IMAG.       REAL        IMAG.     (WATTS)
     1    11 1.20833E-02-1.54591E+00 7.97853E-03-2.05928E-02 6.54700E+01-2.47791E+01 1.33603E-02 5.05662E-03 1.59656E-02
     2    32 1.00000E+00 0.00000E+00 1.33603E-02 5.05662E-03 6.54700E+01-2.47791E+01 1.33603E-02 5.05662E-03 6.68017E-03



                                          - - - ANTENNA INPUT PARAMETERS - - -

   TAG   SEG.    VOLTAGE (VOLTS)         CURRENT (AMPS)         IMPEDANCE (OHMS)        ADMITTANCE (MHOS)      POWER
   NO.   NO.    REAL        IMAG.       REAL        IMAG.       REAL        IMAG.       REAL        IMAG.     (WATTS)
     2    32 1.00000E+00 0.00000E+00 4.52914E-02 1.45155E-04 2.20790E+01-7.07611E-02 4.52914E-02 1.45155E-04 2.26457E-02



                             - - - CURRENTS AND LOCATION - - -

                                 DISTANCES IN WAVELENGTHS


  SEG.  TAG    COORD. OF SEG. CENTER     SEG.            - - - CURRENT (AMPS) - - -
  NO.   NO.     X        Y        Z      LENGTH     REAL        IMAG.       MAG.        PHASE
     1    1   0.0000  -0.2186   0.0247  0.02186   6.0565E-04 -2.3381E-03  2.4153E-03  -75.478
     2    1   0.0000  -0.1968   0.0247  0.02186   1.5339E-03 -5.7469E-03  5.9481E-03  -75.056
     3    1   0.0000  -0.1749   0.0247  0.02186   2.3911E-03 -8.6847E-03  9.0079E-03  -74.606
     4    1   0.0000  -0.1530   0.0247  0.02186   3.2216E-03 -1.1333E-02  1.1782E-02  -74.131
     5    1   0.0000  -0.1312   0.0247  0.02186   4.0239E-03 -1.3691E-02  1.4270E-02  -73.621
     6    1   0.0000  -0.1093   0.0247  0.02186   4.7921E-03 -1.5740E-02  1.6453E-02  -73.067
     7    1   0.0000  -0.0874   0.0247  0.02186   5.5196E-03 -1.7456E-02  1.8307E-02  -72.453
     8    1   0.0000  -0.0656   0.0247  0.02186   6.2014E-03 -1.8816E-02  1.9811E-02  -71.758
     9    1   0.0000  -0.0437   0.0247  0.02186   6.8378E-03 -1.9801E-02  2.0948E-02  -70.949
    10    1   0.0000  -0.0219   0.0247  0.02186   7.4564E-03 -2.0396E-02  2.1716E-02  -69.918
    11    1   0.0000   0.0000   0.0247  0.02186   7.9785E-03 -2.0593E-02  2.2084E-02  -68.822
    12    1   0.0000   0.0219   0.0247  0.02186   7.4564E-03 -2.0396E-02  2.1716E-02  -69.918
    13    1   0.0000   0.0437   0.0247  0.02186   6.8378E-03 -1.9801E-02  2.0948E-02  -70.949
    14    1   0.0000   0.0656   0.0247  0.02186   6.2014E-03 -1.8816E-02  1.9811E-02  -71.758
    15    1   0.0000   0.0874   0.0247  0.02186   5.5196E-03 -1.7456E-02  1.8307E-02  -72.453
    16    1   0.0000   0.1093   0.0247  0.02186   4.7921E-03 -1.5740E-02  1.6453E-02  -73.067
    17    1   0.0000   0.1312   0.0247  0.02186   4.0239E-03 -1.3691E-02  1.4270E-02  -73.621
    18    1   0.0000   0.1530   0.0247  0.02186   3.2216E-03 -1.1333E-02  1.1782E-02  -74.131
    19    1   0.0000   0.1749   0.0247  0.02186   2.3911E-03 -8.6847E-03  9.0079E-03  -74.606
    20    1   0.0000   0.1968   0.0247  0.02186   1.5339E-03 -5.7469E-03  5.9481E-03  -75.056
    21    1   0.0000   0.2186   0.0247  0.02186   6.0565E-04 -2.3381E-03  2.4153E-03  -75.478
    22    2  -0.2186   0.0000   0.0000  0.02186   1.5154E-03  3.7993E-04  1.5623E-03   14.075
    23    2  -0.1968   0.0000   0.0000  0.02186   3.7250E-03  9.6311E-04  3.8475E-03   14.496
    24    2  -0.1749   0.0000   0.0000  0.02186   5.6296E-03  1.5027E-03  5.8267E-03   14.946
    25    2  -0.1530   0.0000   0.0000  0.02186   7.3468E-03  2.0265E-03  7.6212E-03   15.421
    26    2  -0.1312   0.0000   0.0000  0.02186   8.8761E-03  2.5336E-03  9.2306E-03   15.931
    27    2  -0.1093   0.0000   0.0000  0.02186   1.0205E-02  3.0201E-03  1.0643E-02   16.486
    28    2  -0.0874   0.0000   0.0000  0.02186   1.1319E-02  3.4820E-03  1.1842E-02   17.100
    29    2  -0.0656   0.0000   0.0000  0.02186   1.2202E-02  3.9161E-03  1.2815E-02   17.794
    30    2  -0.0437   0.0000   0.0000  0.02186   1.2842E-02  4.3228E-03  1.3550E-02   18.604
    31    2  -0.0219   0.0000   0.0000  0.02186   1.3230E-02  4.7199E-03  1.4047E-02   19.634
    32    2   0.0000   0.0000   0.0000  0.02186   1.3360E-02  5.0566E-03  1.4285E-02   20.731
    33    2   0.0219   0.0000   0.0000  0.02186   1.3230E-02  4.7199E-03  1.4047E-02   19.634
    34    2   0.0437   0.0000   0.0000  0.02186   1.2842E-02  4.3228E-03  1.3550E-02   18.604
    35    2   0.0656   0.0000   0.0000  0.02186   1.2202E-02  3.9161E-03  1.2815E-02   17.794
    36    2   0.0874   0.0000   0.0000  0.02186   1.1319E-02  3.4820E-03  1.1842E-02   17.100
    37    2   0.1093   0.0000   0.0000  0.02186   1.0205E-02  3.0201E-03  1.0643E-02   16.486
    38    2   0.1312   0.0000   0.0000  0.02186   8.8761E-03  2.5336E-03  9.2306E-03   15.931
    39    2   0.1530   0.0000   0.0000  0.02186   7.3468E-03  2.0265E-03  7.6212E-03   15.421
    40    2   0.1749   0.0000   0.0000  0.02186   5.6296E-03  1.5027E-03  5.8267E-03   14.946
    41    2   0.1968   0.0000   0.0000  0.02186   3.7250E-03  9.6311E-04  3.8475E-03   14.496
    42    2   0.2186   0.0000   0.0000  0.02186   1.5154E-03  3.7993E-04  1.5623E-03   14.075



                                        - - - POWER BUDGET - - -

                                           INPUT POWER   = 2.2646E-02 WATTS
                                           RADIATED POWER= 2.2646E-02 WATTS
                                           STRUCTURE LOSS= 0.0000E+00 WATTS
                                           NETWORK LOSS  =-8.3267E-17 WATTS
                                           EFFICIENCY    = 100.00 PERCENT



                                                - - - RADIATION PATTERNS - - -

  - - ANGLES - -           - POWER GAINS -       - - - POLARIZATION - - -    - - - E(THETA) - - -    - - - E(PHI) - - -
  THETA     PHI        VERT.   HOR.    TOTAL      AXIAL     TILT   SENSE     MAGNITUDE    PHASE      MAGNITUDE    PHASE 
 DEGREES  DEGREES       DB      DB      DB        RATIO     DEG.              VOLTS/M    DEGREES      VOLTS/M    DEGREES
 -180.00     0.00      -3.19    0.59    2.11    0.63033    80.96  LEFT      8.06705E-01   107.44    1.24713E+00  -170.99
 -178.00     0.00      -3.20    0.59    2.11    0.62983    80.98  LEFT      8.06008E-01   107.45    1.24713E+00  -170.99
 -176.00     0.00      -3.22    0.59    2.10    0.62833    81.05  LEFT      8.03922E-01   107.45    1.24713E+00  -170.97
 -174.00     0.00      -3.26    0.59    2.09    0.62585    81.16  LEFT      8.00455E-01   107.45    1.24713E+00  -170.94
 -172.00     0.00      -3.31    0.59    2.07    0.62237    81.32  LEFT      7.95625E-01   107.45    1.24713E+00  -170.91
 -170.00     0.00      -3.38    0.59    2.05    0.61792    81.51  LEFT      7.89454E-01   107.46    1.24713E+00  -170.86
 -168.00     0.00      -3.46    0.59    2.03    0.61249    81.73  LEFT      7.81971E-01   107.46    1.24713E+00  -170.80
 -166.00     0.00      -3.56    0.59    2.00    0.60612    81.99  LEFT      7.73211E-01   107.47    1.24713E+00  -170.73
 -164.00     0.00      -3.68    0.59    1.97    0.59881    82.27  LEFT      7.63212E-01   107.47    1.24713E+00  -170.65
 -162.00     0.00      -3.80    0.59    1.94    0.59059    82.58  LEFT      7.52021E-01   107.48    1.24713E+00  -170.56
 -160.00     0.00      -3.95    0.59    1.90    0.58148    82.90  LEFT      7.39686E-01   107.49    1.24713E+00  -170.46
 -158.00     0.00      -4.11    0.59    1.86    0.57151    83.24  LEFT      7.26260E-01   107.50    1.24713E+00  -170.35
 -156.00     0.00      -4.28    0.59    1.81    0.56072    83.58  LEFT      7.11799E-01   107.51    1.24713E+00  -170.23
 -154.00     0.00      -4.47    0.59    1.77    0.54914    83.94  LEFT      6.96363E-01   107.52    1.24713E+00  -170.09
 -152.00     0.00      -4.68    0.59    1.72    0.53681    84.29  LEFT      6.80012E-01   107.53    1.24713E+00  -169.95
 -150.00     0.00      -4.90    0.59    1.67    0.52377    84.64  LEFT      6.62810E-01   107.54    1.24713E+00  -169.80
 -148.00     0.00      -5.14    0.59    1.62    0.51008    84.99  LEFT      6.44819E-01   107.55    1.24713E+00  -169.64
 -146.00     0.00      -5.40    0.59    1.57    0.49576    85.33  LEFT      6.26105E-01   107.56    1.24713E+00  -169.47
 -144.00     0.00      -5.67    0.59    1.51    0.48088    85.66  LEFT      6.06731E-01   107.58    1.24713E+00  -169.30
 -142.00     0.00      -5.96    0.59    1.46    0.46548    85.99  LEFT      5.86759E-01   107.59    1.24713E+00  -169.11
 -140.00     0.00      -6.27    0.59    1.40    0.44961    86.30  LEFT      5.66252E-01   107.60    1.24713E+00  -168.91
 -138.00     0.00      -6.60    0.59    1.35    0.43332    86.60  LEFT      5.45270E-01   107.62    1.24713E+00  -168.71
 -136.00     0.00      -6.94    0.59    1.30    0.41664    86.89  LEFT      5.23871E-01   107.63    1.24713E+00  -168.50
 -134.00     0.00      -7.31    0.59    1.24    0.39964    87.17  LEFT      5.02109E-01   107.64    1.24713E+00  -168.28
 -132.00     0.00      -7.70    0.59    1.19    0.38235    87.43  LEFT      4.80038E-01   107.66    1.24713E+00  -168.05
 -130.00     0.00      -8.12    0.59    1.14    0.36480    87.68  LEFT      4.57706E-01   107.67    1.24713E+00  -167.82
 -128.00     0.00      -8.56    0.59    1.09    0.34705    87.92  LEFT      4.35160E-01   107.69    1.24713E+00  -167.58
 -126.00     0.00      -9.02    0.59    1.04    0.32913    88.14  LEFT      4.12441E-01   107.70    1.24713E+00  -167.33
 -124.00     0.00      -9.52    0.59    0.99    0.31106    88.35  LEFT      3.89589E-01   107.71    1.24713E+00  -167.08
 -122.00     0.00     -10.04    0.59    0.95    0.29289    88.54  LEFT      3.66636E-01   107.73    1.24713E+00  -166.82
 -120.00     0.00     -10.61    0.59    0.91    0.27463    88.72  LEFT      3.43615E-01   107.74    1.24713E+00  -166.55
 -118.00     0.00     -11.21    0.59    0.87    0.25630    88.89  LEFT      3.20552E-01   107.75    1.24713E+00  -166.28
 -116.00     0.00     -11.86    0.59    0.83    0.23794    89.05  LEFT      2.97469E-01   107.77    1.24713E+00  -166.00
 -114.00     0.00     -12.56    0.59    0.80    0.21956    89.19  LEFT      2.74386E-01   107.78    1.24713E+00  -165.72
 -112.00     0.00     -13.32    0.59    0.76    0.20117    89.32  LEFT      2.51319E-01   107.79    1.24713E+00  -165.44
 -110.00     0.00     -14.16    0.59    0.73    0.18278    89.44  LEFT      2.28279E-01   107.80    1.24713E+00  -165.15
 -108.00     0.00     -15.08    0.59    0.71    0.16441    89.55  LEFT      2.05276E-01   107.81    1.24713E+00  -164.85
 -106.00     0.00     -16.11    0.59    0.68    0.14606    89.65  LEFT      1.82314E-01   107.82    1.24713E+00  -164.56
 -104.00     0.00     -17.28    0.59    0.66    0.12772    89.73  LEFT      1.59397E-01   107.83    1.24713E+00  -164.26
 -102.00     0.00     -18.62    0.59    0.64    0.10942    89.80  LEFT      1.36525E-01   107.83    1.24713E+00  -163.95
 -100.00     0.00     -20.21    0.59    0.63    0.09113    89.86  LEFT      1.13696E-01   107.84    1.24713E+00  -163.65
  -98.00     0.00     -22.16    0.59    0.61    0.07288    89.91  LEFT      9.09059E-02   107.84    1.24713E+00  -163.34
  -96.00     0.00     -24.66    0.59    0.60    0.05464    89.95  LEFT      6.81486E-02   107.85    1.24713E+00  -163.04
  -94.00     0.00     -28.18    0.59    0.60    0.03642    89.98  LEFT      4.54174E-02   107.85    1.24713E+00  -162.73
  -92.00     0.00     -34.21    0.59    0.59    0.01820    90.00  LEFT      2.27041E-02   107.85    1.24713E+00  -162.42
  -90.00     0.00    -999.99    0.59    0.59    0.00000   -90.00  LINEAR    3.31917E-12   107.85    1.24713E+00  -162.11
  -88.00     0.00     -34.21    0.59    0.59    0.01820    89.99  RIGHT     2.27041E-02   -72.15    1.24713E+00  -161.80
  -86.00     0.00     -28.18    0.59    0.60    0.03642    89.98  RIGHT     4.54174E-02   -72.15    1.24713E+00  -161.49
  -84.00     0.00     -24.66    0.59    0.60    0.05464    89.95  RIGHT     6.81486E-02   -72.15    1.24713E+00  -161.18
  -82.00     0.00     -22.16    0.59    0.61    0.07287    89.91  RIGHT     9.09059E-02   -72.16    1.24713E+00  -160.87
  -80.00     0.00     -20.21    0.59    0.63    0.09113    89.85  RIGHT     1.13696E-01   -72.16    1.24713E+00  -160.56
  -78.00     0.00     -18.62    0.59    0.64    0.10941    89.79  RIGHT     1.36525E-01   -72.17    1.24713E+00  -160.26
  -76.00     0.00     -17.28    0.59    0.66    0.12771    89.71  RIGHT     1.59397E-01   -72.17    1.24713E+00  -159.96
  -74.00     0.00     -16.11    0.59    0.68    0.14604    89.62  RIGHT     1.82314E-01   -72.18    1.24713E+00  -159.66
  -72.00     0.00     -15.08    0.59    0.71    0.16439    89.52  RIGHT     2.05276E-01   -72.19    1.24713E+00  -159.36
  -70.00     0.00     -14.16    0.59    0.73    0.18275    89.41  RIGHT     2.28279E-01   -72.20    1.24713E+00  -159.07
  -68.00     0.00     -13.32    0.59    0.76    0.20113    89.28  RIGHT     2.51319E-01   -72.21    1.24713E+00  -158.78
  -66.00     0.00     -12.56    0.59    0.80    0.21950    89.14  RIGHT     2.74386E-01   -72.22    1.24713E+00  -158.49
  -64.00     0.00     -11.86    0.59    0.83    0.23786    88.98  RIGHT     2.97469E-01   -72.23    1.24713E+00  -158.21
  -62.00     0.00     -11.21    0.59    0.87    0.25620    88.82  RIGHT     3.20552E-01   -72.25    1.24713E+00  -157.94
  -60.00     0.00     -10.61    0.59    0.91    0.27449    88.63  RIGHT     3.43615E-01   -72.26    1.24713E+00  -157.66
  -58.00     0.00     -10.04    0.59    0.95    0.29272    88.44  RIGHT     3.66636E-01   -72.27    1.24713E+00  -157.40
  -56.00     0.00      -9.52    0.59    0.99    0.31086    88.22  RIGHT     3.89589E-01   -72.29    1.24713E+00  -157.14
  -54.00     0.00      -9.02    0.59    1.04    0.32888    88.00  RIGHT     4.12441E-01   -72.30    1.24713E+00  -156.88
  -52.00     0.00      -8.56    0.59    1.09    0.34675    87.75  RIGHT     4.35160E-01   -72.31    1.24713E+00  -156.64
  -50.00     0.00      -8.12    0.59    1.14    0.36444    87.49  RIGHT     4.57706E-01   -72.33    1.24713E+00  -156.40
  -48.00     0.00      -7.70    0.59    1.19    0.38191    87.22  RIGHT     4.80038E-01   -72.34    1.24713E+00  -156.16
  -46.00     0.00      -7.31    0.59    1.24    0.39912    86.93  RIGHT     5.02109E-01   -72.36    1.24713E+00  -155.93
  -44.00     0.00      -6.94    0.59    1.30    0.41604    86.63  RIGHT     5.23871E-01   -72.37    1.24713E+00  -155.72
  -42.00     0.00      -6.60    0.59    1.35    0.43261    86.31  RIGHT     5.45270E-01   -72.38    1.24713E+00  -155.50
  -40.00     0.00      -6.27    0.59    1.40    0.44879    85.98  RIGHT     5.66252E-01   -72.40    1.24713E+00  -155.30
  -38.00     0.00      -5.96    0.59    1.46    0.46454    85.63  RIGHT     5.86759E-01   -72.41    1.24713E+00  -155.11
  -36.00     0.00      -5.67    0.59    1.51    0.47981    85.27  RIGHT     6.06731E-01   -72.42    1.24713E+00  -154.92
  -34.00     0.00      -5.40    0.59    1.57    0.49455    84.90  RIGHT     6.26105E-01   -72.44    1.24713E+00  -154.74
  -32.00     0.00      -5.14    0.59    1.62    0.50871    84.53  RIGHT     6.44819E-01   -72.45    1.24713E+00  -154.57
  -30.00     0.00      -4.90    0.59    1.67    0.52224    84.14  RIGHT     6.62810E-01   -72.46    1.24713E+00  -154.41
  -28.00     0.00      -4.68    0.59    1.72    0.53511    83.75  RIGHT     6.80012E-01   -72.47    1.24713E+00  -154.26
  -26.00     0.00      -4.47    0.59    1.77    0.54726    83.36  RIGHT     6.96363E-01   -72.48    1.24713E+00  -154.12
  -24.00     0.00      -4.28    0.59    1.81    0.55866    82.97  RIGHT     7.11799E-01   -72.49    1.24713E+00  -153.99
  -22.00     0.00      -4.11    0.59    1.86    0.56927    82.59  RIGHT     7.26260E-01   -72.50    1.24713E+00  -153.87
  -20.00     0.00      -3.95    0.59    1.90    0.57905    82.22  RIGHT     7.39686E-01   -72.51    1.24713E+00  -153.76
  -18.00     0.00      -3.80    0.59    1.94    0.58799    81.86  RIGHT     7.52021E-01   -72.52    1.24713E+00  -153.66
  -16.00     0.00      -3.68    0.59    1.97    0.59604    81.52  RIGHT     7.63212E-01   -72.53    1.24713E+00  -153.57
  -14.00     0.00      -3.56    0.59    2.00    0.60318    81.21  RIGHT     7.73211E-01   -72.53    1.24713E+00  -153.49
  -12.00     0.00      -3.46    0.59    2.03    0.60941    80.93  RIGHT     7.81971E-01   -72.54    1.24713E+00  -153.42
  -10.00     0.00      -3.38    0.59    2.05    0.61470    80.68  RIGHT     7.89454E-01   -72.54    1.24713E+00  -153.36
   -8.00     0.00      -3.31    0.59    2.07    0.61904    80.47  RIGHT     7.95625E-01   -72.55    1.24713E+00  -153.31
   -6.00     0.00      -3.26    0.59    2.09    0.62242    80.30  RIGHT     8.00455E-01   -72.55    1.24713E+00  -153.27
   -4.00     0.00      -3.22    0.59    2.10    0.62484    80.18  RIGHT     8.03922E-01   -72.55    1.24713E+00  -153.24
   -2.00     0.00      -3.20    0.59    2.11    0.62630    80.11  RIGHT     8.06008E-01   -72.55    1.24713E+00  -153.23
    0.00     0.00      -3.19    0.59    2.11    0.62678    80.08  RIGHT     8.06705E-01   -72.56    1.24713E+00  -153.22
    2.00     0.00      -3.20    0.59    2.11    0.62630    80.11  RIGHT     8.06008E-01   -72.55    1.24713E+00  -153.23
    4.00     0.00      -3.22    0.59    2.10    0.62484    80.18  RIGHT     8.03922E-01   -72.55    1.24713E+00  -153.24
    6.00     0.00      -3.26    0.59    2.09    0.62242    80.30  RIGHT     8.00455E-01   -72.55    1.24713E+00  -153.27
    8.00     0.00      -3.31    0.59    2.07    0.61904    80.47  RIGHT     7.95625E-01   -72.55    1.24713E+00  -153.31
   10.00     0.00      -3.38    0.59    2.05    0.61470    80.68  RIGHT     7.89454E-01   -72.54    1.24713E+00  -153.36
   12.00     0.00      -3.46    0.59    2.03    0.60941    80.93  RIGHT     7.81971E-01   -72.54    1.24713E+00  -153.42
   14.00     0.00      -3.56    0.59    2.00    0.60318    81.21  RIGHT     7.73211E-01   -72.53    1.24713E+00  -153.49
   16.00     0.00      -3.68    0.59    1.97    0.59604    81.52  RIGHT     7.63212E-01   -72.53    1.24713E+00  -153.57
   18.00     0.00      -3.80    0.59    1.94    0.58799    81.86  RIGHT     7.52021E-01   -72.52    1.24713E+00  -153.66
   20.00     0.00      -3.95    0.59    1.90    0.57905    82.22  RIGHT     7.39686E-01   -72.51    1.24713E+00  -153.76
   22.00     0.00      -4.11    0.59    1.86    0.56927    82.59  RIGHT     7.26260E-01   -72.50    1.24713E+00  -153.87
   24.00     0.00      -4.28    0.59    1.81    0.55866    82.97  RIGHT     7.11799E-01   -72.49    1.24713E+00  -153.99
   26.00     0.00      -4.47    0.59    1.77    0.54726    83.36  RIGHT     6.96363E-01   -72.48    1.24713E+00  -154.12
   28.00     0.00      -4.68    0.59    1.72    0.53511    83.75  RIGHT     6.80012E-01   -72.47    1.24713E+00  -154.26
   30.00     0.00      -4.90    0.59    1.67    0.52224    84.14  RIGHT     6.62810E-01   -72.46    1.24713E+00  -154.41
   32.00     0.00      -5.14    0.59    1.62    0.50871    84.53  RIGHT     6.44819E-01   -72.45    1.24713E+00  -154.57
   34.00     0.00      -5.40    0.59    1.57    0.49455    84.90  RIGHT     6.26105E-01   -72.44    1.24713E+00  -154.74
   36.00     0.00      -5.67    0.59    1.51    0.47981    85.27  RIGHT     6.06731E-01   -72.42    1.24713E+00  -154.92
   38.00     0.00      -5.96    0.59    1.46    0.46454    85.63  RIGHT     5.86759E-01   -72.41    1.24713E+00  -155.11
   40.00     0.00      -6.27    0.59    1.40    0.44879    85.98  RIGHT     5.66252E-01   -72.40    1.24713E+00  -155.30
   42.00     0.00      -6.60    0.59    1.35    0.43261    86.31  RIGHT     5.45270E-01   -72.38    1.24713E+00  -155.50
   44.00     0.00      -6.94    0.59    1.30    0.41604    86.63  RIGHT     5.23871E-01   -72.37    1.24713E+00  -155.72
   46.00     0.00      -7.31    0.59    1.24    0.39912    86.93  RIGHT     5.02109E-01   -72.36    1.24713E+00  -155.93
   48.00     0.00      -7.70    0.59    1.19    0.38191    87.22  RIGHT     4.80038E-01   -72.34    1.24713E+00  -156.16
   50.00     0.00      -8.12    0.59    1.14    0.36444    87.49  RIGHT     4.57706E-01   -72.33    1.24713E+00  -156.40
   52.00     0.00      -8.56    0.59    1.09    0.34675    87.75  RIGHT     4.35160E-01   -72.31    1.24713E+00  -156.64
   54.00     0.00      -9.02    0.59    1.04    0.32888    88.00  RIGHT     4.12441E-01   -72.30    1.24713E+00  -156.88
   56.00     0.00      -9.52    0.59    0.99    0.31086    88.22  RIGHT     3.89589E-01   -72.29    1.24713E+00  -157.14
   58.00     0.00     -10.04    0.59    0.95    0.29272    88.44  RIGHT     3.66636E-01   -72.27    1.24713E+00  -157.40
   60.00     0.00     -10.61    0.59    0.91    0.27449    88.63  RIGHT     3.43615E-01   -72.26    1.24713E+00  -157.66
   62.00     0.00     -11.21    0.59    0.87    0.25620    88.82  RIGHT     3.20552E-01   -72.25    1.24713E+00  -157.94
   64.00     0.00     -11.86    0.59    0.83    0.23786    88.98  RIGHT     2.97469E-01   -72.23    1.24713E+00  -158.21
   66.00     0.00     -12.56    0.59    0.80    0.21950    89.14  RIGHT     2.74386E-01   -72.22    1.24713E+00  -158.49
   68.00     0.00     -13.32    0.59    0.76    0.20113    89.28  RIGHT     2.51319E-01   -72.21    1.24713E+00  -158.78
   70.00     0.00     -14.16    0.59    0.73    0.18275    89.41  RIGHT     2.28279E-01   -72.20    1.24713E+00  -159.07
   72.00     0.00     -15.08    0.59    0.71    0.16439    89.52  RIGHT     2.05276E-01   -72.19    1.24713E+00  -159.36
   74.00     0.00     -16.11    0.59    0.68    0.14604    89.62  RIGHT     1.82314E-01   -72.18    1.24713E+00  -159.66
   76.00     0.00     -17.28    0.59    0.66    0.12771    89.71  RIGHT     1.59397E-01   -72.17    1.24713E+00  -159.96
   78.00     0.00     -18.62    0.59    0.64    0.10941    89.79  RIGHT     1.36525E-01   -72.17    1.24713E+00  -160.26
   80.00     0.00     -20.21    0.59    0.63    0.09113    89.85  RIGHT     1.13696E-01   -72.16    1.24713E+00  -160.56
   82.00     0.00     -22.16    0.59    0.61    0.07287    89.91  RIGHT     9.09059E-02   -72.16    1.24713E+00  -160.87
   84.00     0.00     -24.66    0.59    0.60    0.05464    89.95  RIGHT     6.81486E-02   -72.15    1.24713E+00  -161.18
   86.00     0.00     -28.18    0.59    0.60    0.03642    89.98  RIGHT     4.54174E-02   -72.15    1.24713E+00  -161.49
   88.00     0.00     -34.21    0.59    0.59    0.01820    89.99  RIGHT     2.27041E-02   -72.15    1.24713E+00  -161.80
   90.00     0.00    -999.99    0.59    0.59    0.00000   -90.00  LINEAR    3.31917E-12   107.85    1.24713E+00  -162.11
   92.00     0.00     -34.21    0.59    0.59    0.01820    90.00  LEFT      2.27041E-02   107.85    1.24713E+00  -162.42
   94.00     0.00     -28.18    0.59    0.60    0.03642    89.98  LEFT      4.54174E-02   107.85    1.24713E+00  -162.73
   96.00     0.00     -24.66    0.59    0.60    0.05464    89.95  LEFT      6.81486E-02   107.85    1.24713E+00  -163.04
   98.00     0.00     -22.16    0.59    0.61    0.07288    89.91  LEFT      9.09059E-02   107.84    1.24713E+00  -163.34
  100.00     0.00     -20.21    0.59    0.63    0.09113    89.86  LEFT      1.13696E-01   107.84    1.24713E+00  -163.65
  102.00     0.00     -18.62    0.59    0.64    0.10942    89.80  LEFT      1.36525E-01   107.83    1.24713E+00  -163.95
  104.00     0.00     -17.28    0.59    0.66    0.12772    89.73  LEFT      1.59397E-01   107.83    1.24713E+00  -164.26
  106.00     0.00     -16.11    0.59    0.68    0.14606    89.65  LEFT      1.82314E-01   107.82    1.24713E+00  -164.56
  108.00     0.00     -15.08    0.59    0.71    0.16441    89.55  LEFT      2.05276E-01   107.81    1.24713E+00  -164.85
  110.00     0.00     -14.16    0.59    0.73    0.18278    89.44  LEFT      2.28279E-01   107.80    1.24713E+00  -165.15
  112.00     0.00     -13.32    0.59    0.76    0.20117    89.32  LEFT      2.51319E-01   107.79    1.24713E+00  -165.44
  114.00     0.00     -12.56    0.59    0.80    0.21956    89.19  LEFT      2.74386E-01   107.78    1.24713E+00  -165.72
  116.00     0.00     -11.86    0.59    0.83    0.23794    89.05  LEFT      2.97469E-01   107.77    1.24713E+00  -166.00
  118.00     0.00     -11.21    0.59    0.87    0.25630    88.89  LEFT      3.20552E-01   107.75    1.24713E+00  -166.28
  120.00     0.00     -10.61    0.59    0.91    0.27463    88.72  LEFT      3.43615E-01   107.74    1.24713E+00  -166.55
  122.00     0.00     -10.04    0.59    0.95    0.29289    88.54  LEFT      3.66636E-01   107.73    1.24713E+00  -166.82
  124.00     0.00      -9.52    0.59    0.99    0.31106    88.35  LEFT      3.89589E-01   107.71    1.24713E+00  -167.08
  126.00     0.00      -9.02    0.59    1.04    0.32913    88.14  LEFT      4.12441E-01   107.70    1.24713E+00  -167.33
  128.00     0.00      -8.56    0.59    1.09    0.34705    87.92  LEFT      4.35160E-01   107.69    1.24713E+00  -167.58
  130.00     0.00      -8.12    0.59    1.14    0.36480    87.68  LEFT      4.57706E-01   107.67    1.24713E+00  -167.82
  132.00     0.00      -7.70    0.59    1.19    0.38235    87.43  LEFT      4.80038E-01   107.66    1.24713E+00  -168.05
  134.00     0.00      -7.31    0.59    1.24    0.39964    87.17  LEFT      5.02109E-01   107.64    1.24713E+00  -168.28
  136.00     0.00      -6.94    0.59    1.30    0.41664    86.89  LEFT      5.23871E-01   107.63    1.24713E+00  -168.50
  138.00     0.00      -6.60    0.59    1.35    0.43332    86.60  LEFT      5.45270E-01   107.62    1.24713E+00  -168.71
  140.00     0.00      -6.27    0.59    1.40    0.44961    86.30  LEFT      5.66252E-01   107.60    1.24713E+00  -168.91
  142.00     0.00      -5.96    0.59    1.46    0.46548    85.99  LEFT      5.86759E-01   107.59    1.24713E+00  -169.11
  144.00     0.00      -5.67    0.59    1.51    0.48088    85.66  LEFT      6.06731E-01   107.58    1.24713E+00  -169.30
  146.00     0.00      -5.40    0.59    1.57    0.49576    85.33  LEFT      6.26105E-01   107.56    1.24713E+00  -169.47
  148.00     0.00      -5.14    0.59    1.62    0.51008    84.99  LEFT      6.44819E-01   107.55    1.24713E+00  -169.64
  150.00     0.00      -4.90    0.59    1.67    0.52377    84.64  LEFT      6.62810E-01   107.54    1.24713E+00  -169.80
  152.00     0.00      -4.68    0.59    1.72    0.53681    84.29  LEFT      6.80012E-01   107.53    1.24713E+00  -169.95
  154.00     0.00      -4.47    0.59    1.77    0.54914    83.94  LEFT      6.96363E-01   107.52    1.24713E+00  -170.09
  156.00     0.00      -4.28    0.59    1.81    0.56072    83.58  LEFT      7.11799E-01   107.51    1.24713E+00  -170.23
  158.00     0.00      -4.11    0.59    1.86    0.57151    83.24  LEFT      7.26260E-01   107.50    1.24713E+00  -170.35
  160.00     0.00      -3.95    0.59    1.90    0.58148    82.90  LEFT      7.39686E-01   107.49    1.24713E+00  -170.46
  162.00     0.00      -3.80    0.59    1.94    0.59059    82.58  LEFT      7.52021E-01   107.48    1.24713E+00  -170.56
  164.00     0.00      -3.68    0.59    1.97    0.59881    82.27  LEFT      7.63212E-01   107.47    1.24713E+00  -170.65
  166.00     0.00      -3.56    0.59    2.00    0.60612    81.99  LEFT      7.73211E-01   107.47    1.24713E+00  -170.73
  168.00     0.00      -3.46    0.59    2.03    0.61249    81.73  LEFT      7.81971E-01   107.46    1.24713E+00  -170.80
  170.00     0.00      -3.38    0.59    2.05    0.61792    81.51  LEFT      7.89454E-01   107.46    1.24713E+00  -170.86
  172.00     0.00      -3.31    0.59    2.07    0.62237    81.32  LEFT      7.95625E-01   107.45    1.24713E+00  -170.91
  174.00     0.00      -3.26    0.59    2.09    0.62585    81.16  LEFT      8.00455E-01   107.45    1.24713E+00  -170.94
  176.00     0.00      -3.22    0.59    2.10    0.62833    81.05  LEFT      8.03922E-01   107.45    1.24713E+00  -170.97
  178.00     0.00      -3.20    0.59    2.11    0.62983    80.98  LEFT      8.06008E-01   107.45    1.24713E+00  -170.99
  180.00     0.00      -3.19    0.59    2.11    0.63033    80.96  LEFT      8.06705E-01   107.44    1.24713E+00  -170.99




                                 - - - - - - FREQUENCY - - - - - -

                                    FREQUENCY= 1.4900E+03 MHZ
                                    WAVELENGTH= 2.0121E-01 METERS




                    APPROXIMATE INTEGRATION EMPLOYED FOR SEGMENTS MORE THAN   1.000 WAVELENGTHS APART

                    THE EXTENDED THIN WIRE KERNEL WILL BE USED



                               - - - STRUCTURE IMPEDANCE LOADING - - -

                                   THIS STRUCTURE IS NOT LOADED



                                  - - - ANTENNA ENVIRONMENT - - -

                                            FREE SPACE



                                - - - MATRIX TIMING - - -

                        FILL=    0.000 SEC.,  FACTOR=    0.000 SEC.



                                            - - - NETWORK DATA - - -

      - FROM -    - TO -           TRANSMISSION LINE               -  -  SHUNT ADMITTANCES (MHOS)  -  -              LINE
      TAG  SEG.   TAG  SEG.      IMPEDANCE      LENGTH            - END ONE -                 - END TWO -            TYPE
      NO.   NO.   NO.   NO.         OHMS        METERS         REAL          IMAG.         REAL          IMAG.
        1    11     2    32     5.0000E+01    4.2500E-02    0.0000E+00    0.0000E+00    0.0000E+00    0.0000E+00   STRAIGHT



                           - - - STRUCTURE EXCITATION DATA AT NETWORK CONNECTION POINTS - - -

   TAG   SEG.    VOLTAGE (VOLTS)         CURRENT (AMPS)         IMPEDANCE (OHMS)        ADMITTANCE (MHOS)      POWER
   NO.   NO.    REAL        IMAG.       REAL        IMAG.       REAL        IMAG.       REAL        IMAG.     (WATTS)
     1    11 1.07779E-01-1.48332E+00 7.37428E-03-2.00728E-02 6.68474E+01-1.91888E+01 1.38206E-02 3.96726E-03 1.52846E-02
     2    32 1.00000E+00 0.00000E+00 1.38206E-02 3.96726E-03 6.68474E+01-1.91888E+01 1.38206E-02 3.96726E-03 6.91032E-03



                                          - - - ANTENNA INPUT PARAMETERS - - -

   TAG   SEG.    VOLTAGE (VOLTS)         CURRENT (AMPS)         IMPEDANCE (OHMS)        ADMITTANCE (MHOS)      POWER
   NO.   NO.    REAL        IMAG.       REAL        IMAG.       REAL        IMAG.       REAL        IMAG.     (WATTS)
     2    32 1.00000E+00 0.00000E+00 4.43898E-02 1.21696E-03 2.25108E+01-6.17139E-01 4.43898E-02 1.21696E-03 2.21949E-02



                             - - - CURRENTS AND LOCATION - - -

                                 DISTANCES IN WAVELENGTHS


  SEG.  TAG    COORD. OF SEG. CENTER     SEG.            - - - CURRENT (AMPS) - - -
  NO.   NO.     X        Y        Z      LENGTH     REAL        IMAG.       MAG.        PHASE
     1    1   0.0000  -0.2201   0.0248  0.02201   5.4529E-04 -2.2918E-03  2.3558E-03  -76.617
     2    1   0.0000  -0.1981   0.0248  0.02201   1.3848E-03 -5.6333E-03  5.8010E-03  -76.189
     3    1   0.0000  -0.1761   0.0248  0.02201   2.1646E-03 -8.5124E-03  8.7833E-03  -75.733
     4    1   0.0000  -0.1541   0.0248  0.02201   2.9239E-03 -1.1106E-02  1.1485E-02  -75.251
     5    1   0.0000  -0.1321   0.0248  0.02201   3.6612E-03 -1.3413E-02  1.3904E-02  -74.733
     6    1   0.0000  -0.1100   0.0248  0.02201   4.3710E-03 -1.5414E-02  1.6022E-02  -74.168
     7    1   0.0000  -0.0880   0.0248  0.02201   5.0470E-03 -1.7086E-02  1.7815E-02  -73.543
     8    1   0.0000  -0.0660   0.0248  0.02201   5.6846E-03 -1.8404E-02  1.9262E-02  -72.835
     9    1   0.0000  -0.0440   0.0248  0.02201   6.2844E-03 -1.9351E-02  2.0346E-02  -72.008
    10    1   0.0000  -0.0220   0.0248  0.02201   6.8729E-03 -1.9908E-02  2.1061E-02  -70.954
    11    1   0.0000   0.0000   0.0248  0.02201   7.3743E-03 -2.0073E-02  2.1385E-02  -69.828
    12    1   0.0000   0.0220   0.0248  0.02201   6.8729E-03 -1.9908E-02  2.1061E-02  -70.954
    13    1   0.0000   0.0440   0.0248  0.02201   6.2844E-03 -1.9351E-02  2.0346E-02  -72.008
    14    1   0.0000   0.0660   0.0248  0.02201   5.6846E-03 -1.8404E-02  1.9262E-02  -72.835
    15    1   0.0000   0.0880   0.0248  0.02201   5.0470E-03 -1.7086E-02  1.7815E-02  -73.543
    16    1   0.0000   0.1100   0.0248  0.02201   4.3710E-03 -1.5414E-02  1.6022E-02  -74.168
    17    1   0.0000   0.1321   0.0248  0.02201   3.6612E-03 -1.3413E-02  1.3904E-02  -74.733
    18    1   0.0000   0.1541   0.0248  0.02201   2.9239E-03 -1.1106E-02  1.1485E-02  -75.251
    19    1   0.0000   0.1761   0.0248  0.02201   2.1646E-03 -8.5124E-03  8.7833E-03  -75.733
    20    1   0.0000   0.1981   0.0248  0.02201   1.3848E-03 -5.6333E-03  5.8010E-03  -76.189
    21    1   0.0000   0.2201   0.0248  0.02201   5.4529E-04 -2.2918E-03  2.3558E-03  -76.617
    22    2  -0.2201   0.0000   0.0000  0.02201   1.5635E-03  2.5401E-04  1.5840E-03    9.228
    23    2  -0.1981   0.0000   0.0000  0.02201   3.8453E-03  6.5420E-04  3.9006E-03    9.655
    24    2  -0.1761   0.0000   0.0000  0.02201   5.8141E-03  1.0368E-03  5.9058E-03   10.111
    25    2  -0.1541   0.0000   0.0000  0.02201   7.5905E-03  1.4196E-03  7.7221E-03   10.593
    26    2  -0.1321   0.0000   0.0000  0.02201   9.1736E-03  1.8017E-03  9.3489E-03   11.111
    27    2  -0.1100   0.0000   0.0000  0.02201   1.0550E-02  2.1802E-03  1.0773E-02   11.676
    28    2  -0.0880   0.0000   0.0000  0.02201   1.1704E-02  2.5521E-03  1.1979E-02   12.301
    29    2  -0.0660   0.0000   0.0000  0.02201   1.2619E-02  2.9155E-03  1.2952E-02   13.009
    30    2  -0.0440   0.0000   0.0000  0.02201   1.3283E-02  3.2715E-03  1.3680E-02   13.836
    31    2  -0.0220   0.0000   0.0000  0.02201   1.3686E-02  3.6391E-03  1.4161E-02   14.890
    32    2   0.0000   0.0000   0.0000  0.02201   1.3821E-02  3.9673E-03  1.4379E-02   16.016
    33    2   0.0220   0.0000   0.0000  0.02201   1.3686E-02  3.6391E-03  1.4161E-02   14.890
    34    2   0.0440   0.0000   0.0000  0.02201   1.3283E-02  3.2715E-03  1.3680E-02   13.836
    35    2   0.0660   0.0000   0.0000  0.02201   1.2619E-02  2.9155E-03  1.2952E-02   13.009
    36    2   0.0880   0.0000   0.0000  0.02201   1.1704E-02  2.5521E-03  1.1979E-02   12.301
    37    2   0.1100   0.0000   0.0000  0.02201   1.0550E-02  2.1802E-03  1.0773E-02   11.676
    38    2   0.1321   0.0000   0.0000  0.02201   9.1736E-03  1.8017E-03  9.3489E-03   11.111
    39    2   0.1541   0.0000   0.0000  0.02201   7.5905E-03  1.4196E-03  7.7221E-03   10.593
    40    2   0.1761   0.0000   0.0000  0.02201   5.8141E-03  1.0368E-03  5.9058E-03   10.111
    41    2   0.1981   0.0000   0.0000  0.02201   3.8453E-03  6.5420E-04  3.9006E-03    9.655
    42    2   0.2201   0.0000   0.0000  0.02201   1.5635E-03  2.5401E-04  1.5840E-03    9.228



                                        - - - POWER BUDGET - - -

                                           INPUT POWER   = 2.2195E-02 WATTS
                                           RADIATED POWER= 2.2195E-02 WATTS
                                           STRUCTURE LOSS= 0.0000E+00 WATTS
                                           NETWORK LOSS  =-6.9389E-18 WATTS
                                           EFFICIENCY    = 100.00 PERCENT



                                                - - - RADIATION PATTERNS - - -

  - - ANGLES - -           - POWER GAINS -       - - - POLARIZATION - - -    - - - E(THETA) - - -    - - - E(PHI) - - -
  THETA     PHI        VERT.   HOR.    TOTAL      AXIAL     TILT   SENSE     MAGNITUDE    PHASE      MAGNITUDE    PHASE 
 DEGREES  DEGREES       DB      DB      DB        RATIO     DEG.              VOLTS/M    DEGREES      VOLTS/M    DEGREES
 -180.00     0.00      -2.95    0.49    2.11    0.66625    84.21  LEFT      8.20979E-01   102.65    1.22098E+00  -172.14
 -178.00     0.00      -2.96    0.49    2.11    0.66570    84.23  LEFT      8.20267E-01   102.65    1.22098E+00  -172.13
 -176.00     0.00      -2.98    0.49    2.10    0.66404    84.28  LEFT      8.18134E-01   102.65    1.22098E+00  -172.12
 -174.00     0.00      -3.02    0.49    2.09    0.66128    84.37  LEFT      8.14590E-01   102.66    1.22098E+00  -172.09
 -172.00     0.00      -3.08    0.49    2.08    0.65743    84.50  LEFT      8.09653E-01   102.66    1.22098E+00  -172.05
 -170.00     0.00      -3.14    0.49    2.06    0.65250    84.66  LEFT      8.03345E-01   102.66    1.22098E+00  -172.00
 -168.00     0.00      -3.23    0.49    2.03    0.64652    84.84  LEFT      7.95696E-01   102.67    1.22098E+00  -171.94
 -166.00     0.00      -3.32    0.49    2.00    0.63949    85.05  LEFT      7.86743E-01   102.67    1.22098E+00  -171.87
 -164.00     0.00      -3.44    0.49    1.97    0.63146    85.27  LEFT      7.76525E-01   102.68    1.22098E+00  -171.79
 -162.00     0.00      -3.57    0.49    1.93    0.62244    85.51  LEFT      7.65090E-01   102.69    1.22098E+00  -171.70
 -160.00     0.00      -3.71    0.49    1.89    0.61247    85.77  LEFT      7.52487E-01   102.70    1.22098E+00  -171.60
 -158.00     0.00      -3.87    0.49    1.85    0.60160    86.03  LEFT      7.38772E-01   102.71    1.22098E+00  -171.49
 -156.00     0.00      -4.05    0.49    1.80    0.58985    86.29  LEFT      7.24002E-01   102.72    1.22098E+00  -171.36
 -154.00     0.00      -4.24    0.49    1.75    0.57728    86.56  LEFT      7.08238E-01   102.73    1.22098E+00  -171.23
 -152.00     0.00      -4.44    0.49    1.70    0.56394    86.82  LEFT      6.91543E-01   102.74    1.22098E+00  -171.09
 -150.00     0.00      -4.67    0.49    1.65    0.54986    87.08  LEFT      6.73983E-01   102.75    1.22098E+00  -170.94
 -148.00     0.00      -4.91    0.49    1.59    0.53511    87.34  LEFT      6.55621E-01   102.76    1.22098E+00  -170.78
 -146.00     0.00      -5.16    0.49    1.54    0.51974    87.59  LEFT      6.36525E-01   102.77    1.22098E+00  -170.61
 -144.00     0.00      -5.44    0.49    1.48    0.50380    87.82  LEFT      6.16760E-01   102.79    1.22098E+00  -170.43
 -142.00     0.00      -5.73    0.49    1.42    0.48733    88.05  LEFT      5.96390E-01   102.80    1.22098E+00  -170.24
 -140.00     0.00      -6.04    0.49    1.36    0.47040    88.27  LEFT      5.75480E-01   102.81    1.22098E+00  -170.04
 -138.00     0.00      -6.37    0.49    1.31    0.45306    88.48  LEFT      5.54090E-01   102.83    1.22098E+00  -169.84
 -136.00     0.00      -6.72    0.49    1.25    0.43535    88.67  LEFT      5.32280E-01   102.84    1.22098E+00  -169.63
 -134.00     0.00      -7.09    0.49    1.19    0.41732    88.85  LEFT      5.10108E-01   102.86    1.22098E+00  -169.41
 -132.00     0.00      -7.48    0.49    1.14    0.39902    89.03  LEFT      4.87626E-01   102.87    1.22098E+00  -169.18
 -130.00     0.00      -7.89    0.49    1.08    0.38049    89.19  LEFT      4.64885E-01   102.89    1.22098E+00  -168.94
 -128.00     0.00      -8.33    0.49    1.03    0.36176    89.33  LEFT      4.41932E-01   102.90    1.22098E+00  -168.70
 -126.00     0.00      -8.80    0.49    0.98    0.34289    89.47  LEFT      4.18810E-01   102.92    1.22098E+00  -168.45
 -124.00     0.00      -9.30    0.49    0.93    0.32389    89.59  LEFT      3.95558E-01   102.93    1.22098E+00  -168.19
 -122.00     0.00      -9.83    0.49    0.88    0.30480    89.71  LEFT      3.72212E-01   102.95    1.22098E+00  -167.93
 -120.00     0.00     -10.39    0.49    0.83    0.28565    89.81  LEFT      3.48802E-01   102.96    1.22098E+00  -167.66
 -118.00     0.00     -10.99    0.49    0.79    0.26646    89.90  LEFT      3.25356E-01   102.97    1.22098E+00  -167.39
 -116.00     0.00     -11.64    0.49    0.75    0.24726    89.97  LEFT      3.01896E-01   102.98    1.22098E+00  -167.11
 -114.00     0.00     -12.35    0.49    0.71    0.22805   -89.96  LEFT      2.78443E-01   103.00    1.22098E+00  -166.83
 -112.00     0.00     -13.11    0.49    0.68    0.20885   -89.90  LEFT      2.55012E-01   103.01    1.22098E+00  -166.54
 -110.00     0.00     -13.95    0.49    0.65    0.18968   -89.86  LEFT      2.31614E-01   103.02    1.22098E+00  -166.25
 -108.00     0.00     -14.87    0.49    0.62    0.17054   -89.82  LEFT      2.08258E-01   103.03    1.22098E+00  -165.96
 -106.00     0.00     -15.90    0.49    0.59    0.15143   -89.80  LEFT      1.84949E-01   103.04    1.22098E+00  -165.66
 -104.00     0.00     -17.07    0.49    0.57    0.13237   -89.78  LEFT      1.61691E-01   103.05    1.22098E+00  -165.36
 -102.00     0.00     -18.41    0.49    0.55    0.11335   -89.78  LEFT      1.38482E-01   103.05    1.22098E+00  -165.05
 -100.00     0.00     -20.00    0.49    0.53    0.09438   -89.79  LEFT      1.15320E-01   103.06    1.22098E+00  -164.75
  -98.00     0.00     -21.95    0.49    0.52    0.07544   -89.81  LEFT      9.22004E-02   103.06    1.22098E+00  -164.44
  -96.00     0.00     -24.45    0.49    0.51    0.05654   -89.84  LEFT      6.91169E-02   103.07    1.22098E+00  -164.13
  -94.00     0.00     -27.97    0.49    0.50    0.03767   -89.88  LEFT      4.60617E-02   103.07    1.22098E+00  -163.82
  -92.00     0.00     -34.00    0.49    0.49    0.01882   -89.94  LEFT      2.30259E-02   103.07    1.22098E+00  -163.50
  -90.00     0.00    -999.99    0.49    0.49    0.00000   -90.00  LINEAR    3.36619E-12   103.07    1.22098E+00  -163.19
  -88.00     0.00     -34.00    0.49    0.49    0.01881    89.92  RIGHT     2.30259E-02   -76.93    1.22098E+00  -162.88
  -86.00     0.00     -27.97    0.49    0.50    0.03762    89.84  RIGHT     4.60617E-02   -76.93    1.22098E+00  -162.57
  -84.00     0.00     -24.45    0.49    0.51    0.05642    89.73  RIGHT     6.91169E-02   -76.93    1.22098E+00  -162.26
  -82.00     0.00     -21.95    0.49    0.52    0.07522    89.62  RIGHT     9.22004E-02   -76.94    1.22098E+00  -161.95
  -80.00     0.00     -20.00    0.49    0.53    0.09404    89.50  RIGHT     1.15320E-01   -76.94    1.22098E+00  -161.64
  -78.00     0.00     -18.41    0.49    0.55    0.11286    89.36  RIGHT     1.38482E-01   -76.95    1.22098E+00  -161.33
  -76.00     0.00     -17.07    0.49    0.57    0.13169    89.20  RIGHT     1.61691E-01   -76.95    1.22098E+00  -161.03
  -74.00     0.00     -15.90    0.49    0.59    0.15054    89.04  RIGHT     1.84949E-01   -76.96    1.22098E+00  -160.73
  -72.00     0.00     -14.87    0.49    0.62    0.16939    88.85  RIGHT     2.08258E-01   -76.97    1.22098E+00  -160.43
  -70.00     0.00     -13.95    0.49    0.65    0.18824    88.66  RIGHT     2.31614E-01   -76.98    1.22098E+00  -160.13
  -68.00     0.00     -13.11    0.49    0.68    0.20709    88.44  RIGHT     2.55012E-01   -76.99    1.22098E+00  -159.84
  -66.00     0.00     -12.35    0.49    0.71    0.22592    88.22  RIGHT     2.78443E-01   -77.00    1.22098E+00  -159.55
  -64.00     0.00     -11.64    0.49    0.75    0.24471    87.97  RIGHT     3.01896E-01   -77.02    1.22098E+00  -159.27
  -62.00     0.00     -10.99    0.49    0.79    0.26346    87.71  RIGHT     3.25356E-01   -77.03    1.22098E+00  -158.99
  -60.00     0.00     -10.39    0.49    0.83    0.28214    87.43  RIGHT     3.48802E-01   -77.04    1.22098E+00  -158.72
  -58.00     0.00      -9.83    0.49    0.88    0.30073    87.13  RIGHT     3.72212E-01   -77.05    1.22098E+00  -158.45
  -56.00     0.00      -9.30    0.49    0.93    0.31920    86.81  RIGHT     3.95558E-01   -77.07    1.22098E+00  -158.19
  -54.00     0.00      -8.80    0.49    0.98    0.33751    86.48  RIGHT     4.18810E-01   -77.08    1.22098E+00  -157.93
  -52.00     0.00      -8.33    0.49    1.03    0.35565    86.12  RIGHT     4.41932E-01   -77.10    1.22098E+00  -157.68
  -50.00     0.00      -7.89    0.49    1.08    0.37356    85.75  RIGHT     4.64885E-01   -77.11    1.22098E+00  -157.44
  -48.00     0.00      -7.48    0.49    1.14    0.39121    85.35  RIGHT     4.87626E-01   -77.13    1.22098E+00  -157.21
  -46.00     0.00      -7.09    0.49    1.19    0.40856    84.94  RIGHT     5.10108E-01   -77.14    1.22098E+00  -156.98
  -44.00     0.00      -6.72    0.49    1.25    0.42556    84.50  RIGHT     5.32280E-01   -77.16    1.22098E+00  -156.76
  -42.00     0.00      -6.37    0.49    1.31    0.44216    84.05  RIGHT     5.54090E-01   -77.17    1.22098E+00  -156.54
  -40.00     0.00      -6.04    0.49    1.36    0.45833    83.58  RIGHT     5.75480E-01   -77.19    1.22098E+00  -156.34
  -38.00     0.00      -5.73    0.49    1.42    0.47400    83.09  RIGHT     5.96390E-01   -77.20    1.22098E+00  -156.14
  -36.00     0.00      -5.44    0.49    1.48    0.48913    82.58  RIGHT     6.16760E-01   -77.21    1.22098E+00  -155.95
  -34.00     0.00      -5.16    0.49    1.54    0.50368    82.07  RIGHT     6.36525E-01   -77.23    1.22098E+00  -155.78
  -32.00     0.00      -4.91    0.49    1.59    0.51759    81.54  RIGHT     6.55621E-01   -77.24    1.22098E+00  -155.61
  -30.00     0.00      -4.67    0.49    1.65    0.53083    81.00  RIGHT     6.73983E-01   -77.25    1.22098E+00  -155.44
  -28.00     0.00      -4.44    0.49    1.70    0.54334    80.46  RIGHT     6.91543E-01   -77.26    1.22098E+00  -155.29
  -26.00     0.00      -4.24    0.49    1.75    0.55510    79.92  RIGHT     7.08238E-01   -77.27    1.22098E+00  -155.15
  -24.00     0.00      -4.05    0.49    1.80    0.56607    79.38  RIGHT     7.24002E-01   -77.28    1.22098E+00  -155.02
  -22.00     0.00      -3.87    0.49    1.85    0.57621    78.86  RIGHT     7.38772E-01   -77.29    1.22098E+00  -154.90
  -20.00     0.00      -3.71    0.49    1.89    0.58552    78.35  RIGHT     7.52487E-01   -77.30    1.22098E+00  -154.79
  -18.00     0.00      -3.57    0.49    1.93    0.59396    77.86  RIGHT     7.65090E-01   -77.31    1.22098E+00  -154.68
  -16.00     0.00      -3.44    0.49    1.97    0.60152    77.40  RIGHT     7.76525E-01   -77.32    1.22098E+00  -154.59
  -14.00     0.00      -3.32    0.49    2.00    0.60820    76.98  RIGHT     7.86743E-01   -77.33    1.22098E+00  -154.51
  -12.00     0.00      -3.23    0.49    2.03    0.61399    76.59  RIGHT     7.95696E-01   -77.33    1.22098E+00  -154.44
  -10.00     0.00      -3.14    0.49    2.06    0.61888    76.26  RIGHT     8.03345E-01   -77.34    1.22098E+00  -154.38
   -8.00     0.00      -3.08    0.49    2.08    0.62288    75.98  RIGHT     8.09653E-01   -77.34    1.22098E+00  -154.33
   -6.00     0.00      -3.02    0.49    2.09    0.62599    75.75  RIGHT     8.14590E-01   -77.34    1.22098E+00  -154.29
   -4.00     0.00      -2.98    0.49    2.10    0.62820    75.59  RIGHT     8.18134E-01   -77.35    1.22098E+00  -154.27
   -2.00     0.00      -2.96    0.49    2.11    0.62953    75.49  RIGHT     8.20267E-01   -77.35    1.22098E+00  -154.25
    0.00     0.00      -2.95    0.49    2.11    0.62997    75.45  RIGHT     8.20979E-01   -77.35    1.22098E+00  -154.25
    2.00     0.00      -2.96    0.49    2.11    0.62953    75.49  RIGHT     8.20267E-01   -77.35    1.22098E+00  -154.25
    4.00     0.00      -2.98    0.49    2.10    0.62820    75.59  RIGHT     8.18134E-01   -77.35    1.22098E+00  -154.27
    6.00     0.00      -3.02    0.49    2.09    0.62599    75.75  RIGHT     8.14590E-01   -77.34    1.22098E+00  -154.29
    8.00     0.00      -3.08    0.49    2.08    0.62288    75.98  RIGHT     8.09653E-01   -77.34    1.22098E+00  -154.33
   10.00     0.00      -3.14    0.49    2.06    0.61888    76.26  RIGHT     8.03345E-01   -77.34    1.22098E+00  -154.38
   12.00     0.00      -3.23    0.49    2.03    0.61399    76.59  RIGHT     7.95696E-01   -77.33    1.22098E+00  -154.44
   14.00     0.00      -3.32    0.49    2.00    0.60820    76.98  RIGHT     7.86743E-01   -77.33    1.22098E+00  -154.51
   16.00     0.00      -3.44    0.49    1.97    0.60152    77.40  RIGHT     7.76525E-01   -77.32    1.22098E+00  -154.59
   18.00     0.00      -3.57    0.49    1.93    0.59396    77.86  RIGHT     7.65090E-01   -77.31    1.22098E+00  -154.68
   20.00     0.00      -3.71    0.49    1.89    0.58552    78.35  RIGHT     7.52487E-01   -77.30    1.22098E+00  -154.79
   22.00     0.00      -3.87    0.49    1.85    0.57621    78.86  RIGHT     7.38772E-01   -77.29    1.22098E+00  -154.90
   24.00     0.00      -4.05    0.49    1.80    0.56607    79.38  RIGHT     7.24002E-01   -77.28    1.22098E+00  -155.02
   26.00     0.00      -4.24    0.49    1.75    0.55510    79.92  RIGHT     7.08238E-01   -77.27    1.22098E+00  -155.15
   28.00     0.00      -4.44    0.49    1.70    0.54334    80.46  RIGHT     6.91543E-01   -77.26    1.22098E+00  -155.29
   30.00     0.00      -4.67    0.49    1.65    0.53083    81.00  RIGHT     6.73983E-01   -77.25    1.22098E+00  -155.44
   32.00     0.00      -4.91    0.49    1.59    0.51759    81.54  RIGHT     6.55621E-01   -77.24    1.22098E+00  -155.61
   34.00     0.00      -5.16    0.49    1.54    0.50368    82.07  RIGHT     6.36525E-01   -77.23    1.22098E+00  -155.78
   36.00     0.00      -5.44    0.49    1.48    0.48913    82.58  RIGHT     6.16760E-01   -77.21    1.22098E+00  -155.95
   38.00     0.00      -5.73    0.49    1.42    0.47400    83.09  RIGHT     5.96390E-01   -77.20    1.22098E+00  -156.14
   40.00     0.00      -6.04    0.49    1.36    0.45833    83.58  RIGHT     5.75480E-01   -77.19    1.22098E+00  -156.34
   42.00     0.00      -6.37    0.49    1.31    0.44216    84.05  RIGHT     5.54090E-01   -77.17    1.22098E+00  -156.54
   44.00     0.00      -6.72    0.49    1.25    0.42556    84.50  RIGHT     5.32280E-01   -77.16    1.22098E+00  -156.76
   46.00     0.00      -7.09    0.49    1.19    0.40856    84.94  RIGHT     5.10108E-01   -77.14    1.22098E+00  -156.98
   48.00     0.00      -7.48    0.49    1.14    0.39121    85.35  RIGHT     4.87626E-01   -77.13    1.22098E+00  -157.21
   50.00     0.00      -7.89    0.49    1.08    0.37356    85.75  RIGHT     4.64885E-01   -77.11    1.22098E+00  -157.44
   52.00     0.00      -8.33    0.49    1.03    0.35565    86.12  RIGHT     4.41932E-01   -77.10    1.22098E+00  -157.68
   54.00     0.00      -8.80    0.49    0.98    0.33751    86.48  RIGHT     4.18810E-01   -77.08    1.22098E+00  -157.93
   56.00     0.00      -9.30    0.49    0.93    0.31920    86.81  RIGHT     3.95558E-01   -77.07    1.22098E+00  -158.19
   58.00     0.00      -9.83    0.49    0.88    0.30073    87.13  RIGHT     3.72212E-01   -77.05    1.22098E+00  -158.45
   60.00     0.00     -10.39    0.49    0.83    0.28214    87.43  RIGHT     3.48802E-01   -77.04    1.22098E+00  -158.72
   62.00     0.00     -10.99    0.49    0.79    0.26346    87.71  RIGHT     3.25356E-01   -77.03    1.22098E+00  -158.99
   64.00     0.00     -11.64    0.49    0.75    0.24471    87.97  RIGHT     3.01896E-01   -77.02    1.22098E+00  -159.27
   66.00     0.00     -12.35    0.49    0.71    0.22592    88.22  RIGHT     2.78443E-01   -77.00    1.22098E+00  -159.55
   68.00     0.00     -13.11    0.49    0.68    0.20709    88.44  RIGHT     2.55012E-01   -76.99    1.22098E+00  -159.84
   70.00     0.00     -13.95    0.49    0.65    0.18824    88.66  RIGHT     2.31614E-01   -76.98    1.22098E+00  -160.13
   72.00     0.00     -14.87    0.49    0.62    0.16939    88.85  RIGHT     2.08258E-01   -76.97    1.22098E+00  -160.43
   74.00     0.00     -15.90    0.49    0.59    0.15054    89.04  RIGHT     1.84949E-01   -76.96    1.22098E+00  -160.73
   76.00     0.00     -17.07    0.49    0.57    0.13169    89.20  RIGHT     1.61691E-01   -76.95    1.22098E+00  -161.03
   78.00     0.00     -18.41    0.49    0.55    0.11286    89.36  RIGHT     1.38482E-01   -76.95    1.22098E+00  -161.33
   80.00     0.00     -20.00    0.49    0.53    0.09404    89.50  RIGHT     1.15320E-01   -76.94    1.22098E+00  -161.64
   82.00     0.00     -21.95    0.49    0.52    0.07522    89.62  RIGHT     9.22004E-02   -76.94    1.22098E+00  -161.95
   84.00     0.00     -24.45    0.49    0.51    0.05642    89.73  RIGHT     6.91169E-02   -76.93    1.22098E+00  -162.26
   86.00     0.00     -27.97    0.49    0.50    0.03762    89.84  RIGHT     4.60617E-02   -76.93    1.22098E+00  -162.57
   88.00     0.00     -34.00    0.49    0.49    0.01881    89.92  RIGHT     2.30259E-02   -76.93    1.22098E+00  -162.88
   90.00     0.00    -999.99    0.49    0.49    0.00000   -90.00  LINEAR    3.36619E-12   103.07    1.22098E+00  -163.19
   92.00     0.00     -34.00    0.49    0.49    0.01882   -89.94  LEFT      2.30259E-02   103.07    1.22098E+00  -163.50
   94.00     0.00     -27.97    0.49    0.50    0.03767   -89.88  LEFT      4.60617E-02   103.07    1.22098E+00  -163.82
   96.00     0.00     -24.45    0.49    0.51    0.05654   -89.84  LEFT      6.91169E-02   103.07    1.22098E+00  -164.13
   98.00     0.00     -21.95    0.49    0.52    0.07544   -89.81  LEFT      9.22004E-02   103.06    1.22098E+00  -164.44
  100.00     0.00     -20.00    0.49    0.53    0.09438   -89.79  LEFT      1.15320E-01   103.06    1.22098E+00  -164.75
  102.00     0.00     -18.41    0.49    0.55    0.11335   -89.78  LEFT      1.38482E-01   103.05    1.22098E+00  -165.05
  104.00     0.00     -17.07    0.49    0.57    0.13237   -89.78  LEFT      1.61691E-01   103.05    1.22098E+00  -165.36
  106.00     0.00     -15.90    0.49    0.59    0.15143   -89.80  LEFT      1.84949E-01   103.04    1.22098E+00  -165.66
  108.00     0.00     -14.87    0.49    0.62    0.17054   -89.82  LEFT      2.08258E-01   103.03    1.22098E+00  -165.96
  110.00     0.00     -13.95    0.49    0.65    0.18968   -89.86  LEFT      2.31614E-01   103.02    1.22098E+00  -166.25
  112.00     0.00     -13.11    0.49    0.68    0.20885   -89.90  LEFT      2.55012E-01   103.01    1.22098E+00  -166.54
  114.00     0.00     -12.35    0.49    0.71    0.22805   -89.96  LEFT      2.78443E-01   103.00    1.22098E+00  -166.83
  116.00     0.00     -11.64    0.49    0.75    0.24726    89.97  LEFT      3.01896E-01   102.98    1.22098E+00  -167.11
  118.00     0.00     -10.99    0.49    0.79    0.26646    89.90  LEFT      3.25356E-01   102.97    1.22098E+00  -167.39
  120.00     0.00     -10.39    0.49    0.83    0.28565    89.81  LEFT      3.48802E-01   102.96    1.22098E+00  -167.66
  122.00     0.00      -9.83    0.49    0.88    0.30480    89.71  LEFT      3.72212E-01   102.95    1.22098E+00  -167.93
  124.00     0.00      -9.30    0.49    0.93    0.32389    89.59  LEFT      3.95558E-01   102.93    1.22098E+00  -168.19
  126.00     0.00      -8.80    0.49    0.98    0.34289    89.47  LEFT      4.18810E-01   102.92    1.22098E+00  -168.45
  128.00     0.00      -8.33    0.49    1.03    0.36176    89.33  LEFT      4.41932E-01   102.90    1.22098E+00  -168.70
  130.00     0.00      -7.89    0.49    1.08    0.38049    89.19  LEFT      4.64885E-01   102.89    1.22098E+00  -168.94
  132.00     0.00      -7.48    0.49    1.14    0.39902    89.03  LEFT      4.87626E-01   102.87    1.22098E+00  -169.18
  134.00     0.00      -7.09    0.49    1.19    0.41732    88.85  LEFT      5.10108E-01   102.86    1.22098E+00  -169.41
  136.00     0.00      -6.72    0.49    1.25    0.43535    88.67  LEFT      5.32280E-01   102.84    1.22098E+00  -169.63
  138.00     0.00      -6.37    0.49    1.31    0.45306    88.48  LEFT      5.54090E-01   102.83    1.22098E+00  -169.84
  140.00     0.00      -6.04    0.49    1.36    0.47040    88.27  LEFT      5.75480E-01   102.81    1.22098E+00  -170.04
  142.00     0.00      -5.73    0.49    1.42    0.48733    88.05  LEFT      5.96390E-01   102.80    1.22098E+00  -170.24
  144.00     0.00      -5.44    0.49    1.48    0.50380    87.82  LEFT      6.16760E-01   102.79    1.22098E+00  -170.43
  146.00     0.00      -5.16    0.49    1.54    0.51974    87.59  LEFT      6.36525E-01   102.77    1.22098E+00  -170.61
  148.00     0.00      -4.91    0.49    1.59    0.53511    87.34  LEFT      6.55621E-01   102.76    1.22098E+00  -170.78
  150.00     0.00      -4.67    0.49    1.65    0.54986    87.08  LEFT      6.73983E-01   102.75    1.22098E+00  -170.94
  152.00     0.00      -4.44    0.49    1.70    0.56394    86.82  LEFT      6.91543E-01   102.74    1.22098E+00  -171.09
  154.00     0.00      -4.24    0.49    1.75    0.57728    86.56  LEFT      7.08238E-01   102.73    1.22098E+00  -171.23
  156.00     0.00      -4.05    0.49    1.80    0.58985    86.29  LEFT      7.24002E-01   102.72    1.22098E+00  -171.36
  158.00     0.00      -3.87    0.49    1.85    0.60160    86.03  LEFT      7.38772E-01   102.71    1.22098E+00  -171.49
  160.00     0.00      -3.71    0.49    1.89    0.61247    85.77  LEFT      7.52487E-01   102.70    1.22098E+00  -171.60
  162.00     0.00      -3.57    0.49    1.93    0.62244    85.51  LEFT      7.65090E-01   102.69    1.22098E+00  -171.70
  164.00     0.00      -3.44    0.49    1.97    0.63146    85.27  LEFT      7.76525E-01   102.68    1.22098E+00  -171.79
  166.00     0.00      -3.32    0.49    2.00    0.63949    85.05  LEFT      7.86743E-01   102.67    1.22098E+00  -171.87
  168.00     0.00      -3.23    0.49    2.03    0.64652    84.84  LEFT      7.95696E-01   102.67    1.22098E+00  -171.94
  170.00     0.00      -3.14    0.49    2.06    0.65250    84.66  LEFT      8.03345E-01   102.66    1.22098E+00  -172.00
  172.00     0.00      -3.08    0.49    2.08    0.65743    84.50  LEFT      8.09653E-01   102.66    1.22098E+00  -172.05
  174.00     0.00      -3.02    0.49    2.09    0.66128    84.37  LEFT      8.14590E-01   102.66    1.22098E+00  -172.09
  176.00     0.00      -2.98    0.49    2.10    0.66404    84.28  LEFT      8.18134E-01   102.65    1.22098E+00  -172.12
  178.00     0.00      -2.96    0.49    2.11    0.66570    84.23  LEFT      8.20267E-01   102.65    1.22098E+00  -172.13
  180.00     0.00      -2.95    0.49    2.11    0.66625    84.21  LEFT      8.20979E-01   102.65    1.22098E+00  -172.14




                                 - - - - - - FREQUENCY - - - - - -

                                    FREQUENCY= 1.5000E+03 MHZ
                                    WAVELENGTH= 1.9987E-01 METERS




                    APPROXIMATE INTEGRATION EMPLOYED FOR SEGMENTS MORE THAN   1.000 WAVELENGTHS APART

                    THE EXTENDED THIN WIRE KERNEL WILL BE USED



                               - - - STRUCTURE IMPEDANCE LOADING - - -

                                   THIS STRUCTURE IS NOT LOADED



                                  - - - ANTENNA ENVIRONMENT - - -

                                            FREE SPACE



                                - - - MATRIX TIMING - - -

                        FILL=    0.000 SEC.,  FACTOR=    0.000 SEC.



                                            - - - NETWORK DATA - - -

      - FROM -    - TO -           TRANSMISSION LINE               -  -  SHUNT ADMITTANCES (MHOS)  -  -              LINE
      TAG  SEG.   TAG  SEG.      IMPEDANCE      LENGTH            - END ONE -                 - END TWO -            TYPE
      NO.   NO.   NO.   NO.         OHMS        METERS         REAL          IMAG.         REAL          IMAG.
        1    11     2    32     5.0000E+01    4.2500E-02    0.0000E+00    0.0000E+00    0.0000E+00    0.0000E+00   STRAIGHT



                           - - - STRUCTURE EXCITATION DATA AT NETWORK CONNECTION POINTS - - -

   TAG   SEG.    VOLTAGE (VOLTS)         CURRENT (AMPS)         IMPEDANCE (OHMS)        ADMITTANCE (MHOS)      POWER
   NO.   NO.    REAL        IMAG.       REAL        IMAG.       REAL        IMAG.       REAL        IMAG.     (WATTS)
     1    11 2.00452E-01-1.43125E+00 6.84529E-03-1.96052E-02 6.82527E+01-1.36065E+01 1.40914E-02 2.80918E-03 1.47160E-02
     2    32 1.00000E+00 0.00000E+00 1.40914E-02 2.80918E-03 6.82527E+01-1.36065E+01 1.40914E-02 2.80918E-03 7.04570E-03



                                          - - - ANTENNA INPUT PARAMETERS - - -

   TAG   SEG.    VOLTAGE (VOLTS)         CURRENT (AMPS)         IMPEDANCE (OHMS)        ADMITTANCE (MHOS)      POWER
   NO.   NO.    REAL        IMAG.       REAL        IMAG.       REAL        IMAG.       REAL        IMAG.     (WATTS)
     2    32 1.00000E+00 0.00000E+00 4.35235E-02 2.14852E-03 2.29202E+01-1.13145E+00 4.35235E-02 2.14852E-03 2.17617E-02



                             - - - CURRENTS AND LOCATION - - -

                                 DISTANCES IN WAVELENGTHS


  SEG.  TAG    COORD. OF SEG. CENTER     SEG.            - - - CURRENT (AMPS) - - -
  NO.   NO.     X        Y        Z      LENGTH     REAL        IMAG.       MAG.        PHASE
     1    1   0.0000  -0.2216   0.0250  0.02216   4.9186E-04 -2.2514E-03  2.3045E-03  -77.676
     2    1   0.0000  -0.1994   0.0250  0.02216   1.2529E-03 -5.5340E-03  5.6741E-03  -77.243
     3    1   0.0000  -0.1773   0.0250  0.02216   1.9642E-03 -8.3616E-03  8.5892E-03  -76.780
     4    1   0.0000  -0.1551   0.0250  0.02216   2.6608E-03 -1.0907E-02  1.1227E-02  -76.291
     5    1   0.0000  -0.1329   0.0250  0.02216   3.3410E-03 -1.3169E-02  1.3586E-02  -75.765
     6    1   0.0000  -0.1108   0.0250  0.02216   3.9995E-03 -1.5128E-02  1.5648E-02  -75.191
     7    1   0.0000  -0.0886   0.0250  0.02216   4.6306E-03 -1.6759E-02  1.7387E-02  -74.554
     8    1   0.0000  -0.0665   0.0250  0.02216   5.2299E-03 -1.8040E-02  1.8783E-02  -73.833
     9    1   0.0000  -0.0443   0.0250  0.02216   5.7981E-03 -1.8950E-02  1.9818E-02  -72.988
    10    1   0.0000  -0.0222   0.0250  0.02216   6.3612E-03 -1.9472E-02  2.0485E-02  -71.909
    11    1   0.0000   0.0000   0.0250  0.02216   6.8453E-03 -1.9605E-02  2.0766E-02  -70.753
    12    1   0.0000   0.0222   0.0250  0.02216   6.3612E-03 -1.9472E-02  2.0485E-02  -71.909
    13    1   0.0000   0.0443   0.0250  0.02216   5.7981E-03 -1.8950E-02  1.9818E-02  -72.988
    14    1   0.0000   0.0665   0.0250  0.02216   5.2299E-03 -1.8040E-02  1.8783E-02  -73.833
    15    1   0.0000   0.0886   0.0250  0.02216   4.6306E-03 -1.6759E-02  1.7387E-02  -74.554
    16    1   0.0000   0.1108   0.0250  0.02216   3.9995E-03 -1.5128E-02  1.5648E-02  -75.191
    17    1   0.0000   0.1329   0.0250  0.02216   3.3410E-03 -1.3169E-02  1.3586E-02  -75.765
    18    1   0.0000   0.1551   0.0250  0.02216   2.6608E-03 -1.0907E-02  1.1227E-02  -76.291
    19    1   0.0000   0.1773   0.0250  0.02216   1.9642E-03 -8.3616E-03  8.5892E-03  -76.780
    20    1   0.0000   0.1994   0.0250  0.02216   1.2529E-03 -5.5340E-03  5.6741E-03  -77.243
    21    1   0.0000   0.2216   0.0250  0.02216   4.9186E-04 -2.2514E-03  2.3045E-03  -77.676
    22    2  -0.2216   0.0000   0.0000  0.02216   1.5900E-03  1.2097E-04  1.5946E-03    4.351
    23    2  -0.1994   0.0000   0.0000  0.02216   3.9124E-03  3.2747E-04  3.9261E-03    4.784
    24    2  -0.1773   0.0000   0.0000  0.02216   5.9183E-03  5.4350E-04  5.9432E-03    5.247
    25    2  -0.1551   0.0000   0.0000  0.02216   7.7296E-03  7.7650E-04  7.7685E-03    5.737
    26    2  -0.1329   0.0000   0.0000  0.02216   9.3449E-03  1.0255E-03  9.4010E-03    6.263
    27    2  -0.1108   0.0000   0.0000  0.02216   1.0750E-02  1.2888E-03  1.0827E-02    6.837
    28    2  -0.0886   0.0000   0.0000  0.02216   1.1929E-02  1.5647E-03  1.2031E-02    7.473
    29    2  -0.0665   0.0000   0.0000  0.02216   1.2864E-02  1.8525E-03  1.2996E-02    8.195
    30    2  -0.0443   0.0000   0.0000  0.02216   1.3542E-02  2.1544E-03  1.3713E-02    9.039
    31    2  -0.0222   0.0000   0.0000  0.02216   1.3954E-02  2.4902E-03  1.4174E-02   10.119
    32    2   0.0000   0.0000   0.0000  0.02216   1.4091E-02  2.8092E-03  1.4369E-02   11.274
    33    2   0.0222   0.0000   0.0000  0.02216   1.3954E-02  2.4902E-03  1.4174E-02   10.119
    34    2   0.0443   0.0000   0.0000  0.02216   1.3542E-02  2.1544E-03  1.3713E-02    9.039
    35    2   0.0665   0.0000   0.0000  0.02216   1.2864E-02  1.8525E-03  1.2996E-02    8.195
    36    2   0.0886   0.0000   0.0000  0.02216   1.1929E-02  1.5647E-03  1.2031E-02    7.473
    37    2   0.1108   0.0000   0.0000  0.02216   1.0750E-02  1.2888E-03  1.0827E-02    6.837
    38    2   0.1329   0.0000   0.0000  0.02216   9.3449E-03  1.0255E-03  9.4010E-03    6.263
    39    2   0.1551   0.0000   0.0000  0.02216   7.7296E-03  7.7650E-04  7.7685E-03    5.737
    40    2   0.1773   0.0000   0.0000  0.02216   5.9183E-03  5.4350E-04  5.9432E-03    5.247
    41    2   0.1994   0.0000   0.0000  0.02216   3.9124E-03  3.2747E-04  3.9261E-03    4.784
    42    2   0.2216   0.0000   0.0000  0.02216   1.5900E-03  1.2097E-04  1.5946E-03    4.351



                                        - - - POWER BUDGET - - -

                                           INPUT POWER   = 2.1762E-02 WATTS
                                           RADIATED POWER= 2.1762E-02 WATTS
                                           STRUCTURE LOSS= 0.0000E+00 WATTS
                                           NETWORK LOSS  =-1.3878E-16 WATTS
                                           EFFICIENCY    = 100.00 PERCENT



                                                - - - RADIATION PATTERNS - - -

  - - ANGLES - -           - POWER GAINS -       - - - POLARIZATION - - -    - - - E(THETA) - - -    - - - E(PHI) - - -
  THETA     PHI        VERT.   HOR.    TOTAL      AXIAL     TILT   SENSE     MAGNITUDE    PHASE      MAGNITUDE    PHASE 
 DEGREES  DEGREES       DB      DB      DB        RATIO     DEG.              VOLTS/M    DEGREES      VOLTS/M    DEGREES
 -180.00     0.00      -2.78    0.42    2.12    0.69162    88.63  LEFT      8.29488E-01    97.83    1.19879E+00  -173.20
 -178.00     0.00      -2.79    0.42    2.12    0.69102    88.64  LEFT      8.28766E-01    97.83    1.19879E+00  -173.20
 -176.00     0.00      -2.81    0.42    2.11    0.68923    88.67  LEFT      8.26601E-01    97.83    1.19879E+00  -173.18
 -174.00     0.00      -2.85    0.42    2.10    0.68624    88.72  LEFT      8.23004E-01    97.84    1.19879E+00  -173.15
 -172.00     0.00      -2.90    0.42    2.08    0.68209    88.78  LEFT      8.17992E-01    97.84    1.19879E+00  -173.11
 -170.00     0.00      -2.97    0.42    2.06    0.67678    88.87  LEFT      8.11591E-01    97.84    1.19879E+00  -173.07
 -168.00     0.00      -3.05    0.42    2.03    0.67034    88.96  LEFT      8.03829E-01    97.85    1.19879E+00  -173.01
 -166.00     0.00      -3.15    0.42    2.00    0.66279    89.07  LEFT      7.94744E-01    97.85    1.19879E+00  -172.93
 -164.00     0.00      -3.26    0.42    1.97    0.65418    89.18  LEFT      7.84377E-01    97.86    1.19879E+00  -172.85
 -162.00     0.00      -3.39    0.42    1.93    0.64454    89.31  LEFT      7.72776E-01    97.87    1.19879E+00  -172.76
 -160.00     0.00      -3.54    0.42    1.89    0.63390    89.43  LEFT      7.59993E-01    97.88    1.19879E+00  -172.66
 -158.00     0.00      -3.70    0.42    1.84    0.62232    89.56  LEFT      7.46083E-01    97.89    1.19879E+00  -172.55
 -156.00     0.00      -3.88    0.42    1.79    0.60985    89.69  LEFT      7.31105E-01    97.90    1.19879E+00  -172.42
 -154.00     0.00      -4.07    0.42    1.74    0.59653    89.82  LEFT      7.15123E-01    97.91    1.19879E+00  -172.29
 -152.00     0.00      -4.28    0.42    1.69    0.58242    89.94  LEFT      6.98200E-01    97.92    1.19879E+00  -172.15
 -150.00     0.00      -4.50    0.42    1.63    0.56757   -89.94  LEFT      6.80402E-01    97.93    1.19879E+00  -172.00
 -148.00     0.00      -4.74    0.42    1.57    0.55205   -89.82  LEFT      6.61796E-01    97.94    1.19879E+00  -171.83
 -146.00     0.00      -5.00    0.42    1.52    0.53589   -89.71  LEFT      6.42451E-01    97.96    1.19879E+00  -171.66
 -144.00     0.00      -5.27    0.42    1.46    0.51917   -89.61  LEFT      6.22431E-01    97.97    1.19879E+00  -171.48
 -142.00     0.00      -5.57    0.42    1.40    0.50194   -89.52  LEFT      6.01805E-01    97.98    1.19879E+00  -171.29
 -140.00     0.00      -5.88    0.42    1.33    0.48425   -89.43  LEFT      5.80636E-01    98.00    1.19879E+00  -171.10
 -138.00     0.00      -6.21    0.42    1.27    0.46616   -89.35  LEFT      5.58988E-01    98.01    1.19879E+00  -170.89
 -136.00     0.00      -6.56    0.42    1.21    0.44771   -89.27  LEFT      5.36920E-01    98.03    1.19879E+00  -170.67
 -134.00     0.00      -6.93    0.42    1.15    0.42896   -89.21  LEFT      5.14491E-01    98.04    1.19879E+00  -170.45
 -132.00     0.00      -7.32    0.42    1.09    0.40995   -89.15  LEFT      4.91756E-01    98.06    1.19879E+00  -170.22
 -130.00     0.00      -7.74    0.42    1.04    0.39073   -89.10  LEFT      4.68765E-01    98.07    1.19879E+00  -169.99
 -128.00     0.00      -8.18    0.42    0.98    0.37133   -89.07  LEFT      4.45566E-01    98.09    1.19879E+00  -169.74
 -126.00     0.00      -8.65    0.42    0.93    0.35179   -89.03  LEFT      4.22203E-01    98.10    1.19879E+00  -169.49
 -124.00     0.00      -9.14    0.42    0.88    0.33216   -89.01  LEFT      3.98716E-01    98.12    1.19879E+00  -169.23
 -122.00     0.00      -9.67    0.42    0.83    0.31245   -89.00  LEFT      3.75140E-01    98.13    1.19879E+00  -168.97
 -120.00     0.00     -10.24    0.42    0.78    0.29269   -88.99  LEFT      3.51507E-01    98.15    1.19879E+00  -168.70
 -118.00     0.00     -10.84    0.42    0.73    0.27291   -88.99  LEFT      3.27843E-01    98.16    1.19879E+00  -168.42
 -116.00     0.00     -11.49    0.42    0.69    0.25314   -89.00  LEFT      3.04173E-01    98.18    1.19879E+00  -168.14
 -114.00     0.00     -12.20    0.42    0.65    0.23338   -89.02  LEFT      2.80516E-01    98.19    1.19879E+00  -167.86
 -112.00     0.00     -12.96    0.42    0.61    0.21365   -89.05  LEFT      2.56886E-01    98.20    1.19879E+00  -167.57
 -110.00     0.00     -13.80    0.42    0.58    0.19396   -89.09  LEFT      2.33296E-01    98.21    1.19879E+00  -167.28
 -108.00     0.00     -14.72    0.42    0.55    0.17432   -89.13  LEFT      2.09754E-01    98.22    1.19879E+00  -166.98
 -106.00     0.00     -15.75    0.42    0.52    0.15473   -89.19  LEFT      1.86264E-01    98.23    1.19879E+00  -166.68
 -104.00     0.00     -16.92    0.42    0.50    0.13521   -89.26  LEFT      1.62830E-01    98.24    1.19879E+00  -166.38
 -102.00     0.00     -18.27    0.42    0.48    0.11574   -89.33  LEFT      1.39449E-01    98.25    1.19879E+00  -166.07
 -100.00     0.00     -19.86    0.42    0.46    0.09633   -89.42  LEFT      1.16120E-01    98.25    1.19879E+00  -165.76
  -98.00     0.00     -21.80    0.42    0.45    0.07697   -89.51  LEFT      9.28361E-02    98.26    1.19879E+00  -165.45
  -96.00     0.00     -24.30    0.42    0.43    0.05766   -89.62  LEFT      6.95913E-02    98.26    1.19879E+00  -165.14
  -94.00     0.00     -27.83    0.42    0.43    0.03840   -89.73  LEFT      4.63768E-02    98.26    1.19879E+00  -164.82
  -92.00     0.00     -33.85    0.42    0.42    0.01919   -89.86  LEFT      2.31831E-02    98.27    1.19879E+00  -164.51
  -90.00     0.00    -999.99    0.42    0.42    0.00000   -90.00  LINEAR    3.38915E-12    98.27    1.19879E+00  -164.20
  -88.00     0.00     -33.85    0.42    0.42    0.01916    89.85  RIGHT     2.31831E-02   -81.73    1.19879E+00  -163.88
  -86.00     0.00     -27.83    0.42    0.43    0.03829    89.68  RIGHT     4.63768E-02   -81.74    1.19879E+00  -163.57
  -84.00     0.00     -24.30    0.42    0.43    0.05741    89.51  RIGHT     6.95913E-02   -81.74    1.19879E+00  -163.26
  -82.00     0.00     -21.80    0.42    0.45    0.07652    89.32  RIGHT     9.28361E-02   -81.74    1.19879E+00  -162.94
  -80.00     0.00     -19.86    0.42    0.46    0.09562    89.11  RIGHT     1.16120E-01   -81.75    1.19879E+00  -162.63
  -78.00     0.00     -18.27    0.42    0.48    0.11471    88.89  RIGHT     1.39449E-01   -81.75    1.19879E+00  -162.32
  -76.00     0.00     -16.92    0.42    0.50    0.13380    88.66  RIGHT     1.62830E-01   -81.76    1.19879E+00  -162.02
  -74.00     0.00     -15.75    0.42    0.52    0.15287    88.41  RIGHT     1.86264E-01   -81.77    1.19879E+00  -161.71
  -72.00     0.00     -14.72    0.42    0.55    0.17194    88.14  RIGHT     2.09754E-01   -81.78    1.19879E+00  -161.41
  -70.00     0.00     -13.80    0.42    0.58    0.19098    87.86  RIGHT     2.33296E-01   -81.79    1.19879E+00  -161.12
  -68.00     0.00     -12.96    0.42    0.61    0.21000    87.56  RIGHT     2.56886E-01   -81.80    1.19879E+00  -160.82
  -66.00     0.00     -12.20    0.42    0.65    0.22897    87.23  RIGHT     2.80516E-01   -81.81    1.19879E+00  -160.53
  -64.00     0.00     -11.49    0.42    0.69    0.24789    86.89  RIGHT     3.04173E-01   -81.82    1.19879E+00  -160.25
  -62.00     0.00     -10.84    0.42    0.73    0.26672    86.53  RIGHT     3.27843E-01   -81.84    1.19879E+00  -159.97
  -60.00     0.00     -10.24    0.42    0.78    0.28545    86.15  RIGHT     3.51507E-01   -81.85    1.19879E+00  -159.69
  -58.00     0.00      -9.67    0.42    0.83    0.30406    85.75  RIGHT     3.75140E-01   -81.87    1.19879E+00  -159.42
  -56.00     0.00      -9.14    0.42    0.88    0.32250    85.32  RIGHT     3.98716E-01   -81.88    1.19879E+00  -159.16
  -54.00     0.00      -8.65    0.42    0.93    0.34076    84.88  RIGHT     4.22203E-01   -81.90    1.19879E+00  -158.90
  -52.00     0.00      -8.18    0.42    0.98    0.35878    84.41  RIGHT     4.45566E-01   -81.91    1.19879E+00  -158.65
  -50.00     0.00      -7.74    0.42    1.04    0.37653    83.91  RIGHT     4.68765E-01   -81.93    1.19879E+00  -158.41
  -48.00     0.00      -7.32    0.42    1.09    0.39396    83.39  RIGHT     4.91756E-01   -81.94    1.19879E+00  -158.17
  -46.00     0.00      -6.93    0.42    1.15    0.41104    82.85  RIGHT     5.14491E-01   -81.96    1.19879E+00  -157.94
  -44.00     0.00      -6.56    0.42    1.21    0.42771    82.29  RIGHT     5.36920E-01   -81.97    1.19879E+00  -157.72
  -42.00     0.00      -6.21    0.42    1.27    0.44393    81.70  RIGHT     5.58988E-01   -81.99    1.19879E+00  -157.50
  -40.00     0.00      -5.88    0.42    1.33    0.45964    81.10  RIGHT     5.80636E-01   -82.00    1.19879E+00  -157.30
  -38.00     0.00      -5.57    0.42    1.40    0.47479    80.47  RIGHT     6.01805E-01   -82.02    1.19879E+00  -157.10
  -36.00     0.00      -5.27    0.42    1.46    0.48935    79.83  RIGHT     6.22431E-01   -82.03    1.19879E+00  -156.91
  -34.00     0.00      -5.00    0.42    1.52    0.50326    79.17  RIGHT     6.42451E-01   -82.04    1.19879E+00  -156.73
  -32.00     0.00      -4.74    0.42    1.57    0.51649    78.50  RIGHT     6.61796E-01   -82.06    1.19879E+00  -156.56
  -30.00     0.00      -4.50    0.42    1.63    0.52898    77.83  RIGHT     6.80402E-01   -82.07    1.19879E+00  -156.40
  -28.00     0.00      -4.28    0.42    1.69    0.54072    77.15  RIGHT     6.98200E-01   -82.08    1.19879E+00  -156.24
  -26.00     0.00      -4.07    0.42    1.74    0.55166    76.48  RIGHT     7.15123E-01   -82.09    1.19879E+00  -156.10
  -24.00     0.00      -3.88    0.42    1.79    0.56179    75.82  RIGHT     7.31105E-01   -82.10    1.19879E+00  -155.97
  -22.00     0.00      -3.70    0.42    1.84    0.57110    75.18  RIGHT     7.46083E-01   -82.11    1.19879E+00  -155.85
  -20.00     0.00      -3.54    0.42    1.89    0.57956    74.56  RIGHT     7.59993E-01   -82.12    1.19879E+00  -155.73
  -18.00     0.00      -3.39    0.42    1.93    0.58719    73.97  RIGHT     7.72776E-01   -82.13    1.19879E+00  -155.63
  -16.00     0.00      -3.26    0.42    1.97    0.59397    73.41  RIGHT     7.84377E-01   -82.14    1.19879E+00  -155.54
  -14.00     0.00      -3.15    0.42    2.00    0.59991    72.91  RIGHT     7.94744E-01   -82.15    1.19879E+00  -155.46
  -12.00     0.00      -3.05    0.42    2.03    0.60502    72.45  RIGHT     8.03829E-01   -82.15    1.19879E+00  -155.39
  -10.00     0.00      -2.97    0.42    2.06    0.60932    72.05  RIGHT     8.11591E-01   -82.16    1.19879E+00  -155.33
   -8.00     0.00      -2.90    0.42    2.08    0.61282    71.72  RIGHT     8.17992E-01   -82.16    1.19879E+00  -155.28
   -6.00     0.00      -2.85    0.42    2.10    0.61552    71.45  RIGHT     8.23004E-01   -82.16    1.19879E+00  -155.24
   -4.00     0.00      -2.81    0.42    2.11    0.61744    71.26  RIGHT     8.26601E-01   -82.17    1.19879E+00  -155.21
   -2.00     0.00      -2.79    0.42    2.12    0.61859    71.15  RIGHT     8.28766E-01   -82.17    1.19879E+00  -155.20
    0.00     0.00      -2.78    0.42    2.12    0.61897    71.11  RIGHT     8.29488E-01   -82.17    1.19879E+00  -155.19
    2.00     0.00      -2.79    0.42    2.12    0.61859    71.15  RIGHT     8.28766E-01   -82.17    1.19879E+00  -155.20
    4.00     0.00      -2.81    0.42    2.11    0.61744    71.26  RIGHT     8.26601E-01   -82.17    1.19879E+00  -155.21
    6.00     0.00      -2.85    0.42    2.10    0.61552    71.45  RIGHT     8.23004E-01   -82.16    1.19879E+00  -155.24
    8.00     0.00      -2.90    0.42    2.08    0.61282    71.72  RIGHT     8.17992E-01   -82.16    1.19879E+00  -155.28
   10.00     0.00      -2.97    0.42    2.06    0.60932    72.05  RIGHT     8.11591E-01   -82.16    1.19879E+00  -155.33
   12.00     0.00      -3.05    0.42    2.03    0.60502    72.45  RIGHT     8.03829E-01   -82.15    1.19879E+00  -155.39
   14.00     0.00      -3.15    0.42    2.00    0.59991    72.91  RIGHT     7.94744E-01   -82.15    1.19879E+00  -155.46
   16.00     0.00      -3.26    0.42    1.97    0.59397    73.41  RIGHT     7.84377E-01   -82.14    1.19879E+00  -155.54
   18.00     0.00      -3.39    0.42    1.93    0.58719    73.97  RIGHT     7.72776E-01   -82.13    1.19879E+00  -155.63
   20.00     0.00      -3.54    0.42    1.89    0.57956    74.56  RIGHT     7.59993E-01   -82.12    1.19879E+00  -155.73
   22.00     0.00      -3.70    0.42    1.84    0.57110    75.18  RIGHT     7.46083E-01   -82.11    1.19879E+00  -155.85
   24.00     0.00      -3.88    0.42    1.79    0.56179    75.82  RIGHT     7.31105E-01   -82.10    1.19879E+00  -155.97
   26.00     0.00      -4.07    0.42    1.74    0.55166    76.48  RIGHT     7.15123E-01   -82.09    1.19879E+00  -156.10
   28.00     0.00      -4.28    0.42    1.69    0.54072    77.15  RIGHT     6.98200E-01   -82.08    1.19879E+00  -156.24
   30.00     0.00      -4.50    0.42    1.63    0.52898    77.83  RIGHT     6.80402E-01   -82.07    1.19879E+00  -156.40
   32.00     0.00      -4.74    0.42    1.57    0.51649    78.50  RIGHT     6.61796E-01   -82.06    1.19879E+00  -156.56
   34.00     0.00      -5.00    0.42    1.52    0.50326    79.17  RIGHT     6.42451E-01   -82.04    1.19879E+00  -156.73
   36.00     0.00      -5.27    0.42    1.46    0.48935    79.83  RIGHT     6.22431E-01   -82.03    1.19879E+00  -156.91
   38.00     0.00      -5.57    0.42    1.40    0.47479    80.47  RIGHT     6.01805E-01   -82.02    1.19879E+00  -157.10
   40.00     0.00      -5.88    0.42    1.33    0.45964    81.10  RIGHT     5.80636E-01   -82.00    1.19879E+00  -157.30
   42.00     0.00      -6.21    0.42    1.27    0.44393    81.70  RIGHT     5.58988E-01   -81.99    1.19879E+00  -157.50
   44.00     0.00      -6.56    0.42    1.21    0.42771    82.29  RIGHT     5.36920E-01   -81.97    1.19879E+00  -157.72
   46.00     0.00      -6.93    0.42    1.15    0.41104    82.85  RIGHT     5.14491E-01   -81.96    1.19879E+00  -157.94
   48.00     0.00      -7.32    0.42    1.09    0.39396    83.39  RIGHT     4.91756E-01   -81.94    1.19879E+00  -158.17
   50.00     0.00      -7.74    0.42    1.04    0.37653    83.91  RIGHT     4.68765E-01   -81.93    1.19879E+00  -158.41
   52.00     0.00      -8.18    0.42    0.98    0.35878    84.41  RIGHT     4.45566E-01   -81.91    1.19879E+00  -158.65
   54.00     0.00      -8.65    0.42    0.93    0.34076    84.88  RIGHT     4.22203E-01   -81.90    1.19879E+00  -158.90
   56.00     0.00      -9.14    0.42    0.88    0.32250    85.32  RIGHT     3.98716E-01   -81.88    1.19879E+00  -159.16
   58.00     0.00      -9.67    0.42    0.83    0.30406    85.75  RIGHT     3.75140E-01   -81.87    1.19879E+00  -159.42
   60.00     0.00     -10.24    0.42    0.78    0.28545    86.15  RIGHT     3.51507E-01   -81.85    1.19879E+00  -159.69
   62.00     0.00     -10.84    0.42    0.73    0.26672    86.53  RIGHT     3.27843E-01   -81.84    1.19879E+00  -159.97
   64.00     0.00     -11.49    0.42    0.69    0.24789    86.89  RIGHT     3.04173E-01   -81.82    1.19879E+00  -160.25
   66.00     0.00     -12.20    0.42    0.65    0.22897    87.23  RIGHT     2.80516E-01   -81.81    1.19879E+00  -160.53
   68.00     0.00     -12.96    0.42    0.61    0.21000    87.56  RIGHT     2.56886E-01   -81.80    1.19879E+00  -160.82
   70.00     0.00     -13.80    0.42    0.58    0.19098    87.86  RIGHT     2.33296E-01   -81.79    1.19879E+00  -161.12
   72.00     0.00     -14.72    0.42    0.55    0.17194    88.14  RIGHT     2.09754E-01   -81.78    1.19879E+00  -161.41
   74.00     0.00     -15.75    0.42    0.52    0.15287    88.41  RIGHT     1.86264E-01   -81.77    1.19879E+00  -161.71
   76.00     0.00     -16.92    0.42    0.50    0.13380    88.66  RIGHT     1.62830E-01   -81.76    1.19879E+00  -162.02
   78.00     0.00     -18.27    0.42    0.48    0.11471    88.89  RIGHT     1.39449E-01   -81.75    1.19879E+00  -162.32
   80.00     0.00     -19.86    0.42    0.46    0.09562    89.11  RIGHT     1.16120E-01   -81.75    1.19879E+00  -162.63
   82.00     0.00     -21.80    0.42    0.45    0.07652    89.32  RIGHT     9.28361E-02   -81.74    1.19879E+00  -162.94
   84.00     0.00     -24.30    0.42    0.43    0.05741    89.51  RIGHT     6.95913E-02   -81.74    1.19879E+00  -163.26
   86.00     0.00     -27.83    0.42    0.43    0.03829    89.68  RIGHT     4.63768E-02   -81.74    1.19879E+00  -163.57
   88.00     0.00     -33.85    0.42    0.42    0.01916    89.85  RIGHT     2.31831E-02   -81.73    1.19879E+00  -163.88
   90.00     0.00    -999.99    0.42    0.42    0.00000   -90.00  LINEAR    3.38915E-12    98.27    1.19879E+00  -164.20
   92.00     0.00     -33.85    0.42    0.42    0.01919   -89.86  LEFT      2.31831E-02    98.27    1.19879E+00  -164.51
   94.00     0.00     -27.83    0.42    0.43    0.03840   -89.73  LEFT      4.63768E-02    98.26    1.19879E+00  -164.82
   96.00     0.00     -24.30    0.42    0.43    0.05766   -89.62  LEFT      6.95913E-02    98.26    1.19879E+00  -165.14
   98.00     0.00     -21.80    0.42    0.45    0.07697   -89.51  LEFT      9.28361E-02    98.26    1.19879E+00  -165.45
  100.00     0.00     -19.86    0.42    0.46    0.09633   -89.42  LEFT      1.16120E-01    98.25    1.19879E+00  -165.76
  102.00     0.00     -18.27    0.42    0.48    0.11574   -89.33  LEFT      1.39449E-01    98.25    1.19879E+00  -166.07
  104.00     0.00     -16.92    0.42    0.50    0.13521   -89.26  LEFT      1.62830E-01    98.24    1.19879E+00  -166.38
  106.00     0.00     -15.75    0.42    0.52    0.15473   -89.19  LEFT      1.86264E-01    98.23    1.19879E+00  -166.68
  108.00     0.00     -14.72    0.42    0.55    0.17432   -89.13  LEFT      2.09754E-01    98.22    1.19879E+00  -166.98
  110.00     0.00     -13.80    0.42    0.58    0.19396   -89.09  LEFT      2.33296E-01    98.21    1.19879E+00  -167.28
  112.00     0.00     -12.96    0.42    0.61    0.21365   -89.05  LEFT      2.56886E-01    98.20    1.19879E+00  -167.57
  114.00     0.00     -12.20    0.42    0.65    0.23338   -89.02  LEFT      2.80516E-01    98.19    1.19879E+00  -167.86
  116.00     0.00     -11.49    0.42    0.69    0.25314   -89.00  LEFT      3.04173E-01    98.18    1.19879E+00  -168.14
  118.00     0.00     -10.84    0.42    0.73    0.27291   -88.99  LEFT      3.27843E-01    98.16    1.19879E+00  -168.42
  120.00     0.00     -10.24    0.42    0.78    0.29269   -88.99  LEFT      3.51507E-01    98.15    1.19879E+00  -168.70
  122.00     0.00      -9.67    0.42    0.83    0.31245   -89.00  LEFT      3.75140E-01    98.13    1.19879E+00  -168.97
  124.00     0.00      -9.14    0.42    0.88    0.33216   -89.01  LEFT      3.98716E-01    98.12    1.19879E+00  -169.23
  126.00     0.00      -8.65    0.42    0.93    0.35179   -89.03  LEFT      4.22203E-01    98.10    1.19879E+00  -169.49
  128.00     0.00      -8.18    0.42    0.98    0.37133   -89.07  LEFT      4.45566E-01    98.09    1.19879E+00  -169.74
  130.00     0.00      -7.74    0.42    1.04    0.39073   -89.10  LEFT      4.68765E-01    98.07    1.19879E+00  -169.99
  132.00     0.00      -7.32    0.42    1.09    0.40995   -89.15  LEFT      4.91756E-01    98.06    1.19879E+00  -170.22
  134.00     0.00      -6.93    0.42    1.15    0.42896   -89.21  LEFT      5.14491E-01    98.04    1.19879E+00  -170.45
  136.00     0.00      -6.56    0.42    1.21    0.44771   -89.27  LEFT      5.36920E-01    98.03    1.19879E+00  -170.67
  138.00     0.00      -6.21    0.42    1.27    0.46616   -89.35  LEFT      5.58988E-01    98.01    1.19879E+00  -170.89
  140.00     0.00      -5.88    0.42    1.33    0.48425   -89.43  LEFT      5.80636E-01    98.00    1.19879E+00  -171.10
  142.00     0.00      -5.57    0.42    1.40    0.50194   -89.52  LEFT      6.01805E-01    97.98    1.19879E+00  -171.29
  144.00     0.00      -5.27    0.42    1.46    0.51917   -89.61  LEFT      6.22431E-01    97.97    1.19879E+00  -171.48
  146.00     0.00      -5.00    0.42    1.52    0.53589   -89.71  LEFT      6.42451E-01    97.96    1.19879E+00  -171.66
  148.00     0.00      -4.74    0.42    1.57    0.55205   -89.82  LEFT      6.61796E-01    97.94    1.19879E+00  -171.83
  150.00     0.00      -4.50    0.42    1.63    0.56757   -89.94  LEFT      6.80402E-01    97.93    1.19879E+00  -172.00
  152.00     0.00      -4.28    0.42    1.69    0.58242    89.94  LEFT      6.98200E-01    97.92    1.19879E+00  -172.15
  154.00     0.00      -4.07    0.42    1.74    0.59653    89.82  LEFT      7.15123E-01    97.91    1.19879E+00  -172.29
  156.00     0.00      -3.88    0.42    1.79    0.60985    89.69  LEFT      7.31105E-01    97.90    1.19879E+00  -172.42
  158.00     0.00      -3.70    0.42    1.84    0.62232    89.56  LEFT      7.46083E-01    97.89    1.19879E+00  -172.55
  160.00     0.00      -3.54    0.42    1.89    0.63390    89.43  LEFT      7.59993E-01    97.88    1.19879E+00  -172.66
  162.00     0.00      -3.39    0.42    1.93    0.64454    89.31  LEFT      7.72776E-01    97.87    1.19879E+00  -172.76
  164.00     0.00      -3.26    0.42    1.97    0.65418    89.18  LEFT      7.84377E-01    97.86    1.19879E+00  -172.85
  166.00     0.00      -3.15    0.42    2.00    0.66279    89.07  LEFT      7.94744E-01    97.85    1.19879E+00  -172.93
  168.00     0.00      -3.05    0.42    2.03    0.67034    88.96  LEFT      8.03829E-01    97.85    1.19879E+00  -173.01
  170.00     0.00      -2.97    0.42    2.06    0.67678    88.87  LEFT      8.11591E-01    97.84    1.19879E+00  -173.07
  172.00     0.00      -2.90    0.42    2.08    0.68209    88.78  LEFT      8.17992E-01    97.84    1.19879E+00  -173.11
  174.00     0.00      -2.85    0.42    2.10    0.68624    88.72  LEFT      8.23004E-01    97.84    1.19879E+00  -173.15
  176.00     0.00      -2.81    0.42    2.11    0.68923    88.67  LEFT      8.26601E-01    97.83    1.19879E+00  -173.18
  178.00     0.00      -2.79    0.42    2.12    0.69102    88.64  LEFT      8.28766E-01    97.83    1.19879E+00  -173.20
  180.00     0.00      -2.78    0.42    2.12    0.69162    88.63  LEFT      8.29488E-01    97.83    1.19879E+00  -173.20




                                 - - - - - - FREQUENCY - - - - - -

                                    FREQUENCY= 1.5100E+03 MHZ
                                    WAVELENGTH= 1.9854E-01 METERS




                    APPROXIMATE INTEGRATION EMPLOYED FOR SEGMENTS MORE THAN   1.000 WAVELENGTHS APART

                    THE EXTENDED THIN WIRE KERNEL WILL BE USED



                               - - - STRUCTURE IMPEDANCE LOADING - - -

                                   THIS STRUCTURE IS NOT LOADED



                                  - - - ANTENNA ENVIRONMENT - - -

                                            FREE SPACE



                                - - - MATRIX TIMING - - -

                        FILL=    0.000 SEC.,  FACTOR=    0.000 SEC.



                                            - - - NETWORK DATA - - -

      - FROM -    - TO -           TRANSMISSION LINE               -  -  SHUNT ADMITTANCES (MHOS)  -  -              LINE
      TAG  SEG.   TAG  SEG.      IMPEDANCE      LENGTH            - END ONE -                 - END TWO -            TYPE
      NO.   NO.   NO.   NO.         OHMS        METERS         REAL          IMAG.         REAL          IMAG.
        1    11     2    32     5.0000E+01    4.2500E-02    0.0000E+00    0.0000E+00    0.0000E+00    0.0000E+00   STRAIGHT



                           - - - STRUCTURE EXCITATION DATA AT NETWORK CONNECTION POINTS - - -

   TAG   SEG.    VOLTAGE (VOLTS)         CURRENT (AMPS)         IMPEDANCE (OHMS)        ADMITTANCE (MHOS)      POWER
   NO.   NO.    REAL        IMAG.       REAL        IMAG.       REAL        IMAG.       REAL        IMAG.     (WATTS)
     1    11 2.90430E-01-1.38828E+00 6.37886E-03-1.91865E-02 6.96867E+01-8.03121E+00 1.41618E-02 1.63212E-03 1.42444E-02
     2    32 1.00000E+00 0.00000E+00 1.41618E-02 1.63212E-03 6.96867E+01-8.03121E+00 1.41618E-02 1.63212E-03 7.08092E-03



                                          - - - ANTENNA INPUT PARAMETERS - - -

   TAG   SEG.    VOLTAGE (VOLTS)         CURRENT (AMPS)         IMPEDANCE (OHMS)        ADMITTANCE (MHOS)      POWER
   NO.   NO.    REAL        IMAG.       REAL        IMAG.       REAL        IMAG.       REAL        IMAG.     (WATTS)
     2    32 1.00000E+00 0.00000E+00 4.26507E-02 2.99724E-03 2.33311E+01-1.63957E+00 4.26507E-02 2.99724E-03 2.13254E-02



                             - - - CURRENTS AND LOCATION - - -

                                 DISTANCES IN WAVELENGTHS


  SEG.  TAG    COORD. OF SEG. CENTER     SEG.            - - - CURRENT (AMPS) - - -
  NO.   NO.     X        Y        Z      LENGTH     REAL        IMAG.       MAG.        PHASE
     1    1   0.0000  -0.2231   0.0252  0.02231   4.4411E-04 -2.2165E-03  2.2605E-03  -78.670
     2    1   0.0000  -0.2007   0.0252  0.02231   1.1352E-03 -5.4481E-03  5.5651E-03  -78.230
     3    1   0.0000  -0.1784   0.0252  0.02231   1.7854E-03 -8.2309E-03  8.4223E-03  -77.761
     4    1   0.0000  -0.1561   0.0252  0.02231   2.4262E-03 -1.0735E-02  1.1006E-02  -77.264
     5    1   0.0000  -0.1338   0.0252  0.02231   3.0558E-03 -1.2957E-02  1.3313E-02  -76.730
     6    1   0.0000  -0.1115   0.0252  0.02231   3.6691E-03 -1.4878E-02  1.5324E-02  -76.147
     7    1   0.0000  -0.0892   0.0252  0.02231   4.2606E-03 -1.6473E-02  1.7015E-02  -75.499
     8    1   0.0000  -0.0669   0.0252  0.02231   4.8265E-03 -1.7719E-02  1.8365E-02  -74.763
     9    1   0.0000  -0.0446   0.0252  0.02231   5.3674E-03 -1.8596E-02  1.9356E-02  -73.901
    10    1   0.0000  -0.0223   0.0252  0.02231   5.9089E-03 -1.9084E-02  1.9977E-02  -72.796
    11    1   0.0000   0.0000   0.0252  0.02231   6.3789E-03 -1.9187E-02  2.0219E-02  -71.610
    12    1   0.0000   0.0223   0.0252  0.02231   5.9089E-03 -1.9084E-02  1.9977E-02  -72.796
    13    1   0.0000   0.0446   0.0252  0.02231   5.3674E-03 -1.8596E-02  1.9356E-02  -73.901
    14    1   0.0000   0.0669   0.0252  0.02231   4.8265E-03 -1.7719E-02  1.8365E-02  -74.763
    15    1   0.0000   0.0892   0.0252  0.02231   4.2606E-03 -1.6473E-02  1.7015E-02  -75.499
    16    1   0.0000   0.1115   0.0252  0.02231   3.6691E-03 -1.4878E-02  1.5324E-02  -76.147
    17    1   0.0000   0.1338   0.0252  0.02231   3.0558E-03 -1.2957E-02  1.3313E-02  -76.730
    18    1   0.0000   0.1561   0.0252  0.02231   2.4262E-03 -1.0735E-02  1.1006E-02  -77.264
    19    1   0.0000   0.1784   0.0252  0.02231   1.7854E-03 -8.2309E-03  8.4223E-03  -77.761
    20    1   0.0000   0.2007   0.0252  0.02231   1.1352E-03 -5.4481E-03  5.5651E-03  -78.230
    21    1   0.0000   0.2231   0.0252  0.02231   4.4411E-04 -2.2165E-03  2.2605E-03  -78.670
    22    2  -0.2231   0.0000   0.0000  0.02231   1.5937E-03 -1.3513E-05  1.5938E-03   -0.486
    23    2  -0.2007   0.0000   0.0000  0.02231   3.9237E-03 -3.1706E-06  3.9237E-03   -0.046
    24    2  -0.1784   0.0000   0.0000  0.02231   5.9380E-03  4.3819E-05  5.9382E-03    0.423
    25    2  -0.1561   0.0000   0.0000  0.02231   7.7585E-03  1.2454E-04  7.7595E-03    0.920
    26    2  -0.1338   0.0000   0.0000  0.02231   9.3830E-03  2.3817E-04  9.3861E-03    1.454
    27    2  -0.1115   0.0000   0.0000  0.02231   1.0797E-02  3.8410E-04  1.0804E-02    2.037
    28    2  -0.0892   0.0000   0.0000  0.02231   1.1983E-02  5.6206E-04  1.1997E-02    2.685
    29    2  -0.0669   0.0000   0.0000  0.02231   1.2925E-02  7.7264E-04  1.2948E-02    3.421
    30    2  -0.0446   0.0000   0.0000  0.02231   1.3609E-02  1.0193E-03  1.3647E-02    4.284
    31    2  -0.0223   0.0000   0.0000  0.02231   1.4023E-02  1.3226E-03  1.4085E-02    5.388
    32    2   0.0000   0.0000   0.0000  0.02231   1.4162E-02  1.6321E-03  1.4256E-02    6.574
    33    2   0.0223   0.0000   0.0000  0.02231   1.4023E-02  1.3226E-03  1.4085E-02    5.388
    34    2   0.0446   0.0000   0.0000  0.02231   1.3609E-02  1.0193E-03  1.3647E-02    4.284
    35    2   0.0669   0.0000   0.0000  0.02231   1.2925E-02  7.7264E-04  1.2948E-02    3.421
    36    2   0.0892   0.0000   0.0000  0.02231   1.1983E-02  5.6206E-04  1.1997E-02    2.685
    37    2   0.1115   0.0000   0.0000  0.02231   1.0797E-02  3.8410E-04  1.0804E-02    2.037
    38    2   0.1338   0.0000   0.0000  0.02231   9.3830E-03  2.3817E-04  9.3861E-03    1.454
    39    2   0.1561   0.0000   0.0000  0.02231   7.7585E-03  1.2454E-04  7.7595E-03    0.920
    40    2   0.1784   0.0000   0.0000  0.02231   5.9380E-03  4.3819E-05  5.9382E-03    0.423
    41    2   0.2007   0.0000   0.0000  0.02231   3.9237E-03 -3.1706E-06  3.9237E-03   -0.046
    42    2   0.2231   0.0000   0.0000  0.02231   1.5937E-03 -1.3513E-05  1.5938E-03   -0.486



                                        - - - POWER BUDGET - - -

                                           INPUT POWER   = 2.1325E-02 WATTS
                                           RADIATED POWER= 2.1325E-02 WATTS
                                           STRUCTURE LOSS= 0.0000E+00 WATTS
                                           NETWORK LOSS  = 9.0206E-17 WATTS
                                           EFFICIENCY    = 100.00 PERCENT



                                                - - - RADIATION PATTERNS - - -

  - - ANGLES - -           - POWER GAINS -       - - - POLARIZATION - - -    - - - E(THETA) - - -    - - - E(PHI) - - -
  THETA     PHI        VERT.   HOR.    TOTAL      AXIAL     TILT   SENSE     MAGNITUDE    PHASE      MAGNITUDE    PHASE 
 DEGREES  DEGREES       DB      DB      DB        RATIO     DEG.              VOLTS/M    DEGREES      VOLTS/M    DEGREES
 -180.00     0.00      -2.66    0.37    2.12    0.70265   -86.17  LEFT      8.32071E-01    93.05    1.18015E+00  -174.20
 -178.00     0.00      -2.67    0.37    2.12    0.70203   -86.17  LEFT      8.31342E-01    93.05    1.18015E+00  -174.19
 -176.00     0.00      -2.69    0.37    2.11    0.70018   -86.18  LEFT      8.29161E-01    93.05    1.18015E+00  -174.18
 -174.00     0.00      -2.73    0.37    2.10    0.69710   -86.20  LEFT      8.25536E-01    93.05    1.18015E+00  -174.15
 -172.00     0.00      -2.79    0.37    2.08    0.69282   -86.21  LEFT      8.20486E-01    93.06    1.18015E+00  -174.11
 -170.00     0.00      -2.85    0.37    2.06    0.68734   -86.24  LEFT      8.14036E-01    93.06    1.18015E+00  -174.06
 -168.00     0.00      -2.94    0.37    2.03    0.68070   -86.27  LEFT      8.06216E-01    93.07    1.18015E+00  -174.00
 -166.00     0.00      -3.04    0.37    2.00    0.67293   -86.30  LEFT      7.97063E-01    93.07    1.18015E+00  -173.93
 -164.00     0.00      -3.15    0.37    1.97    0.66407   -86.34  LEFT      7.86621E-01    93.08    1.18015E+00  -173.85
 -162.00     0.00      -3.28    0.37    1.93    0.65415   -86.38  LEFT      7.74936E-01    93.09    1.18015E+00  -173.76
 -160.00     0.00      -3.43    0.37    1.88    0.64322   -86.42  LEFT      7.62062E-01    93.10    1.18015E+00  -173.65
 -158.00     0.00      -3.59    0.37    1.84    0.63133   -86.47  LEFT      7.48055E-01    93.11    1.18015E+00  -173.54
 -156.00     0.00      -3.77    0.37    1.79    0.61853   -86.51  LEFT      7.32976E-01    93.12    1.18015E+00  -173.42
 -154.00     0.00      -3.96    0.37    1.74    0.60488   -86.56  LEFT      7.16887E-01    93.13    1.18015E+00  -173.28
 -152.00     0.00      -4.17    0.37    1.68    0.59043   -86.62  LEFT      6.99855E-01    93.14    1.18015E+00  -173.14
 -150.00     0.00      -4.39    0.37    1.62    0.57523   -86.67  LEFT      6.81946E-01    93.15    1.18015E+00  -172.99
 -148.00     0.00      -4.63    0.37    1.56    0.55935   -86.72  LEFT      6.63229E-01    93.17    1.18015E+00  -172.82
 -146.00     0.00      -4.89    0.37    1.50    0.54284   -86.78  LEFT      6.43770E-01    93.18    1.18015E+00  -172.65
 -144.00     0.00      -5.17    0.37    1.44    0.52576   -86.84  LEFT      6.23639E-01    93.19    1.18015E+00  -172.47
 -142.00     0.00      -5.46    0.37    1.38    0.50818   -86.90  LEFT      6.02902E-01    93.21    1.18015E+00  -172.28
 -140.00     0.00      -5.77    0.37    1.32    0.49013   -86.96  LEFT      5.81625E-01    93.22    1.18015E+00  -172.08
 -138.00     0.00      -6.11    0.37    1.25    0.47169   -87.02  LEFT      5.59872E-01    93.24    1.18015E+00  -171.87
 -136.00     0.00      -6.46    0.37    1.19    0.45289   -87.09  LEFT      5.37704E-01    93.25    1.18015E+00  -171.66
 -134.00     0.00      -6.83    0.37    1.13    0.43380   -87.16  LEFT      5.15178E-01    93.27    1.18015E+00  -171.43
 -132.00     0.00      -7.22    0.37    1.07    0.41446   -87.23  LEFT      4.92351E-01    93.29    1.18015E+00  -171.20
 -130.00     0.00      -7.64    0.37    1.01    0.39491   -87.30  LEFT      4.69274E-01    93.30    1.18015E+00  -170.96
 -128.00     0.00      -8.08    0.37    0.95    0.37519   -87.38  LEFT      4.45996E-01    93.32    1.18015E+00  -170.72
 -126.00     0.00      -8.55    0.37    0.90    0.35535   -87.46  LEFT      4.22559E-01    93.33    1.18015E+00  -170.46
 -124.00     0.00      -9.05    0.37    0.84    0.33541   -87.55  LEFT      3.99004E-01    93.35    1.18015E+00  -170.20
 -122.00     0.00      -9.58    0.37    0.79    0.31541   -87.64  LEFT      3.75368E-01    93.36    1.18015E+00  -169.94
 -120.00     0.00     -10.14    0.37    0.74    0.29538   -87.74  LEFT      3.51680E-01    93.38    1.18015E+00  -169.67
 -118.00     0.00     -10.75    0.37    0.69    0.27534   -87.84  LEFT      3.27969E-01    93.39    1.18015E+00  -169.39
 -116.00     0.00     -11.40    0.37    0.65    0.25531   -87.94  LEFT      3.04258E-01    93.41    1.18015E+00  -169.11
 -114.00     0.00     -12.11    0.37    0.61    0.23530   -88.05  LEFT      2.80566E-01    93.42    1.18015E+00  -168.82
 -112.00     0.00     -12.87    0.37    0.57    0.21534   -88.17  LEFT      2.56908E-01    93.43    1.18015E+00  -168.53
 -110.00     0.00     -13.71    0.37    0.54    0.19543   -88.30  LEFT      2.33295E-01    93.44    1.18015E+00  -168.24
 -108.00     0.00     -14.63    0.37    0.51    0.17559   -88.43  LEFT      2.09736E-01    93.45    1.18015E+00  -167.94
 -106.00     0.00     -15.67    0.37    0.48    0.15581   -88.57  LEFT      1.86235E-01    93.46    1.18015E+00  -167.63
 -104.00     0.00     -16.83    0.37    0.45    0.13610   -88.71  LEFT      1.62793E-01    93.47    1.18015E+00  -167.33
 -102.00     0.00     -18.18    0.37    0.43    0.11646   -88.87  LEFT      1.39410E-01    93.48    1.18015E+00  -167.02
 -100.00     0.00     -19.77    0.37    0.41    0.09690   -89.03  LEFT      1.16081E-01    93.49    1.18015E+00  -166.71
  -98.00     0.00     -21.72    0.37    0.40    0.07740   -89.20  LEFT      9.28016E-02    93.49    1.18015E+00  -166.40
  -96.00     0.00     -24.22    0.37    0.39    0.05797   -89.39  LEFT      6.95632E-02    93.50    1.18015E+00  -166.08
  -94.00     0.00     -27.75    0.37    0.38    0.03859   -89.58  LEFT      4.63570E-02    93.50    1.18015E+00  -165.77
  -92.00     0.00     -33.77    0.37    0.37    0.01927   -89.78  LEFT      2.31729E-02    93.50    1.18015E+00  -165.45
  -90.00     0.00    -999.99    0.37    0.37    0.00000   -90.00  LINEAR    3.38764E-12    93.50    1.18015E+00  -165.13
  -88.00     0.00     -33.77    0.37    0.37    0.01923    89.77  RIGHT     2.31729E-02   -86.50    1.18015E+00  -164.82
  -86.00     0.00     -27.75    0.37    0.38    0.03842    89.53  RIGHT     4.63570E-02   -86.50    1.18015E+00  -164.50
  -84.00     0.00     -24.22    0.37    0.39    0.05758    89.28  RIGHT     6.95632E-02   -86.50    1.18015E+00  -164.19
  -82.00     0.00     -21.72    0.37    0.40    0.07671    89.01  RIGHT     9.28016E-02   -86.51    1.18015E+00  -163.87
  -80.00     0.00     -19.77    0.37    0.41    0.09581    88.73  RIGHT     1.16081E-01   -86.51    1.18015E+00  -163.56
  -78.00     0.00     -18.18    0.37    0.43    0.11489    88.43  RIGHT     1.39410E-01   -86.52    1.18015E+00  -163.25
  -76.00     0.00     -16.83    0.37    0.45    0.13394    88.11  RIGHT     1.62793E-01   -86.53    1.18015E+00  -162.94
  -74.00     0.00     -15.67    0.37    0.48    0.15296    87.78  RIGHT     1.86235E-01   -86.54    1.18015E+00  -162.64
  -72.00     0.00     -14.63    0.37    0.51    0.17194    87.43  RIGHT     2.09736E-01   -86.55    1.18015E+00  -162.33
  -70.00     0.00     -13.71    0.37    0.54    0.19088    87.05  RIGHT     2.33295E-01   -86.56    1.18015E+00  -162.03
  -68.00     0.00     -12.87    0.37    0.57    0.20976    86.66  RIGHT     2.56908E-01   -86.57    1.18015E+00  -161.74
  -66.00     0.00     -12.11    0.37    0.61    0.22856    86.25  RIGHT     2.80566E-01   -86.58    1.18015E+00  -161.45
  -64.00     0.00     -11.40    0.37    0.65    0.24727    85.82  RIGHT     3.04258E-01   -86.59    1.18015E+00  -161.16
  -62.00     0.00     -10.75    0.37    0.69    0.26587    85.36  RIGHT     3.27969E-01   -86.61    1.18015E+00  -160.88
  -60.00     0.00     -10.14    0.37    0.74    0.28433    84.88  RIGHT     3.51680E-01   -86.62    1.18015E+00  -160.60
  -58.00     0.00      -9.58    0.37    0.79    0.30261    84.38  RIGHT     3.75368E-01   -86.64    1.18015E+00  -160.33
  -56.00     0.00      -9.05    0.37    0.84    0.32069    83.85  RIGHT     3.99004E-01   -86.65    1.18015E+00  -160.06
  -54.00     0.00      -8.55    0.37    0.90    0.33853    83.30  RIGHT     4.22559E-01   -86.67    1.18015E+00  -159.81
  -52.00     0.00      -8.08    0.37    0.95    0.35609    82.72  RIGHT     4.45996E-01   -86.68    1.18015E+00  -159.55
  -50.00     0.00      -7.64    0.37    1.01    0.37332    82.12  RIGHT     4.69274E-01   -86.70    1.18015E+00  -159.31
  -48.00     0.00      -7.22    0.37    1.07    0.39018    81.49  RIGHT     4.92351E-01   -86.71    1.18015E+00  -159.07
  -46.00     0.00      -6.83    0.37    1.13    0.40662    80.83  RIGHT     5.15178E-01   -86.73    1.18015E+00  -158.84
  -44.00     0.00      -6.46    0.37    1.19    0.42259    80.15  RIGHT     5.37704E-01   -86.75    1.18015E+00  -158.61
  -42.00     0.00      -6.11    0.37    1.25    0.43806    79.45  RIGHT     5.59872E-01   -86.76    1.18015E+00  -158.40
  -40.00     0.00      -5.77    0.37    1.32    0.45295    78.73  RIGHT     5.81625E-01   -86.78    1.18015E+00  -158.19
  -38.00     0.00      -5.46    0.37    1.38    0.46724    77.99  RIGHT     6.02902E-01   -86.79    1.18015E+00  -157.99
  -36.00     0.00      -5.17    0.37    1.44    0.48088    77.24  RIGHT     6.23639E-01   -86.81    1.18015E+00  -157.80
  -34.00     0.00      -4.89    0.37    1.50    0.49383    76.47  RIGHT     6.43770E-01   -86.82    1.18015E+00  -157.62
  -32.00     0.00      -4.63    0.37    1.56    0.50605    75.70  RIGHT     6.63229E-01   -86.83    1.18015E+00  -157.45
  -30.00     0.00      -4.39    0.37    1.62    0.51751    74.92  RIGHT     6.81946E-01   -86.85    1.18015E+00  -157.28
  -28.00     0.00      -4.17    0.37    1.68    0.52819    74.15  RIGHT     6.99855E-01   -86.86    1.18015E+00  -157.13
  -26.00     0.00      -3.96    0.37    1.74    0.53807    73.39  RIGHT     7.16887E-01   -86.87    1.18015E+00  -156.99
  -24.00     0.00      -3.77    0.37    1.79    0.54714    72.65  RIGHT     7.32976E-01   -86.88    1.18015E+00  -156.85
  -22.00     0.00      -3.59    0.37    1.84    0.55540    71.93  RIGHT     7.48055E-01   -86.89    1.18015E+00  -156.73
  -20.00     0.00      -3.43    0.37    1.88    0.56286    71.24  RIGHT     7.62062E-01   -86.90    1.18015E+00  -156.61
  -18.00     0.00      -3.28    0.37    1.93    0.56952    70.59  RIGHT     7.74936E-01   -86.91    1.18015E+00  -156.51
  -16.00     0.00      -3.15    0.37    1.97    0.57540    69.98  RIGHT     7.86621E-01   -86.92    1.18015E+00  -156.42
  -14.00     0.00      -3.04    0.37    2.00    0.58051    69.43  RIGHT     7.97063E-01   -86.93    1.18015E+00  -156.34
  -12.00     0.00      -2.94    0.37    2.03    0.58489    68.94  RIGHT     8.06216E-01   -86.93    1.18015E+00  -156.27
  -10.00     0.00      -2.85    0.37    2.06    0.58854    68.51  RIGHT     8.14036E-01   -86.94    1.18015E+00  -156.21
   -8.00     0.00      -2.79    0.37    2.08    0.59149    68.16  RIGHT     8.20486E-01   -86.94    1.18015E+00  -156.16
   -6.00     0.00      -2.73    0.37    2.10    0.59376    67.88  RIGHT     8.25536E-01   -86.95    1.18015E+00  -156.12
   -4.00     0.00      -2.69    0.37    2.11    0.59538    67.67  RIGHT     8.29161E-01   -86.95    1.18015E+00  -156.09
   -2.00     0.00      -2.67    0.37    2.12    0.59634    67.55  RIGHT     8.31342E-01   -86.95    1.18015E+00  -156.07
    0.00     0.00      -2.66    0.37    2.12    0.59666    67.51  RIGHT     8.32071E-01   -86.95    1.18015E+00  -156.07
    2.00     0.00      -2.67    0.37    2.12    0.59634    67.55  RIGHT     8.31342E-01   -86.95    1.18015E+00  -156.07
    4.00     0.00      -2.69    0.37    2.11    0.59538    67.67  RIGHT     8.29161E-01   -86.95    1.18015E+00  -156.09
    6.00     0.00      -2.73    0.37    2.10    0.59376    67.88  RIGHT     8.25536E-01   -86.95    1.18015E+00  -156.12
    8.00     0.00      -2.79    0.37    2.08    0.59149    68.16  RIGHT     8.20486E-01   -86.94    1.18015E+00  -156.16
   10.00     0.00      -2.85    0.37    2.06    0.58854    68.51  RIGHT     8.14036E-01   -86.94    1.18015E+00  -156.21
   12.00     0.00      -2.94    0.37    2.03    0.58489    68.94  RIGHT     8.06216E-01   -86.93    1.18015E+00  -156.27
   14.00     0.00      -3.04    0.37    2.00    0.58051    69.43  RIGHT     7.97063E-01   -86.93    1.18015E+00  -156.34
   16.00     0.00      -3.15    0.37    1.97    0.57540    69.98  RIGHT     7.86621E-01   -86.92    1.18015E+00  -156.42
   18.00     0.00      -3.28    0.37    1.93    0.56952    70.59  RIGHT     7.74936E-01   -86.91    1.18015E+00  -156.51
   20.00     0.00      -3.43    0.37    1.88    0.56286    71.24  RIGHT     7.62062E-01   -86.90    1.18015E+00  -156.61
   22.00     0.00      -3.59    0.37    1.84    0.55540    71.93  RIGHT     7.48055E-01   -86.89    1.18015E+00  -156.73
   24.00     0.00      -3.77    0.37    1.79    0.54714    72.65  RIGHT     7.32976E-01   -86.88    1.18015E+00  -156.85
   26.00     0.00      -3.96    0.37    1.74    0.53807    73.39  RIGHT     7.16887E-01   -86.87    1.18015E+00  -156.99
   28.00     0.00      -4.17    0.37    1.68    0.52819    74.15  RIGHT     6.99855E-01   -86.86    1.18015E+00  -157.13
   30.00     0.00      -4.39    0.37    1.62    0.51751    74.92  RIGHT     6.81946E-01   -86.85    1.18015E+00  -157.28
   32.00     0.00      -4.63    0.37    1.56    0.50605    75.70  RIGHT     6.63229E-01   -86.83    1.18015E+00  -157.45
   34.00     0.00      -4.89    0.37    1.50    0.49383    76.47  RIGHT     6.43770E-01   -86.82    1.18015E+00  -157.62
   36.00     0.00      -5.17    0.37    1.44    0.48088    77.24  RIGHT     6.23639E-01   -86.81    1.18015E+00  -157.80
   38.00     0.00      -5.46    0.37    1.38    0.46724    77.99  RIGHT     6.02902E-01   -86.79    1.18015E+00  -157.99
   40.00     0.00      -5.77    0.37    1.32    0.45295    78.73  RIGHT     5.81625E-01   -86.78    1.18015E+00  -158.19
   42.00     0.00      -6.11    0.37    1.25    0.43806    79.45  RIGHT     5.59872E-01   -86.76    1.18015E+00  -158.40
   44.00     0.00      -6.46    0.37    1.19    0.42259    80.15  RIGHT     5.37704E-01   -86.75    1.18015E+00  -158.61
   46.00     0.00      -6.83    0.37    1.13    0.40662    80.83  RIGHT     5.15178E-01   -86.73    1.18015E+00  -158.84
   48.00     0.00      -7.22    0.37    1.07    0.39018    81.49  RIGHT     4.92351E-01   -86.71    1.18015E+00  -159.07
   50.00     0.00      -7.64    0.37    1.01    0.37332    82.12  RIGHT     4.69274E-01   -86.70    1.18015E+00  -159.31
   52.00     0.00      -8.08    0.37    0.95    0.35609    82.72  RIGHT     4.45996E-01   -86.68    1.18015E+00  -159.55
   54.00     0.00      -8.55    0.37    0.90    0.33853    83.30  RIGHT     4.22559E-01   -86.67    1.18015E+00  -159.81
   56.00     0.00      -9.05    0.37    0.84    0.32069    83.85  RIGHT     3.99004E-01   -86.65    1.18015E+00  -160.06
   58.00     0.00      -9.58    0.37    0.79    0.30261    84.38  RIGHT     3.75368E-01   -86.64    1.18015E+00  -160.33
   60.00     0.00     -10.14    0.37    0.74    0.28433    84.88  RIGHT     3.51680E-01   -86.62    1.18015E+00  -160.60
   62.00     0.00     -10.75    0.37    0.69    0.26587    85.36  RIGHT     3.27969E-01   -86.61    1.18015E+00  -160.88
   64.00     0.00     -11.40    0.37    0.65    0.24727    85.82  RIGHT     3.04258E-01   -86.59    1.18015E+00  -161.16
   66.00     0.00     -12.11    0.37    0.61    0.22856    86.25  RIGHT     2.80566E-01   -86.58    1.18015E+00  -161.45
   68.00     0.00     -12.87    0.37    0.57    0.20976    86.66  RIGHT     2.56908E-01   -86.57    1.18015E+00  -161.74
   70.00     0.00     -13.71    0.37    0.54    0.19088    87.05  RIGHT     2.33295E-01   -86.56    1.18015E+00  -162.03
   72.00     0.00     -14.63    0.37    0.51    0.17194    87.43  RIGHT     2.09736E-01   -86.55    1.18015E+00  -162.33
   74.00     0.00     -15.67    0.37    0.48    0.15296    87.78  RIGHT     1.86235E-01   -86.54    1.18015E+00  -162.64
   76.00     0.00     -16.83    0.37    0.45    0.13394    88.11  RIGHT     1.62793E-01   -86.53    1.18015E+00  -162.94
   78.00     0.00     -18.18    0.37    0.43    0.11489    88.43  RIGHT     1.39410E-01   -86.52    1.18015E+00  -163.25
   80.00     0.00     -19.77    0.37    0.41    0.09581    88.73  RIGHT     1.16081E-01   -86.51    1.18015E+00  -163.56
   82.00     0.00     -21.72    0.37    0.40    0.07671    89.01  RIGHT     9.28016E-02   -86.51    1.18015E+00  -163.87
   84.00     0.00     -24.22    0.37    0.39    0.05758    89.28  RIGHT     6.95632E-02   -86.50    1.18015E+00  -164.19
   86.00     0.00     -27.75    0.37    0.38    0.03842    89.53  RIGHT     4.63570E-02   -86.50    1.18015E+00  -164.50
   88.00     0.00     -33.77    0.37    0.37    0.01923    89.77  RIGHT     2.31729E-02   -86.50    1.18015E+00  -164.82
   90.00     0.00    -999.99    0.37    0.37    0.00000   -90.00  LINEAR    3.38764E-12    93.50    1.18015E+00  -165.13
   92.00     0.00     -33.77    0.37    0.37    0.01927   -89.78  LEFT      2.31729E-02    93.50    1.18015E+00  -165.45
   94.00     0.00     -27.75    0.37    0.38    0.03859   -89.58  LEFT      4.63570E-02    93.50    1.18015E+00  -165.77
   96.00     0.00     -24.22    0.37    0.39    0.05797   -89.39  LEFT      6.95632E-02    93.50    1.18015E+00  -166.08
   98.00     0.00     -21.72    0.37    0.40    0.07740   -89.20  LEFT      9.28016E-02    93.49    1.18015E+00  -166.40
  100.00     0.00     -19.77    0.37    0.41    0.09690   -89.03  LEFT      1.16081E-01    93.49    1.18015E+00  -166.71
  102.00     0.00     -18.18    0.37    0.43    0.11646   -88.87  LEFT      1.39410E-01    93.48    1.18015E+00  -167.02
  104.00     0.00     -16.83    0.37    0.45    0.13610   -88.71  LEFT      1.62793E-01    93.47    1.18015E+00  -167.33
  106.00     0.00     -15.67    0.37    0.48    0.15581   -88.57  LEFT      1.86235E-01    93.46    1.18015E+00  -167.63
  108.00     0.00     -14.63    0.37    0.51    0.17559   -88.43  LEFT      2.09736E-01    93.45    1.18015E+00  -167.94
  110.00     0.00     -13.71    0.37    0.54    0.19543   -88.30  LEFT      2.33295E-01    93.44    1.18015E+00  -168.24
  112.00     0.00     -12.87    0.37    0.57    0.21534   -88.17  LEFT      2.56908E-01    93.43    1.18015E+00  -168.53
  114.00     0.00     -12.11    0.37    0.61    0.23530   -88.05  LEFT      2.80566E-01    93.42    1.18015E+00  -168.82
  116.00     0.00     -11.40    0.37    0.65    0.25531   -87.94  LEFT      3.04258E-01    93.41    1.18015E+00  -169.11
  118.00     0.00     -10.75    0.37    0.69    0.27534   -87.84  LEFT      3.27969E-01    93.39    1.18015E+00  -169.39
  120.00     0.00     -10.14    0.37    0.74    0.29538   -87.74  LEFT      3.51680E-01    93.38    1.18015E+00  -169.67
  122.00     0.00      -9.58    0.37    0.79    0.31541   -87.64  LEFT      3.75368E-01    93.36    1.18015E+00  -169.94
  124.00     0.00      -9.05    0.37    0.84    0.33541   -87.55  LEFT      3.99004E-01    93.35    1.18015E+00  -170.20
  126.00     0.00      -8.55    0.37    0.90    0.35535   -87.46  LEFT      4.22559E-01    93.33    1.18015E+00  -170.46
  128.00     0.00      -8.08    0.37    0.95    0.37519   -87.38  LEFT      4.45996E-01    93.32    1.18015E+00  -170.72
  130.00     0.00      -7.64    0.37    1.01    0.39491   -87.30  LEFT      4.69274E-01    93.30    1.18015E+00  -170.96
  132.00     0.00      -7.22    0.37    1.07    0.41446   -87.23  LEFT      4.92351E-01    93.29    1.18015E+00  -171.20
  134.00     0.00      -6.83    0.37    1.13    0.43380   -87.16  LEFT      5.15178E-01    93.27    1.18015E+00  -171.43
  136.00     0.00      -6.46    0.37    1.19    0.45289   -87.09  LEFT      5.37704E-01    93.25    1.18015E+00  -171.66
  138.00     0.00      -6.11    0.37    1.25    0.47169   -87.02  LEFT      5.59872E-01    93.24    1.18015E+00  -171.87
  140.00     0.00      -5.77    0.37    1.32    0.49013   -86.96  LEFT      5.81625E-01    93.22    1.18015E+00  -172.08
  142.00     0.00      -5.46    0.37    1.38    0.50818   -86.90  LEFT      6.02902E-01    93.21    1.18015E+00  -172.28
  144.00     0.00      -5.17    0.37    1.44    0.52576   -86.84  LEFT      6.23639E-01    93.19    1.18015E+00  -172.47
  146.00     0.00      -4.89    0.37    1.50    0.54284   -86.78  LEFT      6.43770E-01    93.18    1.18015E+00  -172.65
  148.00     0.00      -4.63    0.37    1.56    0.55935   -86.72  LEFT      6.63229E-01    93.17    1.18015E+00  -172.82
  150.00     0.00      -4.39    0.37    1.62    0.57523   -86.67  LEFT      6.81946E-01    93.15    1.18015E+00  -172.99
  152.00     0.00      -4.17    0.37    1.68    0.59043   -86.62  LEFT      6.99855E-01    93.14    1.18015E+00  -173.14
  154.00     0.00      -3.96    0.37    1.74    0.60488   -86.56  LEFT      7.16887E-01    93.13    1.18015E+00  -173.28
  156.00     0.00      -3.77    0.37    1.79    0.61853   -86.51  LEFT      7.32976E-01    93.12    1.18015E+00  -173.42
  158.00     0.00      -3.59    0.37    1.84    0.63133   -86.47  LEFT      7.48055E-01    93.11    1.18015E+00  -173.54
  160.00     0.00      -3.43    0.37    1.88    0.64322   -86.42  LEFT      7.62062E-01    93.10    1.18015E+00  -173.65
  162.00     0.00      -3.28    0.37    1.93    0.65415   -86.38  LEFT      7.74936E-01    93.09    1.18015E+00  -173.76
  164.00     0.00      -3.15    0.37    1.97    0.66407   -86.34  LEFT      7.86621E-01    93.08    1.18015E+00  -173.85
  166.00     0.00      -3.04    0.37    2.00    0.67293   -86.30  LEFT      7.97063E-01    93.07    1.18015E+00  -173.93
  168.00     0.00      -2.94    0.37    2.03    0.68070   -86.27  LEFT      8.06216E-01    93.07    1.18015E+00  -174.00
  170.00     0.00      -2.85    0.37    2.06    0.68734   -86.24  LEFT      8.14036E-01    93.06    1.18015E+00  -174.06
  172.00     0.00      -2.79    0.37    2.08    0.69282   -86.21  LEFT      8.20486E-01    93.06    1.18015E+00  -174.11
  174.00     0.00      -2.73    0.37    2.10    0.69710   -86.20  LEFT      8.25536E-01    93.05    1.18015E+00  -174.15
  176.00     0.00      -2.69    0.37    2.11    0.70018   -86.18  LEFT      8.29161E-01    93.05    1.18015E+00  -174.18
  178.00     0.00      -2.67    0.37    2.12    0.70203   -86.17  LEFT      8.31342E-01    93.05    1.18015E+00  -174.19
  180.00     0.00      -2.66    0.37    2.12    0.70265   -86.17  LEFT      8.32071E-01    93.05    1.18015E+00  -174.20




                                 - - - - - - FREQUENCY - - - - - -

                                    FREQUENCY= 1.5200E+03 MHZ
                                    WAVELENGTH= 1.9724E-01 METERS




                    APPROXIMATE INTEGRATION EMPLOYED FOR SEGMENTS MORE THAN   1.000 WAVELENGTHS APART

                    THE EXTENDED THIN WIRE KERNEL WILL BE USED



                               - - - STRUCTURE IMPEDANCE LOADING - - -

                                   THIS STRUCTURE IS NOT LOADED



                                  - - - ANTENNA ENVIRONMENT - - -

                                            FREE SPACE



                                - - - MATRIX TIMING - - -

                        FILL=    0.016 SEC.,  FACTOR=    0.000 SEC.



                                            - - - NETWORK DATA - - -

      - FROM -    - TO -           TRANSMISSION LINE               -  -  SHUNT ADMITTANCES (MHOS)  -  -              LINE
      TAG  SEG.   TAG  SEG.      IMPEDANCE      LENGTH            - END ONE -                 - END TWO -            TYPE
      NO.   NO.   NO.   NO.         OHMS        METERS         REAL          IMAG.         REAL          IMAG.
        1    11     2    32     5.0000E+01    4.2500E-02    0.0000E+00    0.0000E+00    0.0000E+00    0.0000E+00   STRAIGHT



                           - - - STRUCTURE EXCITATION DATA AT NETWORK CONNECTION POINTS - - -

   TAG   SEG.    VOLTAGE (VOLTS)         CURRENT (AMPS)         IMPEDANCE (OHMS)        ADMITTANCE (MHOS)      POWER
   NO.   NO.    REAL        IMAG.       REAL        IMAG.       REAL        IMAG.       REAL        IMAG.     (WATTS)
     1    11 3.78070E-01-1.35327E+00 5.96472E-03-1.88135E-02 7.11500E+01-2.46206E+00 1.40380E-02 4.85768E-04 1.38574E-02
     2    32 1.00000E+00 0.00000E+00 1.40380E-02 4.85768E-04 7.11500E+01-2.46206E+00 1.40380E-02 4.85768E-04 7.01900E-03



                                          - - - ANTENNA INPUT PARAMETERS - - -

   TAG   SEG.    VOLTAGE (VOLTS)         CURRENT (AMPS)         IMPEDANCE (OHMS)        ADMITTANCE (MHOS)      POWER
   NO.   NO.    REAL        IMAG.       REAL        IMAG.       REAL        IMAG.       REAL        IMAG.     (WATTS)
     2    32 1.00000E+00 0.00000E+00 4.17528E-02 3.82097E-03 2.37516E+01-2.17360E+00 4.17528E-02 3.82097E-03 2.08764E-02



                             - - - CURRENTS AND LOCATION - - -

                                 DISTANCES IN WAVELENGTHS


  SEG.  TAG    COORD. OF SEG. CENTER     SEG.            - - - CURRENT (AMPS) - - -
  NO.   NO.     X        Y        Z      LENGTH     REAL        IMAG.       MAG.        PHASE
     1    1   0.0000  -0.2245   0.0254  0.02245   4.0102E-04 -2.1866E-03  2.2231E-03  -79.608
     2    1   0.0000  -0.2021   0.0254  0.02245   1.0290E-03 -5.3746E-03  5.4722E-03  -79.162
     3    1   0.0000  -0.1796   0.0254  0.02245   1.6244E-03 -8.1191E-03  8.2800E-03  -78.686
     4    1   0.0000  -0.1572   0.0254  0.02245   2.2151E-03 -1.0587E-02  1.0816E-02  -78.182
     5    1   0.0000  -0.1347   0.0254  0.02245   2.7994E-03 -1.2775E-02  1.3078E-02  -77.640
     6    1   0.0000  -0.1123   0.0254  0.02245   3.3725E-03 -1.4662E-02  1.5045E-02  -77.047
     7    1   0.0000  -0.0898   0.0254  0.02245   3.9291E-03 -1.6225E-02  1.6694E-02  -76.387
     8    1   0.0000  -0.0674   0.0254  0.02245   4.4656E-03 -1.7440E-02  1.8002E-02  -75.637
     9    1   0.0000  -0.0449   0.0254  0.02245   4.9830E-03 -1.8286E-02  1.8953E-02  -74.757
    10    1   0.0000  -0.0225   0.0254  0.02245   5.5062E-03 -1.8740E-02  1.9532E-02  -73.626
    11    1   0.0000   0.0000   0.0254  0.02245   5.9647E-03 -1.8814E-02  1.9736E-02  -72.409
    12    1   0.0000   0.0225   0.0254  0.02245   5.5062E-03 -1.8740E-02  1.9532E-02  -73.626
    13    1   0.0000   0.0449   0.0254  0.02245   4.9830E-03 -1.8286E-02  1.8953E-02  -74.757
    14    1   0.0000   0.0674   0.0254  0.02245   4.4656E-03 -1.7440E-02  1.8002E-02  -75.637
    15    1   0.0000   0.0898   0.0254  0.02245   3.9291E-03 -1.6225E-02  1.6694E-02  -76.387
    16    1   0.0000   0.1123   0.0254  0.02245   3.3725E-03 -1.4662E-02  1.5045E-02  -77.047
    17    1   0.0000   0.1347   0.0254  0.02245   2.7994E-03 -1.2775E-02  1.3078E-02  -77.640
    18    1   0.0000   0.1572   0.0254  0.02245   2.2151E-03 -1.0587E-02  1.0816E-02  -78.182
    19    1   0.0000   0.1796   0.0254  0.02245   1.6244E-03 -8.1191E-03  8.2800E-03  -78.686
    20    1   0.0000   0.2021   0.0254  0.02245   1.0290E-03 -5.3746E-03  5.4722E-03  -79.162
    21    1   0.0000   0.2245   0.0254  0.02245   4.0102E-04 -2.1866E-03  2.2231E-03  -79.608
    22    2  -0.2245   0.0000   0.0000  0.02245   1.5756E-03 -1.4385E-04  1.5822E-03   -5.217
    23    2  -0.2021   0.0000   0.0000  0.02245   3.8811E-03 -3.2394E-04  3.8946E-03   -4.771
    24    2  -0.1796   0.0000   0.0000  0.02245   5.8763E-03 -4.4138E-04  5.8929E-03   -4.295
    25    2  -0.1572   0.0000   0.0000  0.02245   7.6810E-03 -5.0901E-04  7.6979E-03   -3.791
    26    2  -0.1347   0.0000   0.0000  0.02245   9.2925E-03 -5.2745E-04  9.3074E-03   -3.249
    27    2  -0.1123   0.0000   0.0000  0.02245   1.0696E-02 -4.9609E-04  1.0707E-02   -2.656
    28    2  -0.0898   0.0000   0.0000  0.02245   1.1874E-02 -4.1383E-04  1.1881E-02   -1.996
    29    2  -0.0674   0.0000   0.0000  0.02245   1.2809E-02 -2.7870E-04  1.2812E-02   -1.246
    30    2  -0.0449   0.0000   0.0000  0.02245   1.3488E-02 -8.6102E-05  1.3489E-02   -0.366
    31    2  -0.0225   0.0000   0.0000  0.02245   1.3900E-02  1.8553E-04  1.3901E-02    0.765
    32    2   0.0000   0.0000   0.0000  0.02245   1.4038E-02  4.8577E-04  1.4046E-02    1.982
    33    2   0.0225   0.0000   0.0000  0.02245   1.3900E-02  1.8553E-04  1.3901E-02    0.765
    34    2   0.0449   0.0000   0.0000  0.02245   1.3488E-02 -8.6102E-05  1.3489E-02   -0.366
    35    2   0.0674   0.0000   0.0000  0.02245   1.2809E-02 -2.7870E-04  1.2812E-02   -1.246
    36    2   0.0898   0.0000   0.0000  0.02245   1.1874E-02 -4.1383E-04  1.1881E-02   -1.996
    37    2   0.1123   0.0000   0.0000  0.02245   1.0696E-02 -4.9609E-04  1.0707E-02   -2.656
    38    2   0.1347   0.0000   0.0000  0.02245   9.2925E-03 -5.2745E-04  9.3074E-03   -3.249
    39    2   0.1572   0.0000   0.0000  0.02245   7.6810E-03 -5.0901E-04  7.6979E-03   -3.791
    40    2   0.1796   0.0000   0.0000  0.02245   5.8763E-03 -4.4138E-04  5.8929E-03   -4.295
    41    2   0.2021   0.0000   0.0000  0.02245   3.8811E-03 -3.2394E-04  3.8946E-03   -4.771
    42    2   0.2245   0.0000   0.0000  0.02245   1.5756E-03 -1.4385E-04  1.5822E-03   -5.217



                                        - - - POWER BUDGET - - -

                                           INPUT POWER   = 2.0876E-02 WATTS
                                           RADIATED POWER= 2.0876E-02 WATTS
                                           STRUCTURE LOSS= 0.0000E+00 WATTS
                                           NETWORK LOSS  = 1.3184E-16 WATTS
                                           EFFICIENCY    = 100.00 PERCENT



                                                - - - RADIATION PATTERNS - - -

  - - ANGLES - -           - POWER GAINS -       - - - POLARIZATION - - -    - - - E(THETA) - - -    - - - E(PHI) - - -
  THETA     PHI        VERT.   HOR.    TOTAL      AXIAL     TILT   SENSE     MAGNITUDE    PHASE      MAGNITUDE    PHASE 
 DEGREES  DEGREES       DB      DB      DB        RATIO     DEG.              VOLTS/M    DEGREES      VOLTS/M    DEGREES
 -180.00     0.00      -2.60    0.35    2.13    0.69824   -80.98  LEFT      8.28939E-01    88.37    1.16473E+00  -175.14
 -178.00     0.00      -2.61    0.35    2.13    0.69764   -81.00  LEFT      8.28210E-01    88.38    1.16473E+00  -175.14
 -176.00     0.00      -2.64    0.35    2.12    0.69583   -81.04  LEFT      8.26026E-01    88.38    1.16473E+00  -175.12
 -174.00     0.00      -2.67    0.35    2.11    0.69282   -81.12  LEFT      8.22399E-01    88.38    1.16473E+00  -175.09
 -172.00     0.00      -2.73    0.35    2.09    0.68862   -81.23  LEFT      8.17345E-01    88.38    1.16473E+00  -175.05
 -170.00     0.00      -2.80    0.35    2.07    0.68326   -81.36  LEFT      8.10891E-01    88.39    1.16473E+00  -175.00
 -168.00     0.00      -2.88    0.35    2.04    0.67675   -81.52  LEFT      8.03066E-01    88.39    1.16473E+00  -174.94
 -166.00     0.00      -2.98    0.35    2.01    0.66912   -81.69  LEFT      7.93908E-01    88.40    1.16473E+00  -174.87
 -164.00     0.00      -3.09    0.35    1.97    0.66041   -81.88  LEFT      7.83460E-01    88.41    1.16473E+00  -174.79
 -162.00     0.00      -3.23    0.35    1.93    0.65065   -82.09  LEFT      7.71772E-01    88.41    1.16473E+00  -174.70
 -160.00     0.00      -3.37    0.35    1.89    0.63987   -82.30  LEFT      7.58895E-01    88.42    1.16473E+00  -174.59
 -158.00     0.00      -3.53    0.35    1.84    0.62814   -82.52  LEFT      7.44887E-01    88.43    1.16473E+00  -174.48
 -156.00     0.00      -3.71    0.35    1.79    0.61549   -82.75  LEFT      7.29809E-01    88.44    1.16473E+00  -174.35
 -154.00     0.00      -3.90    0.35    1.73    0.60198   -82.98  LEFT      7.13725E-01    88.46    1.16473E+00  -174.22
 -152.00     0.00      -4.11    0.35    1.68    0.58767   -83.20  LEFT      6.96700E-01    88.47    1.16473E+00  -174.07
 -150.00     0.00      -4.34    0.35    1.62    0.57260   -83.43  LEFT      6.78803E-01    88.48    1.16473E+00  -173.92
 -148.00     0.00      -4.58    0.35    1.56    0.55683   -83.66  LEFT      6.60101E-01    88.49    1.16473E+00  -173.76
 -146.00     0.00      -4.84    0.35    1.50    0.54043   -83.88  LEFT      6.40663E-01    88.51    1.16473E+00  -173.58
 -144.00     0.00      -5.12    0.35    1.43    0.52345   -84.10  LEFT      6.20558E-01    88.52    1.16473E+00  -173.40
 -142.00     0.00      -5.41    0.35    1.37    0.50595   -84.31  LEFT      5.99853E-01    88.54    1.16473E+00  -173.21
 -140.00     0.00      -5.73    0.35    1.31    0.48799   -84.52  LEFT      5.78614E-01    88.55    1.16473E+00  -173.01
 -138.00     0.00      -6.06    0.35    1.24    0.46962   -84.73  LEFT      5.56905E-01    88.57    1.16473E+00  -172.80
 -136.00     0.00      -6.41    0.35    1.18    0.45089   -84.93  LEFT      5.34787E-01    88.59    1.16473E+00  -172.58
 -134.00     0.00      -6.78    0.35    1.12    0.43185   -85.14  LEFT      5.12320E-01    88.60    1.16473E+00  -172.36
 -132.00     0.00      -7.18    0.35    1.06    0.41257   -85.34  LEFT      4.89558E-01    88.62    1.16473E+00  -172.12
 -130.00     0.00      -7.60    0.35    1.00    0.39307   -85.53  LEFT      4.66554E-01    88.64    1.16473E+00  -171.88
 -128.00     0.00      -8.04    0.35    0.94    0.37340   -85.73  LEFT      4.43355E-01    88.65    1.16473E+00  -171.63
 -126.00     0.00      -8.51    0.35    0.88    0.35361   -85.92  LEFT      4.20005E-01    88.67    1.16473E+00  -171.38
 -124.00     0.00      -9.01    0.35    0.83    0.33372   -86.12  LEFT      3.96545E-01    88.68    1.16473E+00  -171.12
 -122.00     0.00      -9.54    0.35    0.77    0.31377   -86.31  LEFT      3.73010E-01    88.70    1.16473E+00  -170.85
 -120.00     0.00     -10.11    0.35    0.72    0.29379   -86.51  LEFT      3.49431E-01    88.71    1.16473E+00  -170.58
 -118.00     0.00     -10.72    0.35    0.68    0.27380   -86.71  LEFT      3.25836E-01    88.73    1.16473E+00  -170.30
 -116.00     0.00     -11.37    0.35    0.63    0.25383   -86.90  LEFT      3.02247E-01    88.74    1.16473E+00  -170.02
 -114.00     0.00     -12.07    0.35    0.59    0.23389   -87.11  LEFT      2.78683E-01    88.76    1.16473E+00  -169.73
 -112.00     0.00     -12.84    0.35    0.55    0.21400   -87.31  LEFT      2.55160E-01    88.77    1.16473E+00  -169.43
 -110.00     0.00     -13.68    0.35    0.52    0.19416   -87.52  LEFT      2.31687E-01    88.78    1.16473E+00  -169.14
 -108.00     0.00     -14.60    0.35    0.49    0.17440   -87.74  LEFT      2.08273E-01    88.79    1.16473E+00  -168.84
 -106.00     0.00     -15.64    0.35    0.46    0.15471   -87.96  LEFT      1.84922E-01    88.80    1.16473E+00  -168.53
 -104.00     0.00     -16.80    0.35    0.43    0.13510   -88.18  LEFT      1.61635E-01    88.81    1.16473E+00  -168.22
 -102.00     0.00     -18.15    0.35    0.41    0.11558   -88.42  LEFT      1.38410E-01    88.82    1.16473E+00  -167.91
 -100.00     0.00     -19.74    0.35    0.39    0.09613   -88.66  LEFT      1.15243E-01    88.83    1.16473E+00  -167.60
  -98.00     0.00     -21.69    0.35    0.38    0.07676   -88.91  LEFT      9.21275E-02    88.83    1.16473E+00  -167.29
  -96.00     0.00     -24.19    0.35    0.36    0.05747   -89.16  LEFT      6.90556E-02    88.84    1.16473E+00  -166.97
  -94.00     0.00     -27.72    0.35    0.36    0.03825   -89.43  LEFT      4.60176E-02    88.84    1.16473E+00  -166.65
  -92.00     0.00     -33.74    0.35    0.35    0.01909   -89.71  LEFT      2.30029E-02    88.84    1.16473E+00  -166.33
  -90.00     0.00    -999.99    0.35    0.35    0.00000   -90.00  LINEAR    3.36278E-12    88.84    1.16473E+00  -166.02
  -88.00     0.00     -33.74    0.35    0.35    0.01903    89.70  RIGHT     2.30029E-02   -91.16    1.16473E+00  -165.70
  -86.00     0.00     -27.72    0.35    0.36    0.03802    89.38  RIGHT     4.60176E-02   -91.16    1.16473E+00  -165.38
  -84.00     0.00     -24.19    0.35    0.36    0.05695    89.05  RIGHT     6.90556E-02   -91.16    1.16473E+00  -165.06
  -82.00     0.00     -21.69    0.35    0.38    0.07583    88.71  RIGHT     9.21275E-02   -91.17    1.16473E+00  -164.75
  -80.00     0.00     -19.74    0.35    0.39    0.09467    88.35  RIGHT     1.15243E-01   -91.17    1.16473E+00  -164.43
  -78.00     0.00     -18.15    0.35    0.41    0.11346    87.98  RIGHT     1.38410E-01   -91.18    1.16473E+00  -164.12
  -76.00     0.00     -16.80    0.35    0.43    0.13221    87.58  RIGHT     1.61635E-01   -91.19    1.16473E+00  -163.81
  -74.00     0.00     -15.64    0.35    0.46    0.15090    87.17  RIGHT     1.84922E-01   -91.20    1.16473E+00  -163.50
  -72.00     0.00     -14.60    0.35    0.49    0.16952    86.74  RIGHT     2.08273E-01   -91.21    1.16473E+00  -163.20
  -70.00     0.00     -13.68    0.35    0.52    0.18807    86.29  RIGHT     2.31687E-01   -91.22    1.16473E+00  -162.89
  -68.00     0.00     -12.84    0.35    0.55    0.20653    85.82  RIGHT     2.55160E-01   -91.23    1.16473E+00  -162.60
  -66.00     0.00     -12.07    0.35    0.59    0.22489    85.32  RIGHT     2.78683E-01   -91.24    1.16473E+00  -162.30
  -64.00     0.00     -11.37    0.35    0.63    0.24311    84.80  RIGHT     3.02247E-01   -91.26    1.16473E+00  -162.02
  -62.00     0.00     -10.72    0.35    0.68    0.26119    84.26  RIGHT     3.25836E-01   -91.27    1.16473E+00  -161.73
  -60.00     0.00     -10.11    0.35    0.72    0.27908    83.70  RIGHT     3.49431E-01   -91.29    1.16473E+00  -161.45
  -58.00     0.00      -9.54    0.35    0.77    0.29675    83.10  RIGHT     3.73010E-01   -91.30    1.16473E+00  -161.18
  -56.00     0.00      -9.01    0.35    0.83    0.31418    82.48  RIGHT     3.96545E-01   -91.32    1.16473E+00  -160.91
  -54.00     0.00      -8.51    0.35    0.88    0.33132    81.84  RIGHT     4.20005E-01   -91.33    1.16473E+00  -160.65
  -52.00     0.00      -8.04    0.35    0.94    0.34812    81.17  RIGHT     4.43355E-01   -91.35    1.16473E+00  -160.40
  -50.00     0.00      -7.60    0.35    1.00    0.36455    80.47  RIGHT     4.66554E-01   -91.36    1.16473E+00  -160.15
  -48.00     0.00      -7.18    0.35    1.06    0.38056    79.75  RIGHT     4.89558E-01   -91.38    1.16473E+00  -159.91
  -46.00     0.00      -6.78    0.35    1.12    0.39611    79.01  RIGHT     5.12320E-01   -91.40    1.16473E+00  -159.68
  -44.00     0.00      -6.41    0.35    1.18    0.41113    78.24  RIGHT     5.34787E-01   -91.41    1.16473E+00  -159.45
  -42.00     0.00      -6.06    0.35    1.24    0.42560    77.45  RIGHT     5.56905E-01   -91.43    1.16473E+00  -159.23
  -40.00     0.00      -5.73    0.35    1.31    0.43946    76.65  RIGHT     5.78614E-01   -91.45    1.16473E+00  -159.03
  -38.00     0.00      -5.41    0.35    1.37    0.45268    75.83  RIGHT     5.99853E-01   -91.46    1.16473E+00  -158.82
  -36.00     0.00      -5.12    0.35    1.43    0.46521    74.99  RIGHT     6.20558E-01   -91.48    1.16473E+00  -158.63
  -34.00     0.00      -4.84    0.35    1.50    0.47703    74.16  RIGHT     6.40663E-01   -91.49    1.16473E+00  -158.45
  -32.00     0.00      -4.58    0.35    1.56    0.48810    73.32  RIGHT     6.60101E-01   -91.51    1.16473E+00  -158.28
  -30.00     0.00      -4.34    0.35    1.62    0.49842    72.48  RIGHT     6.78803E-01   -91.52    1.16473E+00  -158.11
  -28.00     0.00      -4.11    0.35    1.68    0.50796    71.66  RIGHT     6.96700E-01   -91.53    1.16473E+00  -157.96
  -26.00     0.00      -3.90    0.35    1.73    0.51672    70.85  RIGHT     7.13725E-01   -91.54    1.16473E+00  -157.81
  -24.00     0.00      -3.71    0.35    1.79    0.52471    70.07  RIGHT     7.29809E-01   -91.56    1.16473E+00  -157.68
  -22.00     0.00      -3.53    0.35    1.84    0.53193    69.32  RIGHT     7.44887E-01   -91.57    1.16473E+00  -157.55
  -20.00     0.00      -3.37    0.35    1.89    0.53839    68.60  RIGHT     7.58895E-01   -91.58    1.16473E+00  -157.44
  -18.00     0.00      -3.23    0.35    1.93    0.54413    67.93  RIGHT     7.71772E-01   -91.59    1.16473E+00  -157.34
  -16.00     0.00      -3.09    0.35    1.97    0.54915    67.31  RIGHT     7.83460E-01   -91.59    1.16473E+00  -157.24
  -14.00     0.00      -2.98    0.35    2.01    0.55350    66.75  RIGHT     7.93908E-01   -91.60    1.16473E+00  -157.16
  -12.00     0.00      -2.88    0.35    2.04    0.55719    66.26  RIGHT     8.03066E-01   -91.61    1.16473E+00  -157.09
  -10.00     0.00      -2.80    0.35    2.07    0.56026    65.83  RIGHT     8.10891E-01   -91.61    1.16473E+00  -157.03
   -8.00     0.00      -2.73    0.35    2.09    0.56273    65.47  RIGHT     8.17345E-01   -91.62    1.16473E+00  -156.98
   -6.00     0.00      -2.67    0.35    2.11    0.56462    65.19  RIGHT     8.22399E-01   -91.62    1.16473E+00  -156.94
   -4.00     0.00      -2.64    0.35    2.12    0.56596    64.99  RIGHT     8.26026E-01   -91.62    1.16473E+00  -156.91
   -2.00     0.00      -2.61    0.35    2.13    0.56676    64.86  RIGHT     8.28210E-01   -91.62    1.16473E+00  -156.90
    0.00     0.00      -2.60    0.35    2.13    0.56702    64.82  RIGHT     8.28939E-01   -91.63    1.16473E+00  -156.89
    2.00     0.00      -2.61    0.35    2.13    0.56676    64.86  RIGHT     8.28210E-01   -91.62    1.16473E+00  -156.90
    4.00     0.00      -2.64    0.35    2.12    0.56596    64.99  RIGHT     8.26026E-01   -91.62    1.16473E+00  -156.91
    6.00     0.00      -2.67    0.35    2.11    0.56462    65.19  RIGHT     8.22399E-01   -91.62    1.16473E+00  -156.94
    8.00     0.00      -2.73    0.35    2.09    0.56273    65.47  RIGHT     8.17345E-01   -91.62    1.16473E+00  -156.98
   10.00     0.00      -2.80    0.35    2.07    0.56026    65.83  RIGHT     8.10891E-01   -91.61    1.16473E+00  -157.03
   12.00     0.00      -2.88    0.35    2.04    0.55719    66.26  RIGHT     8.03066E-01   -91.61    1.16473E+00  -157.09
   14.00     0.00      -2.98    0.35    2.01    0.55350    66.75  RIGHT     7.93908E-01   -91.60    1.16473E+00  -157.16
   16.00     0.00      -3.09    0.35    1.97    0.54915    67.31  RIGHT     7.83460E-01   -91.59    1.16473E+00  -157.24
   18.00     0.00      -3.23    0.35    1.93    0.54413    67.93  RIGHT     7.71772E-01   -91.59    1.16473E+00  -157.34
   20.00     0.00      -3.37    0.35    1.89    0.53839    68.60  RIGHT     7.58895E-01   -91.58    1.16473E+00  -157.44
   22.00     0.00      -3.53    0.35    1.84    0.53193    69.32  RIGHT     7.44887E-01   -91.57    1.16473E+00  -157.55
   24.00     0.00      -3.71    0.35    1.79    0.52471    70.07  RIGHT     7.29809E-01   -91.56    1.16473E+00  -157.68
   26.00     0.00      -3.90    0.35    1.73    0.51672    70.85  RIGHT     7.13725E-01   -91.54    1.16473E+00  -157.81
   28.00     0.00      -4.11    0.35    1.68    0.50796    71.66  RIGHT     6.96700E-01   -91.53    1.16473E+00  -157.96
   30.00     0.00      -4.34    0.35    1.62    0.49842    72.48  RIGHT     6.78803E-01   -91.52    1.16473E+00  -158.11
   32.00     0.00      -4.58    0.35    1.56    0.48810    73.32  RIGHT     6.60101E-01   -91.51    1.16473E+00  -158.28
   34.00     0.00      -4.84    0.35    1.50    0.47703    74.16  RIGHT     6.40663E-01   -91.49    1.16473E+00  -158.45
   36.00     0.00      -5.12    0.35    1.43    0.46521    74.99  RIGHT     6.20558E-01   -91.48    1.16473E+00  -158.63
   38.00     0.00      -5.41    0.35    1.37    0.45268    75.83  RIGHT     5.99853E-01   -91.46    1.16473E+00  -158.82
   40.00     0.00      -5.73    0.35    1.31    0.43946    76.65  RIGHT     5.78614E-01   -91.45    1.16473E+00  -159.03
   42.00     0.00      -6.06    0.35    1.24    0.42560    77.45  RIGHT     5.56905E-01   -91.43    1.16473E+00  -159.23
   44.00     0.00      -6.41    0.35    1.18    0.41113    78.24  RIGHT     5.34787E-01   -91.41    1.16473E+00  -159.45
   46.00     0.00      -6.78    0.35    1.12    0.39611    79.01  RIGHT     5.12320E-01   -91.40    1.16473E+00  -159.68
   48.00     0.00      -7.18    0.35    1.06    0.38056    79.75  RIGHT     4.89558E-01   -91.38    1.16473E+00  -159.91
   50.00     0.00      -7.60    0.35    1.00    0.36455    80.47  RIGHT     4.66554E-01   -91.36    1.16473E+00  -160.15
   52.00     0.00      -8.04    0.35    0.94    0.34812    81.17  RIGHT     4.43355E-01   -91.35    1.16473E+00  -160.40
   54.00     0.00      -8.51    0.35    0.88    0.33132    81.84  RIGHT     4.20005E-01   -91.33    1.16473E+00  -160.65
   56.00     0.00      -9.01    0.35    0.83    0.31418    82.48  RIGHT     3.96545E-01   -91.32    1.16473E+00  -160.91
   58.00     0.00      -9.54    0.35    0.77    0.29675    83.10  RIGHT     3.73010E-01   -91.30    1.16473E+00  -161.18
   60.00     0.00     -10.11    0.35    0.72    0.27908    83.70  RIGHT     3.49431E-01   -91.29    1.16473E+00  -161.45
   62.00     0.00     -10.72    0.35    0.68    0.26119    84.26  RIGHT     3.25836E-01   -91.27    1.16473E+00  -161.73
   64.00     0.00     -11.37    0.35    0.63    0.24311    84.80  RIGHT     3.02247E-01   -91.26    1.16473E+00  -162.02
   66.00     0.00     -12.07    0.35    0.59    0.22489    85.32  RIGHT     2.78683E-01   -91.24    1.16473E+00  -162.30
   68.00     0.00     -12.84    0.35    0.55    0.20653    85.82  RIGHT     2.55160E-01   -91.23    1.16473E+00  -162.60
   70.00     0.00     -13.68    0.35    0.52    0.18807    86.29  RIGHT     2.31687E-01   -91.22    1.16473E+00  -162.89
   72.00     0.00     -14.60    0.35    0.49    0.16952    86.74  RIGHT     2.08273E-01   -91.21    1.16473E+00  -163.20
   74.00     0.00     -15.64    0.35    0.46    0.15090    87.17  RIGHT     1.84922E-01   -91.20    1.16473E+00  -163.50
   76.00     0.00     -16.80    0.35    0.43    0.13221    87.58  RIGHT     1.61635E-01   -91.19    1.16473E+00  -163.81
   78.00     0.00     -18.15    0.35    0.41    0.11346    87.98  RIGHT     1.38410E-01   -91.18    1.16473E+00  -164.12
   80.00     0.00     -19.74    0.35    0.39    0.09467    88.35  RIGHT     1.15243E-01   -91.17    1.16473E+00  -164.43
   82.00     0.00     -21.69    0.35    0.38    0.07583    88.71  RIGHT     9.21275E-02   -91.17    1.16473E+00  -164.75
   84.00     0.00     -24.19    0.35    0.36    0.05695    89.05  RIGHT     6.90556E-02   -91.16    1.16473E+00  -165.06
   86.00     0.00     -27.72    0.35    0.36    0.03802    89.38  RIGHT     4.60176E-02   -91.16    1.16473E+00  -165.38
   88.00     0.00     -33.74    0.35    0.35    0.01903    89.70  RIGHT     2.30029E-02   -91.16    1.16473E+00  -165.70
   90.00     0.00    -999.99    0.35    0.35    0.00000   -90.00  LINEAR    3.36278E-12    88.84    1.16473E+00  -166.02
   92.00     0.00     -33.74    0.35    0.35    0.01909   -89.71  LEFT      2.30029E-02    88.84    1.16473E+00  -166.33
   94.00     0.00     -27.72    0.35    0.36    0.03825   -89.43  LEFT      4.60176E-02    88.84    1.16473E+00  -166.65
   96.00     0.00     -24.19    0.35    0.36    0.05747   -89.16  LEFT      6.90556E-02    88.84    1.16473E+00  -166.97
   98.00     0.00     -21.69    0.35    0.38    0.07676   -88.91  LEFT      9.21275E-02    88.83    1.16473E+00  -167.29
  100.00     0.00     -19.74    0.35    0.39    0.09613   -88.66  LEFT      1.15243E-01    88.83    1.16473E+00  -167.60
  102.00     0.00     -18.15    0.35    0.41    0.11558   -88.42  LEFT      1.38410E-01    88.82    1.16473E+00  -167.91
  104.00     0.00     -16.80    0.35    0.43    0.13510   -88.18  LEFT      1.61635E-01    88.81    1.16473E+00  -168.22
  106.00     0.00     -15.64    0.35    0.46    0.15471   -87.96  LEFT      1.84922E-01    88.80    1.16473E+00  -168.53
  108.00     0.00     -14.60    0.35    0.49    0.17440   -87.74  LEFT      2.08273E-01    88.79    1.16473E+00  -168.84
  110.00     0.00     -13.68    0.35    0.52    0.19416   -87.52  LEFT      2.31687E-01    88.78    1.16473E+00  -169.14
  112.00     0.00     -12.84    0.35    0.55    0.21400   -87.31  LEFT      2.55160E-01    88.77    1.16473E+00  -169.43
  114.00     0.00     -12.07    0.35    0.59    0.23389   -87.11  LEFT      2.78683E-01    88.76    1.16473E+00  -169.73
  116.00     0.00     -11.37    0.35    0.63    0.25383   -86.90  LEFT      3.02247E-01    88.74    1.16473E+00  -170.02
  118.00     0.00     -10.72    0.35    0.68    0.27380   -86.71  LEFT      3.25836E-01    88.73    1.16473E+00  -170.30
  120.00     0.00     -10.11    0.35    0.72    0.29379   -86.51  LEFT      3.49431E-01    88.71    1.16473E+00  -170.58
  122.00     0.00      -9.54    0.35    0.77    0.31377   -86.31  LEFT      3.73010E-01    88.70    1.16473E+00  -170.85
  124.00     0.00      -9.01    0.35    0.83    0.33372   -86.12  LEFT      3.96545E-01    88.68    1.16473E+00  -171.12
  126.00     0.00      -8.51    0.35    0.88    0.35361   -85.92  LEFT      4.20005E-01    88.67    1.16473E+00  -171.38
  128.00     0.00      -8.04    0.35    0.94    0.37340   -85.73  LEFT      4.43355E-01    88.65    1.16473E+00  -171.63
  130.00     0.00      -7.60    0.35    1.00    0.39307   -85.53  LEFT      4.66554E-01    88.64    1.16473E+00  -171.88
  132.00     0.00      -7.18    0.35    1.06    0.41257   -85.34  LEFT      4.89558E-01    88.62    1.16473E+00  -172.12
  134.00     0.00      -6.78    0.35    1.12    0.43185   -85.14  LEFT      5.12320E-01    88.60    1.16473E+00  -172.36
  136.00     0.00      -6.41    0.35    1.18    0.45089   -84.93  LEFT      5.34787E-01    88.59    1.16473E+00  -172.58
  138.00     0.00      -6.06    0.35    1.24    0.46962   -84.73  LEFT      5.56905E-01    88.57    1.16473E+00  -172.80
  140.00     0.00      -5.73    0.35    1.31    0.48799   -84.52  LEFT      5.78614E-01    88.55    1.16473E+00  -173.01
  142.00     0.00      -5.41    0.35    1.37    0.50595   -84.31  LEFT      5.99853E-01    88.54    1.16473E+00  -173.21
  144.00     0.00      -5.12    0.35    1.43    0.52345   -84.10  LEFT      6.20558E-01    88.52    1.16473E+00  -173.40
  146.00     0.00      -4.84    0.35    1.50    0.54043   -83.88  LEFT      6.40663E-01    88.51    1.16473E+00  -173.58
  148.00     0.00      -4.58    0.35    1.56    0.55683   -83.66  LEFT      6.60101E-01    88.49    1.16473E+00  -173.76
  150.00     0.00      -4.34    0.35    1.62    0.57260   -83.43  LEFT      6.78803E-01    88.48    1.16473E+00  -173.92
  152.00     0.00      -4.11    0.35    1.68    0.58767   -83.20  LEFT      6.96700E-01    88.47    1.16473E+00  -174.07
  154.00     0.00      -3.90    0.35    1.73    0.60198   -82.98  LEFT      7.13725E-01    88.46    1.16473E+00  -174.22
  156.00     0.00      -3.71    0.35    1.79    0.61549   -82.75  LEFT      7.29809E-01    88.44    1.16473E+00  -174.35
  158.00     0.00      -3.53    0.35    1.84    0.62814   -82.52  LEFT      7.44887E-01    88.43    1.16473E+00  -174.48
  160.00     0.00      -3.37    0.35    1.89    0.63987   -82.30  LEFT      7.58895E-01    88.42    1.16473E+00  -174.59
  162.00     0.00      -3.23    0.35    1.93    0.65065   -82.09  LEFT      7.71772E-01    88.41    1.16473E+00  -174.70
  164.00     0.00      -3.09    0.35    1.97    0.66041   -81.88  LEFT      7.83460E-01    88.41    1.16473E+00  -174.79
  166.00     0.00      -2.98    0.35    2.01    0.66912   -81.69  LEFT      7.93908E-01    88.40    1.16473E+00  -174.87
  168.00     0.00      -2.88    0.35    2.04    0.67675   -81.52  LEFT      8.03066E-01    88.39    1.16473E+00  -174.94
  170.00     0.00      -2.80    0.35    2.07    0.68326   -81.36  LEFT      8.10891E-01    88.39    1.16473E+00  -175.00
  172.00     0.00      -2.73    0.35    2.09    0.68862   -81.23  LEFT      8.17345E-01    88.38    1.16473E+00  -175.05
  174.00     0.00      -2.67    0.35    2.11    0.69282   -81.12  LEFT      8.22399E-01    88.38    1.16473E+00  -175.09
  176.00     0.00      -2.64    0.35    2.12    0.69583   -81.04  LEFT      8.26026E-01    88.38    1.16473E+00  -175.12
  178.00     0.00      -2.61    0.35    2.13    0.69764   -81.00  LEFT      8.28210E-01    88.38    1.16473E+00  -175.14
  180.00     0.00      -2.60    0.35    2.13    0.69824   -80.98  LEFT      8.28939E-01    88.37    1.16473E+00  -175.14




                                 - - - - - - FREQUENCY - - - - - -

                                    FREQUENCY= 1.5300E+03 MHZ
                                    WAVELENGTH= 1.9595E-01 METERS




                    APPROXIMATE INTEGRATION EMPLOYED FOR SEGMENTS MORE THAN   1.000 WAVELENGTHS APART

                    THE EXTENDED THIN WIRE KERNEL WILL BE USED



                               - - - STRUCTURE IMPEDANCE LOADING - - -

                                   THIS STRUCTURE IS NOT LOADED



                                  - - - ANTENNA ENVIRONMENT - - -

                                            FREE SPACE



                                - - - MATRIX TIMING - - -

                        FILL=    0.000 SEC.,  FACTOR=    0.000 SEC.



                                            - - - NETWORK DATA - - -

      - FROM -    - TO -           TRANSMISSION LINE               -  -  SHUNT ADMITTANCES (MHOS)  -  -              LINE
      TAG  SEG.   TAG  SEG.      IMPEDANCE      LENGTH            - END ONE -                 - END TWO -            TYPE
      NO.   NO.   NO.   NO.         OHMS        METERS         REAL          IMAG.         REAL          IMAG.
        1    11     2    32     5.0000E+01    4.2500E-02    0.0000E+00    0.0000E+00    0.0000E+00    0.0000E+00   STRAIGHT



                           - - - STRUCTURE EXCITATION DATA AT NETWORK CONNECTION POINTS - - -

   TAG   SEG.    VOLTAGE (VOLTS)         CURRENT (AMPS)         IMPEDANCE (OHMS)        ADMITTANCE (MHOS)      POWER
   NO.   NO.    REAL        IMAG.       REAL        IMAG.       REAL        IMAG.       REAL        IMAG.     (WATTS)
     1    11 4.63734E-01-1.32532E+00 5.59445E-03-1.84831E-02 7.26434E+01 3.10194E+00 1.37408E-02-5.86746E-04 1.35452E-02
     2    32 1.00000E+00 0.00000E+00 1.37408E-02-5.86746E-04 7.26434E+01 3.10194E+00 1.37408E-02-5.86746E-04 6.87041E-03



                                          - - - ANTENNA INPUT PARAMETERS - - -

   TAG   SEG.    VOLTAGE (VOLTS)         CURRENT (AMPS)         IMPEDANCE (OHMS)        ADMITTANCE (MHOS)      POWER
   NO.   NO.    REAL        IMAG.       REAL        IMAG.       REAL        IMAG.       REAL        IMAG.     (WATTS)
     2    32 1.00000E+00 0.00000E+00 4.08312E-02 4.67105E-03 2.41747E+01-2.76556E+00 4.08312E-02 4.67105E-03 2.04156E-02



                             - - - CURRENTS AND LOCATION - - -

                                 DISTANCES IN WAVELENGTHS


  SEG.  TAG    COORD. OF SEG. CENTER     SEG.            - - - CURRENT (AMPS) - - -
  NO.   NO.     X        Y        Z      LENGTH     REAL        IMAG.       MAG.        PHASE
     1    1   0.0000  -0.2260   0.0255  0.02260   3.6176E-04 -2.1615E-03  2.1916E-03  -80.499
     2    1   0.0000  -0.2034   0.0255  0.02260   9.3227E-04 -5.3129E-03  5.3941E-03  -80.048
     3    1   0.0000  -0.1808   0.0255  0.02260   1.4779E-03 -8.0251E-03  8.1600E-03  -79.565
     4    1   0.0000  -0.1582   0.0255  0.02260   2.0234E-03 -1.0462E-02  1.0656E-02  -79.054
     5    1   0.0000  -0.1356   0.0255  0.02260   2.5670E-03 -1.2620E-02  1.2878E-02  -78.503
     6    1   0.0000  -0.1130   0.0255  0.02260   3.1039E-03 -1.4478E-02  1.4807E-02  -77.900
     7    1   0.0000  -0.0904   0.0255  0.02260   3.6294E-03 -1.6012E-02  1.6419E-02  -77.229
     8    1   0.0000  -0.0678   0.0255  0.02260   4.1402E-03 -1.7199E-02  1.7690E-02  -76.465
     9    1   0.0000  -0.0452   0.0255  0.02260   4.6371E-03 -1.8016E-02  1.8603E-02  -75.566
    10    1   0.0000  -0.0226   0.0255  0.02260   5.1451E-03 -1.8439E-02  1.9143E-02  -74.409
    11    1   0.0000   0.0000   0.0255  0.02260   5.5945E-03 -1.8483E-02  1.9311E-02  -73.160
    12    1   0.0000   0.0226   0.0255  0.02260   5.1451E-03 -1.8439E-02  1.9143E-02  -74.409
    13    1   0.0000   0.0452   0.0255  0.02260   4.6371E-03 -1.8016E-02  1.8603E-02  -75.566
    14    1   0.0000   0.0678   0.0255  0.02260   4.1402E-03 -1.7199E-02  1.7690E-02  -76.465
    15    1   0.0000   0.0904   0.0255  0.02260   3.6294E-03 -1.6012E-02  1.6419E-02  -77.229
    16    1   0.0000   0.1130   0.0255  0.02260   3.1039E-03 -1.4478E-02  1.4807E-02  -77.900
    17    1   0.0000   0.1356   0.0255  0.02260   2.5670E-03 -1.2620E-02  1.2878E-02  -78.503
    18    1   0.0000   0.1582   0.0255  0.02260   2.0234E-03 -1.0462E-02  1.0656E-02  -79.054
    19    1   0.0000   0.1808   0.0255  0.02260   1.4779E-03 -8.0251E-03  8.1600E-03  -79.565
    20    1   0.0000   0.2034   0.0255  0.02260   9.3227E-04 -5.3129E-03  5.3941E-03  -80.048
    21    1   0.0000   0.2260   0.0255  0.02260   3.6176E-04 -2.1615E-03  2.1916E-03  -80.499
    22    2  -0.2260   0.0000   0.0000  0.02260   1.5381E-03 -2.6524E-04  1.5608E-03   -9.784
    23    2  -0.2034   0.0000   0.0000  0.02260   3.7908E-03 -6.2298E-04  3.8417E-03   -9.333
    24    2  -0.1808   0.0000   0.0000  0.02260   5.7423E-03 -8.9413E-04  5.8115E-03   -8.850
    25    2  -0.1582   0.0000   0.0000  0.02260   7.5089E-03 -1.1006E-03  7.5891E-03   -8.339
    26    2  -0.1356   0.0000   0.0000  0.02260   9.0874E-03 -1.2428E-03  9.1720E-03   -7.788
    27    2  -0.1130   0.0000   0.0000  0.02260   1.0463E-02 -1.3190E-03  1.0546E-02   -7.185
    28    2  -0.0904   0.0000   0.0000  0.02260   1.1618E-02 -1.3265E-03  1.1693E-02   -6.514
    29    2  -0.0678   0.0000   0.0000  0.02260   1.2535E-02 -1.2622E-03  1.2599E-02   -5.750
    30    2  -0.0452   0.0000   0.0000  0.02260   1.3201E-02 -1.1203E-03  1.3249E-02   -4.851
    31    2  -0.0226   0.0000   0.0000  0.02260   1.3605E-02 -8.7842E-04  1.3634E-02   -3.694
    32    2   0.0000   0.0000   0.0000  0.02260   1.3741E-02 -5.8675E-04  1.3753E-02   -2.445
    33    2   0.0226   0.0000   0.0000  0.02260   1.3605E-02 -8.7842E-04  1.3634E-02   -3.694
    34    2   0.0452   0.0000   0.0000  0.02260   1.3201E-02 -1.1203E-03  1.3249E-02   -4.851
    35    2   0.0678   0.0000   0.0000  0.02260   1.2535E-02 -1.2622E-03  1.2599E-02   -5.750
    36    2   0.0904   0.0000   0.0000  0.02260   1.1618E-02 -1.3265E-03  1.1693E-02   -6.514
    37    2   0.1130   0.0000   0.0000  0.02260   1.0463E-02 -1.3190E-03  1.0546E-02   -7.185
    38    2   0.1356   0.0000   0.0000  0.02260   9.0874E-03 -1.2428E-03  9.1720E-03   -7.788
    39    2   0.1582   0.0000   0.0000  0.02260   7.5089E-03 -1.1006E-03  7.5891E-03   -8.339
    40    2   0.1808   0.0000   0.0000  0.02260   5.7423E-03 -8.9413E-04  5.8115E-03   -8.850
    41    2   0.2034   0.0000   0.0000  0.02260   3.7908E-03 -6.2298E-04  3.8417E-03   -9.333
    42    2   0.2260   0.0000   0.0000  0.02260   1.5381E-03 -2.6524E-04  1.5608E-03   -9.784



                                        - - - POWER BUDGET - - -

                                           INPUT POWER   = 2.0416E-02 WATTS
                                           RADIATED POWER= 2.0416E-02 WATTS
                                           STRUCTURE LOSS= 0.0000E+00 WATTS
                                           NETWORK LOSS  = 5.2042E-17 WATTS
                                           EFFICIENCY    = 100.00 PERCENT



                                                - - - RADIATION PATTERNS - - -

  - - ANGLES - -           - POWER GAINS -       - - - POLARIZATION - - -    - - - E(THETA) - - -    - - - E(PHI) - - -
  THETA     PHI        VERT.   HOR.    TOTAL      AXIAL     TILT   SENSE     MAGNITUDE    PHASE      MAGNITUDE    PHASE 
 DEGREES  DEGREES       DB      DB      DB        RATIO     DEG.              VOLTS/M    DEGREES      VOLTS/M    DEGREES
 -180.00     0.00      -2.60    0.35    2.13    0.68084   -76.56  LEFT      8.20632E-01    83.86    1.15226E+00  -176.04
 -178.00     0.00      -2.60    0.35    2.13    0.68028   -76.59  LEFT      8.19907E-01    83.86    1.15226E+00  -176.03
 -176.00     0.00      -2.63    0.35    2.12    0.67858   -76.66  LEFT      8.17735E-01    83.87    1.15226E+00  -176.01
 -174.00     0.00      -2.66    0.35    2.11    0.67576   -76.79  LEFT      8.14127E-01    83.87    1.15226E+00  -175.99
 -172.00     0.00      -2.72    0.35    2.09    0.67182   -76.96  LEFT      8.09102E-01    83.87    1.15226E+00  -175.95
 -170.00     0.00      -2.79    0.35    2.07    0.66677   -77.17  LEFT      8.02683E-01    83.88    1.15226E+00  -175.90
 -168.00     0.00      -2.87    0.35    2.04    0.66063   -77.42  LEFT      7.94902E-01    83.88    1.15226E+00  -175.84
 -166.00     0.00      -2.97    0.35    2.01    0.65342   -77.70  LEFT      7.85796E-01    83.89    1.15226E+00  -175.76
 -164.00     0.00      -3.09    0.35    1.98    0.64516   -78.01  LEFT      7.75409E-01    83.90    1.15226E+00  -175.68
 -162.00     0.00      -3.22    0.35    1.93    0.63588   -78.34  LEFT      7.63790E-01    83.90    1.15226E+00  -175.59
 -160.00     0.00      -3.37    0.35    1.89    0.62562   -78.68  LEFT      7.50991E-01    83.91    1.15226E+00  -175.48
 -158.00     0.00      -3.53    0.35    1.84    0.61440   -79.04  LEFT      7.37070E-01    83.92    1.15226E+00  -175.37
 -156.00     0.00      -3.71    0.35    1.79    0.60228   -79.41  LEFT      7.22087E-01    83.94    1.15226E+00  -175.24
 -154.00     0.00      -3.90    0.35    1.74    0.58930   -79.78  LEFT      7.06108E-01    83.95    1.15226E+00  -175.11
 -152.00     0.00      -4.11    0.35    1.68    0.57550   -80.15  LEFT      6.89198E-01    83.96    1.15226E+00  -174.96
 -150.00     0.00      -4.34    0.35    1.62    0.56095   -80.53  LEFT      6.71423E-01    83.97    1.15226E+00  -174.81
 -148.00     0.00      -4.58    0.35    1.56    0.54569   -80.89  LEFT      6.52854E-01    83.99    1.15226E+00  -174.64
 -146.00     0.00      -4.84    0.35    1.50    0.52979   -81.26  LEFT      6.33559E-01    84.00    1.15226E+00  -174.47
 -144.00     0.00      -5.12    0.35    1.44    0.51329   -81.61  LEFT      6.13605E-01    84.02    1.15226E+00  -174.28
 -142.00     0.00      -5.42    0.35    1.37    0.49625   -81.96  LEFT      5.93061E-01    84.03    1.15226E+00  -174.09
 -140.00     0.00      -5.73    0.35    1.31    0.47874   -82.30  LEFT      5.71993E-01    84.05    1.15226E+00  -173.89
 -138.00     0.00      -6.06    0.35    1.25    0.46080   -82.64  LEFT      5.50464E-01    84.07    1.15226E+00  -173.68
 -136.00     0.00      -6.42    0.35    1.18    0.44249   -82.96  LEFT      5.28536E-01    84.08    1.15226E+00  -173.46
 -134.00     0.00      -6.79    0.35    1.12    0.42386   -83.28  LEFT      5.06267E-01    84.10    1.15226E+00  -173.23
 -132.00     0.00      -7.19    0.35    1.06    0.40497   -83.60  LEFT      4.83713E-01    84.12    1.15226E+00  -173.00
 -130.00     0.00      -7.61    0.35    1.00    0.38585   -83.90  LEFT      4.60925E-01    84.13    1.15226E+00  -172.76
 -128.00     0.00      -8.05    0.35    0.94    0.36656   -84.21  LEFT      4.37950E-01    84.15    1.15226E+00  -172.51
 -126.00     0.00      -8.52    0.35    0.88    0.34712   -84.50  LEFT      4.14834E-01    84.17    1.15226E+00  -172.25
 -124.00     0.00      -9.02    0.35    0.83    0.32759   -84.80  LEFT      3.91615E-01    84.18    1.15226E+00  -171.99
 -122.00     0.00      -9.55    0.35    0.78    0.30799   -85.09  LEFT      3.68328E-01    84.20    1.15226E+00  -171.72
 -120.00     0.00     -10.12    0.35    0.73    0.28836   -85.37  LEFT      3.45006E-01    84.21    1.15226E+00  -171.44
 -118.00     0.00     -10.73    0.35    0.68    0.26871   -85.66  LEFT      3.21673E-01    84.23    1.15226E+00  -171.16
 -116.00     0.00     -11.38    0.35    0.63    0.24908   -85.94  LEFT      2.98354E-01    84.24    1.15226E+00  -170.88
 -114.00     0.00     -12.09    0.35    0.59    0.22947   -86.23  LEFT      2.75065E-01    84.26    1.15226E+00  -170.59
 -112.00     0.00     -12.86    0.35    0.56    0.20992   -86.52  LEFT      2.51823E-01    84.27    1.15226E+00  -170.29
 -110.00     0.00     -13.70    0.35    0.52    0.19043   -86.81  LEFT      2.28637E-01    84.28    1.15226E+00  -169.99
 -108.00     0.00     -14.62    0.35    0.49    0.17101   -87.10  LEFT      2.05514E-01    84.30    1.15226E+00  -169.69
 -106.00     0.00     -15.65    0.35    0.46    0.15167   -87.39  LEFT      1.82459E-01    84.31    1.15226E+00  -169.38
 -104.00     0.00     -16.82    0.35    0.44    0.13241   -87.69  LEFT      1.59471E-01    84.32    1.15226E+00  -169.07
 -102.00     0.00     -18.17    0.35    0.41    0.11324   -88.00  LEFT      1.36549E-01    84.32    1.15226E+00  -168.76
 -100.00     0.00     -19.76    0.35    0.39    0.09416   -88.31  LEFT      1.13687E-01    84.33    1.15226E+00  -168.45
  -98.00     0.00     -21.71    0.35    0.38    0.07516   -88.63  LEFT      9.08800E-02    84.34    1.15226E+00  -168.13
  -96.00     0.00     -24.21    0.35    0.37    0.05625   -88.96  LEFT      6.81183E-02    84.34    1.15226E+00  -167.81
  -94.00     0.00     -27.74    0.35    0.36    0.03743   -89.30  LEFT      4.53919E-02    84.34    1.15226E+00  -167.49
  -92.00     0.00     -33.76    0.35    0.35    0.01868   -89.64  LEFT      2.26898E-02    84.35    1.15226E+00  -167.17
  -90.00     0.00    -999.99    0.35    0.35    0.00000   -90.00  LINEAR    3.31699E-12    84.35    1.15226E+00  -166.85
  -88.00     0.00     -33.76    0.35    0.35    0.01860    89.63  RIGHT     2.26898E-02   -95.65    1.15226E+00  -166.53
  -86.00     0.00     -27.74    0.35    0.36    0.03714    89.25  RIGHT     4.53919E-02   -95.66    1.15226E+00  -166.21
  -84.00     0.00     -24.21    0.35    0.37    0.05561    88.85  RIGHT     6.81183E-02   -95.66    1.15226E+00  -165.89
  -82.00     0.00     -21.71    0.35    0.38    0.07402    88.44  RIGHT     9.08800E-02   -95.66    1.15226E+00  -165.57
  -80.00     0.00     -19.76    0.35    0.39    0.09236    88.01  RIGHT     1.13687E-01   -95.67    1.15226E+00  -165.26
  -78.00     0.00     -18.17    0.35    0.41    0.11063    87.57  RIGHT     1.36549E-01   -95.68    1.15226E+00  -164.94
  -76.00     0.00     -16.82    0.35    0.44    0.12883    87.11  RIGHT     1.59471E-01   -95.68    1.15226E+00  -164.63
  -74.00     0.00     -15.65    0.35    0.46    0.14696    86.62  RIGHT     1.82459E-01   -95.69    1.15226E+00  -164.32
  -72.00     0.00     -14.62    0.35    0.49    0.16499    86.12  RIGHT     2.05514E-01   -95.70    1.15226E+00  -164.01
  -70.00     0.00     -13.70    0.35    0.52    0.18292    85.60  RIGHT     2.28637E-01   -95.72    1.15226E+00  -163.71
  -68.00     0.00     -12.86    0.35    0.56    0.20073    85.06  RIGHT     2.51823E-01   -95.73    1.15226E+00  -163.41
  -66.00     0.00     -12.09    0.35    0.59    0.21841    84.49  RIGHT     2.75065E-01   -95.74    1.15226E+00  -163.11
  -64.00     0.00     -11.38    0.35    0.63    0.23592    83.90  RIGHT     2.98354E-01   -95.76    1.15226E+00  -162.82
  -62.00     0.00     -10.73    0.35    0.68    0.25325    83.28  RIGHT     3.21673E-01   -95.77    1.15226E+00  -162.54
  -60.00     0.00     -10.12    0.35    0.73    0.27036    82.64  RIGHT     3.45006E-01   -95.79    1.15226E+00  -162.26
  -58.00     0.00      -9.55    0.35    0.78    0.28721    81.98  RIGHT     3.68328E-01   -95.80    1.15226E+00  -161.98
  -56.00     0.00      -9.02    0.35    0.83    0.30378    81.29  RIGHT     3.91615E-01   -95.82    1.15226E+00  -161.71
  -54.00     0.00      -8.52    0.35    0.88    0.32001    80.57  RIGHT     4.14834E-01   -95.83    1.15226E+00  -161.45
  -52.00     0.00      -8.05    0.35    0.94    0.33588    79.83  RIGHT     4.37950E-01   -95.85    1.15226E+00  -161.20
  -50.00     0.00      -7.61    0.35    1.00    0.35133    79.07  RIGHT     4.60925E-01   -95.87    1.15226E+00  -160.95
  -48.00     0.00      -7.19    0.35    1.06    0.36633    78.28  RIGHT     4.83713E-01   -95.88    1.15226E+00  -160.70
  -46.00     0.00      -6.79    0.35    1.12    0.38083    77.47  RIGHT     5.06267E-01   -95.90    1.15226E+00  -160.47
  -44.00     0.00      -6.42    0.35    1.18    0.39478    76.64  RIGHT     5.28536E-01   -95.92    1.15226E+00  -160.24
  -42.00     0.00      -6.06    0.35    1.25    0.40814    75.79  RIGHT     5.50464E-01   -95.93    1.15226E+00  -160.02
  -40.00     0.00      -5.73    0.35    1.31    0.42088    74.94  RIGHT     5.71993E-01   -95.95    1.15226E+00  -159.81
  -38.00     0.00      -5.42    0.35    1.37    0.43296    74.07  RIGHT     5.93061E-01   -95.97    1.15226E+00  -159.61
  -36.00     0.00      -5.12    0.35    1.44    0.44435    73.19  RIGHT     6.13605E-01   -95.98    1.15226E+00  -159.42
  -34.00     0.00      -4.84    0.35    1.50    0.45503    72.32  RIGHT     6.33559E-01   -96.00    1.15226E+00  -159.24
  -32.00     0.00      -4.58    0.35    1.56    0.46498    71.45  RIGHT     6.52854E-01   -96.01    1.15226E+00  -159.06
  -30.00     0.00      -4.34    0.35    1.62    0.47419    70.59  RIGHT     6.71423E-01   -96.03    1.15226E+00  -158.90
  -28.00     0.00      -4.11    0.35    1.68    0.48266    69.75  RIGHT     6.89198E-01   -96.04    1.15226E+00  -158.74
  -26.00     0.00      -3.90    0.35    1.74    0.49038    68.93  RIGHT     7.06108E-01   -96.05    1.15226E+00  -158.59
  -24.00     0.00      -3.71    0.35    1.79    0.49739    68.14  RIGHT     7.22087E-01   -96.06    1.15226E+00  -158.46
  -22.00     0.00      -3.53    0.35    1.84    0.50368    67.39  RIGHT     7.37070E-01   -96.08    1.15226E+00  -158.33
  -20.00     0.00      -3.37    0.35    1.89    0.50928    66.68  RIGHT     7.50991E-01   -96.09    1.15226E+00  -158.22
  -18.00     0.00      -3.22    0.35    1.93    0.51423    66.01  RIGHT     7.63790E-01   -96.10    1.15226E+00  -158.11
  -16.00     0.00      -3.09    0.35    1.98    0.51854    65.41  RIGHT     7.75409E-01   -96.10    1.15226E+00  -158.02
  -14.00     0.00      -2.97    0.35    2.01    0.52225    64.86  RIGHT     7.85796E-01   -96.11    1.15226E+00  -157.94
  -12.00     0.00      -2.87    0.35    2.04    0.52539    64.37  RIGHT     7.94902E-01   -96.12    1.15226E+00  -157.87
  -10.00     0.00      -2.79    0.35    2.07    0.52798    63.96  RIGHT     8.02683E-01   -96.12    1.15226E+00  -157.80
   -8.00     0.00      -2.72    0.35    2.09    0.53007    63.61  RIGHT     8.09102E-01   -96.13    1.15226E+00  -157.75
   -6.00     0.00      -2.66    0.35    2.11    0.53166    63.34  RIGHT     8.14127E-01   -96.13    1.15226E+00  -157.72
   -4.00     0.00      -2.63    0.35    2.12    0.53279    63.14  RIGHT     8.17735E-01   -96.13    1.15226E+00  -157.69
   -2.00     0.00      -2.60    0.35    2.13    0.53345    63.02  RIGHT     8.19907E-01   -96.14    1.15226E+00  -157.67
    0.00     0.00      -2.60    0.35    2.13    0.53368    62.98  RIGHT     8.20632E-01   -96.14    1.15226E+00  -157.67
    2.00     0.00      -2.60    0.35    2.13    0.53345    63.02  RIGHT     8.19907E-01   -96.14    1.15226E+00  -157.67
    4.00     0.00      -2.63    0.35    2.12    0.53279    63.14  RIGHT     8.17735E-01   -96.13    1.15226E+00  -157.69
    6.00     0.00      -2.66    0.35    2.11    0.53166    63.34  RIGHT     8.14127E-01   -96.13    1.15226E+00  -157.72
    8.00     0.00      -2.72    0.35    2.09    0.53007    63.61  RIGHT     8.09102E-01   -96.13    1.15226E+00  -157.75
   10.00     0.00      -2.79    0.35    2.07    0.52798    63.96  RIGHT     8.02683E-01   -96.12    1.15226E+00  -157.80
   12.00     0.00      -2.87    0.35    2.04    0.52539    64.37  RIGHT     7.94902E-01   -96.12    1.15226E+00  -157.87
   14.00     0.00      -2.97    0.35    2.01    0.52225    64.86  RIGHT     7.85796E-01   -96.11    1.15226E+00  -157.94
   16.00     0.00      -3.09    0.35    1.98    0.51854    65.41  RIGHT     7.75409E-01   -96.10    1.15226E+00  -158.02
   18.00     0.00      -3.22    0.35    1.93    0.51423    66.01  RIGHT     7.63790E-01   -96.10    1.15226E+00  -158.11
   20.00     0.00      -3.37    0.35    1.89    0.50928    66.68  RIGHT     7.50991E-01   -96.09    1.15226E+00  -158.22
   22.00     0.00      -3.53    0.35    1.84    0.50368    67.39  RIGHT     7.37070E-01   -96.08    1.15226E+00  -158.33
   24.00     0.00      -3.71    0.35    1.79    0.49739    68.14  RIGHT     7.22087E-01   -96.06    1.15226E+00  -158.46
   26.00     0.00      -3.90    0.35    1.74    0.49038    68.93  RIGHT     7.06108E-01   -96.05    1.15226E+00  -158.59
   28.00     0.00      -4.11    0.35    1.68    0.48266    69.75  RIGHT     6.89198E-01   -96.04    1.15226E+00  -158.74
   30.00     0.00      -4.34    0.35    1.62    0.47419    70.59  RIGHT     6.71423E-01   -96.03    1.15226E+00  -158.90
   32.00     0.00      -4.58    0.35    1.56    0.46498    71.45  RIGHT     6.52854E-01   -96.01    1.15226E+00  -159.06
   34.00     0.00      -4.84    0.35    1.50    0.45503    72.32  RIGHT     6.33559E-01   -96.00    1.15226E+00  -159.24
   36.00     0.00      -5.12    0.35    1.44    0.44435    73.19  RIGHT     6.13605E-01   -95.98    1.15226E+00  -159.42
   38.00     0.00      -5.42    0.35    1.37    0.43296    74.07  RIGHT     5.93061E-01   -95.97    1.15226E+00  -159.61
   40.00     0.00      -5.73    0.35    1.31    0.42088    74.94  RIGHT     5.71993E-01   -95.95    1.15226E+00  -159.81
   42.00     0.00      -6.06    0.35    1.25    0.40814    75.79  RIGHT     5.50464E-01   -95.93    1.15226E+00  -160.02
   44.00     0.00      -6.42    0.35    1.18    0.39478    76.64  RIGHT     5.28536E-01   -95.92    1.15226E+00  -160.24
   46.00     0.00      -6.79    0.35    1.12    0.38083    77.47  RIGHT     5.06267E-01   -95.90    1.15226E+00  -160.47
   48.00     0.00      -7.19    0.35    1.06    0.36633    78.28  RIGHT     4.83713E-01   -95.88    1.15226E+00  -160.70
   50.00     0.00      -7.61    0.35    1.00    0.35133    79.07  RIGHT     4.60925E-01   -95.87    1.15226E+00  -160.95
   52.00     0.00      -8.05    0.35    0.94    0.33588    79.83  RIGHT     4.37950E-01   -95.85    1.15226E+00  -161.20
   54.00     0.00      -8.52    0.35    0.88    0.32001    80.57  RIGHT     4.14834E-01   -95.83    1.15226E+00  -161.45
   56.00     0.00      -9.02    0.35    0.83    0.30378    81.29  RIGHT     3.91615E-01   -95.82    1.15226E+00  -161.71
   58.00     0.00      -9.55    0.35    0.78    0.28721    81.98  RIGHT     3.68328E-01   -95.80    1.15226E+00  -161.98
   60.00     0.00     -10.12    0.35    0.73    0.27036    82.64  RIGHT     3.45006E-01   -95.79    1.15226E+00  -162.26
   62.00     0.00     -10.73    0.35    0.68    0.25325    83.28  RIGHT     3.21673E-01   -95.77    1.15226E+00  -162.54
   64.00     0.00     -11.38    0.35    0.63    0.23592    83.90  RIGHT     2.98354E-01   -95.76    1.15226E+00  -162.82
   66.00     0.00     -12.09    0.35    0.59    0.21841    84.49  RIGHT     2.75065E-01   -95.74    1.15226E+00  -163.11
   68.00     0.00     -12.86    0.35    0.56    0.20073    85.06  RIGHT     2.51823E-01   -95.73    1.15226E+00  -163.41
   70.00     0.00     -13.70    0.35    0.52    0.18292    85.60  RIGHT     2.28637E-01   -95.72    1.15226E+00  -163.71
   72.00     0.00     -14.62    0.35    0.49    0.16499    86.12  RIGHT     2.05514E-01   -95.70    1.15226E+00  -164.01
   74.00     0.00     -15.65    0.35    0.46    0.14696    86.62  RIGHT     1.82459E-01   -95.69    1.15226E+00  -164.32
   76.00     0.00     -16.82    0.35    0.44    0.12883    87.11  RIGHT     1.59471E-01   -95.68    1.15226E+00  -164.63
   78.00     0.00     -18.17    0.35    0.41    0.11063    87.57  RIGHT     1.36549E-01   -95.68    1.15226E+00  -164.94
   80.00     0.00     -19.76    0.35    0.39    0.09236    88.01  RIGHT     1.13687E-01   -95.67    1.15226E+00  -165.26
   82.00     0.00     -21.71    0.35    0.38    0.07402    88.44  RIGHT     9.08800E-02   -95.66    1.15226E+00  -165.57
   84.00     0.00     -24.21    0.35    0.37    0.05561    88.85  RIGHT     6.81183E-02   -95.66    1.15226E+00  -165.89
   86.00     0.00     -27.74    0.35    0.36    0.03714    89.25  RIGHT     4.53919E-02   -95.66    1.15226E+00  -166.21
   88.00     0.00     -33.76    0.35    0.35    0.01860    89.63  RIGHT     2.26898E-02   -95.65    1.15226E+00  -166.53
   90.00     0.00    -999.99    0.35    0.35    0.00000   -90.00  LINEAR    3.31699E-12    84.35    1.15226E+00  -166.85
   92.00     0.00     -33.76    0.35    0.35    0.01868   -89.64  LEFT      2.26898E-02    84.35    1.15226E+00  -167.17
   94.00     0.00     -27.74    0.35    0.36    0.03743   -89.30  LEFT      4.53919E-02    84.34    1.15226E+00  -167.49
   96.00     0.00     -24.21    0.35    0.37    0.05625   -88.96  LEFT      6.81183E-02    84.34    1.15226E+00  -167.81
   98.00     0.00     -21.71    0.35    0.38    0.07516   -88.63  LEFT      9.08800E-02    84.34    1.15226E+00  -168.13
  100.00     0.00     -19.76    0.35    0.39    0.09416   -88.31  LEFT      1.13687E-01    84.33    1.15226E+00  -168.45
  102.00     0.00     -18.17    0.35    0.41    0.11324   -88.00  LEFT      1.36549E-01    84.32    1.15226E+00  -168.76
  104.00     0.00     -16.82    0.35    0.44    0.13241   -87.69  LEFT      1.59471E-01    84.32    1.15226E+00  -169.07
  106.00     0.00     -15.65    0.35    0.46    0.15167   -87.39  LEFT      1.82459E-01    84.31    1.15226E+00  -169.38
  108.00     0.00     -14.62    0.35    0.49    0.17101   -87.10  LEFT      2.05514E-01    84.30    1.15226E+00  -169.69
  110.00     0.00     -13.70    0.35    0.52    0.19043   -86.81  LEFT      2.28637E-01    84.28    1.15226E+00  -169.99
  112.00     0.00     -12.86    0.35    0.56    0.20992   -86.52  LEFT      2.51823E-01    84.27    1.15226E+00  -170.29
  114.00     0.00     -12.09    0.35    0.59    0.22947   -86.23  LEFT      2.75065E-01    84.26    1.15226E+00  -170.59
  116.00     0.00     -11.38    0.35    0.63    0.24908   -85.94  LEFT      2.98354E-01    84.24    1.15226E+00  -170.88
  118.00     0.00     -10.73    0.35    0.68    0.26871   -85.66  LEFT      3.21673E-01    84.23    1.15226E+00  -171.16
  120.00     0.00     -10.12    0.35    0.73    0.28836   -85.37  LEFT      3.45006E-01    84.21    1.15226E+00  -171.44
  122.00     0.00      -9.55    0.35    0.78    0.30799   -85.09  LEFT      3.68328E-01    84.20    1.15226E+00  -171.72
  124.00     0.00      -9.02    0.35    0.83    0.32759   -84.80  LEFT      3.91615E-01    84.18    1.15226E+00  -171.99
  126.00     0.00      -8.52    0.35    0.88    0.34712   -84.50  LEFT      4.14834E-01    84.17    1.15226E+00  -172.25
  128.00     0.00      -8.05    0.35    0.94    0.36656   -84.21  LEFT      4.37950E-01    84.15    1.15226E+00  -172.51
  130.00     0.00      -7.61    0.35    1.00    0.38585   -83.90  LEFT      4.60925E-01    84.13    1.15226E+00  -172.76
  132.00     0.00      -7.19    0.35    1.06    0.40497   -83.60  LEFT      4.83713E-01    84.12    1.15226E+00  -173.00
  134.00     0.00      -6.79    0.35    1.12    0.42386   -83.28  LEFT      5.06267E-01    84.10    1.15226E+00  -173.23
  136.00     0.00      -6.42    0.35    1.18    0.44249   -82.96  LEFT      5.28536E-01    84.08    1.15226E+00  -173.46
  138.00     0.00      -6.06    0.35    1.25    0.46080   -82.64  LEFT      5.50464E-01    84.07    1.15226E+00  -173.68
  140.00     0.00      -5.73    0.35    1.31    0.47874   -82.30  LEFT      5.71993E-01    84.05    1.15226E+00  -173.89
  142.00     0.00      -5.42    0.35    1.37    0.49625   -81.96  LEFT      5.93061E-01    84.03    1.15226E+00  -174.09
  144.00     0.00      -5.12    0.35    1.44    0.51329   -81.61  LEFT      6.13605E-01    84.02    1.15226E+00  -174.28
  146.00     0.00      -4.84    0.35    1.50    0.52979   -81.26  LEFT      6.33559E-01    84.00    1.15226E+00  -174.47
  148.00     0.00      -4.58    0.35    1.56    0.54569   -80.89  LEFT      6.52854E-01    83.99    1.15226E+00  -174.64
  150.00     0.00      -4.34    0.35    1.62    0.56095   -80.53  LEFT      6.71423E-01    83.97    1.15226E+00  -174.81
  152.00     0.00      -4.11    0.35    1.68    0.57550   -80.15  LEFT      6.89198E-01    83.96    1.15226E+00  -174.96
  154.00     0.00      -3.90    0.35    1.74    0.58930   -79.78  LEFT      7.06108E-01    83.95    1.15226E+00  -175.11
  156.00     0.00      -3.71    0.35    1.79    0.60228   -79.41  LEFT      7.22087E-01    83.94    1.15226E+00  -175.24
  158.00     0.00      -3.53    0.35    1.84    0.61440   -79.04  LEFT      7.37070E-01    83.92    1.15226E+00  -175.37
  160.00     0.00      -3.37    0.35    1.89    0.62562   -78.68  LEFT      7.50991E-01    83.91    1.15226E+00  -175.48
  162.00     0.00      -3.22    0.35    1.93    0.63588   -78.34  LEFT      7.63790E-01    83.90    1.15226E+00  -175.59
  164.00     0.00      -3.09    0.35    1.98    0.64516   -78.01  LEFT      7.75409E-01    83.90    1.15226E+00  -175.68
  166.00     0.00      -2.97    0.35    2.01    0.65342   -77.70  LEFT      7.85796E-01    83.89    1.15226E+00  -175.76
  168.00     0.00      -2.87    0.35    2.04    0.66063   -77.42  LEFT      7.94902E-01    83.88    1.15226E+00  -175.84
  170.00     0.00      -2.79    0.35    2.07    0.66677   -77.17  LEFT      8.02683E-01    83.88    1.15226E+00  -175.90
  172.00     0.00      -2.72    0.35    2.09    0.67182   -76.96  LEFT      8.09102E-01    83.87    1.15226E+00  -175.95
  174.00     0.00      -2.66    0.35    2.11    0.67576   -76.79  LEFT      8.14127E-01    83.87    1.15226E+00  -175.99
  176.00     0.00      -2.63    0.35    2.12    0.67858   -76.66  LEFT      8.17735E-01    83.87    1.15226E+00  -176.01
  178.00     0.00      -2.60    0.35    2.13    0.68028   -76.59  LEFT      8.19907E-01    83.86    1.15226E+00  -176.03
  180.00     0.00      -2.60    0.35    2.13    0.68084   -76.56  LEFT      8.20632E-01    83.86    1.15226E+00  -176.04




                                 - - - - - - FREQUENCY - - - - - -

                                    FREQUENCY= 1.5400E+03 MHZ
                                    WAVELENGTH= 1.9468E-01 METERS




                    APPROXIMATE INTEGRATION EMPLOYED FOR SEGMENTS MORE THAN   1.000 WAVELENGTHS APART

                    THE EXTENDED THIN WIRE KERNEL WILL BE USED



                               - - - STRUCTURE IMPEDANCE LOADING - - -

                                   THIS STRUCTURE IS NOT LOADED



                                  - - - ANTENNA ENVIRONMENT - - -

                                            FREE SPACE



                                - - - MATRIX TIMING - - -

                        FILL=    0.000 SEC.,  FACTOR=    0.000 SEC.



                                            - - - NETWORK DATA - - -

      - FROM -    - TO -           TRANSMISSION LINE               -  -  SHUNT ADMITTANCES (MHOS)  -  -              LINE
      TAG  SEG.   TAG  SEG.      IMPEDANCE      LENGTH            - END ONE -                 - END TWO -            TYPE
      NO.   NO.   NO.   NO.         OHMS        METERS         REAL          IMAG.         REAL          IMAG.
        1    11     2    32     5.0000E+01    4.2500E-02    0.0000E+00    0.0000E+00    0.0000E+00    0.0000E+00   STRAIGHT



                           - - - STRUCTURE EXCITATION DATA AT NETWORK CONNECTION POINTS - - -

   TAG   SEG.    VOLTAGE (VOLTS)         CURRENT (AMPS)         IMPEDANCE (OHMS)        ADMITTANCE (MHOS)      POWER
   NO.   NO.    REAL        IMAG.       REAL        IMAG.       REAL        IMAG.       REAL        IMAG.     (WATTS)
     1    11 5.47785E-01-1.30372E+00 5.26114E-03-1.81925E-02 7.41676E+01 8.66174E+00 1.33016E-02-1.55343E-03 1.33000E-02
     2    32 1.00000E+00 0.00000E+00 1.33016E-02-1.55343E-03 7.41676E+01 8.66174E+00 1.33016E-02-1.55343E-03 6.65078E-03



                                          - - - ANTENNA INPUT PARAMETERS - - -

   TAG   SEG.    VOLTAGE (VOLTS)         CURRENT (AMPS)         IMPEDANCE (OHMS)        ADMITTANCE (MHOS)      POWER
   NO.   NO.    REAL        IMAG.       REAL        IMAG.       REAL        IMAG.       REAL        IMAG.     (WATTS)
     2    32 1.00000E+00 0.00000E+00 3.99015E-02 5.58758E-03 2.45797E+01-3.44200E+00 3.99015E-02 5.58758E-03 1.99508E-02



                             - - - CURRENTS AND LOCATION - - -

                                 DISTANCES IN WAVELENGTHS


  SEG.  TAG    COORD. OF SEG. CENTER     SEG.            - - - CURRENT (AMPS) - - -
  NO.   NO.     X        Y        Z      LENGTH     REAL        IMAG.       MAG.        PHASE
     1    1   0.0000  -0.2275   0.0257  0.02275   3.2563E-04 -2.1409E-03  2.1656E-03  -81.352
     2    1   0.0000  -0.2047   0.0257  0.02275   8.4341E-04 -5.2623E-03  5.3295E-03  -80.894
     3    1   0.0000  -0.1820   0.0257  0.02275   1.3435E-03 -7.9477E-03  8.0605E-03  -80.406
     4    1   0.0000  -0.1592   0.0257  0.02275   1.8477E-03 -1.0359E-02  1.0523E-02  -79.887
     5    1   0.0000  -0.1365   0.0257  0.02275   2.3542E-03 -1.2492E-02  1.2712E-02  -79.327
     6    1   0.0000  -0.1137   0.0257  0.02275   2.8586E-03 -1.4325E-02  1.4607E-02  -78.715
     7    1   0.0000  -0.0910   0.0257  0.02275   3.3563E-03 -1.5833E-02  1.6185E-02  -78.032
     8    1   0.0000  -0.0682   0.0257  0.02275   3.8442E-03 -1.6994E-02  1.7423E-02  -77.253
     9    1   0.0000  -0.0455   0.0257  0.02275   4.3234E-03 -1.7783E-02  1.8301E-02  -76.336
    10    1   0.0000  -0.0227   0.0257  0.02275   4.8188E-03 -1.8177E-02  1.8805E-02  -75.152
    11    1   0.0000   0.0000   0.0257  0.02275   5.2611E-03 -1.8192E-02  1.8938E-02  -73.871
    12    1   0.0000   0.0227   0.0257  0.02275   4.8188E-03 -1.8177E-02  1.8805E-02  -75.152
    13    1   0.0000   0.0455   0.0257  0.02275   4.3234E-03 -1.7783E-02  1.8301E-02  -76.336
    14    1   0.0000   0.0682   0.0257  0.02275   3.8442E-03 -1.6994E-02  1.7423E-02  -77.253
    15    1   0.0000   0.0910   0.0257  0.02275   3.3563E-03 -1.5833E-02  1.6185E-02  -78.032
    16    1   0.0000   0.1137   0.0257  0.02275   2.8586E-03 -1.4325E-02  1.4607E-02  -78.715
    17    1   0.0000   0.1365   0.0257  0.02275   2.3542E-03 -1.2492E-02  1.2712E-02  -79.327
    18    1   0.0000   0.1592   0.0257  0.02275   1.8477E-03 -1.0359E-02  1.0523E-02  -79.887
    19    1   0.0000   0.1820   0.0257  0.02275   1.3435E-03 -7.9477E-03  8.0605E-03  -80.406
    20    1   0.0000   0.2047   0.0257  0.02275   8.4341E-04 -5.2623E-03  5.3295E-03  -80.894
    21    1   0.0000   0.2275   0.0257  0.02275   3.2563E-04 -2.1409E-03  2.1656E-03  -81.352
    22    2  -0.2275   0.0000   0.0000  0.02275   1.4850E-03 -3.7416E-04  1.5314E-03  -14.142
    23    2  -0.2047   0.0000   0.0000  0.02275   3.6617E-03 -8.9162E-04  3.7687E-03  -13.685
    24    2  -0.1820   0.0000   0.0000  0.02275   5.5494E-03 -1.3012E-03  5.7000E-03  -13.196
    25    2  -0.1592   0.0000   0.0000  0.02275   7.2596E-03 -1.6330E-03  7.4410E-03  -12.677
    26    2  -0.1365   0.0000   0.0000  0.02275   8.7887E-03 -1.8870E-03  8.9890E-03  -12.118
    27    2  -0.1137   0.0000   0.0000  0.02275   1.0122E-02 -2.0603E-03  1.0329E-02  -11.505
    28    2  -0.0910   0.0000   0.0000  0.02275   1.1242E-02 -2.1490E-03  1.1445E-02  -10.822
    29    2  -0.0682   0.0000   0.0000  0.02275   1.2132E-02 -2.1488E-03  1.2321E-02  -10.044
    30    2  -0.0455   0.0000   0.0000  0.02275   1.2778E-02 -2.0527E-03  1.2942E-02   -9.126
    31    2  -0.0227   0.0000   0.0000  0.02275   1.3170E-02 -1.8375E-03  1.3298E-02   -7.943
    32    2   0.0000   0.0000   0.0000  0.02275   1.3302E-02 -1.5534E-03  1.3392E-02   -6.661
    33    2   0.0227   0.0000   0.0000  0.02275   1.3170E-02 -1.8375E-03  1.3298E-02   -7.943
    34    2   0.0455   0.0000   0.0000  0.02275   1.2778E-02 -2.0527E-03  1.2942E-02   -9.126
    35    2   0.0682   0.0000   0.0000  0.02275   1.2132E-02 -2.1488E-03  1.2321E-02  -10.044
    36    2   0.0910   0.0000   0.0000  0.02275   1.1242E-02 -2.1490E-03  1.1445E-02  -10.822
    37    2   0.1137   0.0000   0.0000  0.02275   1.0122E-02 -2.0603E-03  1.0329E-02  -11.505
    38    2   0.1365   0.0000   0.0000  0.02275   8.7887E-03 -1.8870E-03  8.9890E-03  -12.118
    39    2   0.1592   0.0000   0.0000  0.02275   7.2596E-03 -1.6330E-03  7.4410E-03  -12.677
    40    2   0.1820   0.0000   0.0000  0.02275   5.5494E-03 -1.3012E-03  5.7000E-03  -13.196
    41    2   0.2047   0.0000   0.0000  0.02275   3.6617E-03 -8.9162E-04  3.7687E-03  -13.685
    42    2   0.2275   0.0000   0.0000  0.02275   1.4850E-03 -3.7416E-04  1.5314E-03  -14.142



                                        - - - POWER BUDGET - - -

                                           INPUT POWER   = 1.9951E-02 WATTS
                                           RADIATED POWER= 1.9951E-02 WATTS
                                           STRUCTURE LOSS= 0.0000E+00 WATTS
                                           NETWORK LOSS  = 4.5103E-17 WATTS
                                           EFFICIENCY    = 100.00 PERCENT



                                                - - - RADIATION PATTERNS - - -

  - - ANGLES - -           - POWER GAINS -       - - - POLARIZATION - - -    - - - E(THETA) - - -    - - - E(PHI) - - -
  THETA     PHI        VERT.   HOR.    TOTAL      AXIAL     TILT   SENSE     MAGNITUDE    PHASE      MAGNITUDE    PHASE 
 DEGREES  DEGREES       DB      DB      DB        RATIO     DEG.              VOLTS/M    DEGREES      VOLTS/M    DEGREES
 -180.00     0.00      -2.63    0.38    2.14    0.65482   -73.24  LEFT      8.07919E-01    79.56    1.14250E+00  -176.89
 -178.00     0.00      -2.64    0.38    2.14    0.65430   -73.27  LEFT      8.07202E-01    79.56    1.14250E+00  -176.89
 -176.00     0.00      -2.66    0.38    2.13    0.65274   -73.36  LEFT      8.05054E-01    79.56    1.14250E+00  -176.87
 -174.00     0.00      -2.70    0.38    2.12    0.65014   -73.51  LEFT      8.01486E-01    79.57    1.14250E+00  -176.84
 -172.00     0.00      -2.75    0.38    2.10    0.64651   -73.71  LEFT      7.96515E-01    79.57    1.14250E+00  -176.80
 -170.00     0.00      -2.82    0.38    2.08    0.64185   -73.96  LEFT      7.90167E-01    79.58    1.14250E+00  -176.75
 -168.00     0.00      -2.91    0.38    2.05    0.63618   -74.26  LEFT      7.82472E-01    79.58    1.14250E+00  -176.69
 -166.00     0.00      -3.01    0.38    2.02    0.62949   -74.60  LEFT      7.73468E-01    79.59    1.14250E+00  -176.62
 -164.00     0.00      -3.13    0.38    1.98    0.62181   -74.98  LEFT      7.63198E-01    79.60    1.14250E+00  -176.54
 -162.00     0.00      -3.26    0.38    1.94    0.61316   -75.39  LEFT      7.51711E-01    79.60    1.14250E+00  -176.44
 -160.00     0.00      -3.40    0.38    1.90    0.60357   -75.81  LEFT      7.39060E-01    79.61    1.14250E+00  -176.34
 -158.00     0.00      -3.57    0.38    1.85    0.59305   -76.26  LEFT      7.25301E-01    79.62    1.14250E+00  -176.22
 -156.00     0.00      -3.75    0.38    1.80    0.58165   -76.72  LEFT      7.10496E-01    79.64    1.14250E+00  -176.09
 -154.00     0.00      -3.94    0.38    1.75    0.56940   -77.19  LEFT      6.94708E-01    79.65    1.14250E+00  -175.96
 -152.00     0.00      -4.15    0.38    1.69    0.55635   -77.66  LEFT      6.78003E-01    79.66    1.14250E+00  -175.81
 -150.00     0.00      -4.38    0.38    1.63    0.54254   -78.13  LEFT      6.60449E-01    79.68    1.14250E+00  -175.65
 -148.00     0.00      -4.63    0.38    1.57    0.52802   -78.60  LEFT      6.42113E-01    79.69    1.14250E+00  -175.49
 -146.00     0.00      -4.89    0.38    1.51    0.51285   -79.07  LEFT      6.23064E-01    79.70    1.14250E+00  -175.31
 -144.00     0.00      -5.17    0.38    1.45    0.49707   -79.53  LEFT      6.03371E-01    79.72    1.14250E+00  -175.13
 -142.00     0.00      -5.46    0.38    1.38    0.48075   -79.98  LEFT      5.83099E-01    79.74    1.14250E+00  -174.93
 -140.00     0.00      -5.78    0.38    1.32    0.46393   -80.42  LEFT      5.62315E-01    79.75    1.14250E+00  -174.73
 -138.00     0.00      -6.11    0.38    1.26    0.44668   -80.85  LEFT      5.41083E-01    79.77    1.14250E+00  -174.52
 -136.00     0.00      -6.47    0.38    1.20    0.42904   -81.28  LEFT      5.19462E-01    79.79    1.14250E+00  -174.30
 -134.00     0.00      -6.84    0.38    1.13    0.41107   -81.69  LEFT      4.97512E-01    79.80    1.14250E+00  -174.07
 -132.00     0.00      -7.24    0.38    1.07    0.39281   -82.10  LEFT      4.75287E-01    79.82    1.14250E+00  -173.83
 -130.00     0.00      -7.66    0.38    1.01    0.37432   -82.49  LEFT      4.52837E-01    79.84    1.14250E+00  -173.59
 -128.00     0.00      -8.10    0.38    0.95    0.35564   -82.88  LEFT      4.30211E-01    79.86    1.14250E+00  -173.34
 -126.00     0.00      -8.58    0.38    0.90    0.33681   -83.27  LEFT      4.07452E-01    79.87    1.14250E+00  -173.08
 -124.00     0.00      -9.08    0.38    0.85    0.31787   -83.64  LEFT      3.84599E-01    79.89    1.14250E+00  -172.82
 -122.00     0.00      -9.61    0.38    0.79    0.29886   -84.01  LEFT      3.61686E-01    79.91    1.14250E+00  -172.55
 -120.00     0.00     -10.18    0.38    0.74    0.27980   -84.38  LEFT      3.38744E-01    79.92    1.14250E+00  -172.27
 -118.00     0.00     -10.79    0.38    0.70    0.26072   -84.74  LEFT      3.15799E-01    79.94    1.14250E+00  -171.99
 -116.00     0.00     -11.44    0.38    0.66    0.24165   -85.10  LEFT      2.92873E-01    79.96    1.14250E+00  -171.70
 -114.00     0.00     -12.15    0.38    0.62    0.22261   -85.46  LEFT      2.69985E-01    79.97    1.14250E+00  -171.41
 -112.00     0.00     -12.92    0.38    0.58    0.20361   -85.82  LEFT      2.47148E-01    79.98    1.14250E+00  -171.11
 -110.00     0.00     -13.76    0.38    0.54    0.18467   -86.18  LEFT      2.24372E-01    80.00    1.14250E+00  -170.81
 -108.00     0.00     -14.69    0.38    0.51    0.16581   -86.53  LEFT      2.01663E-01    80.01    1.14250E+00  -170.50
 -106.00     0.00     -15.72    0.38    0.48    0.14702   -86.90  LEFT      1.79026E-01    80.02    1.14250E+00  -170.20
 -104.00     0.00     -16.89    0.38    0.46    0.12833   -87.26  LEFT      1.56460E-01    80.03    1.14250E+00  -169.88
 -102.00     0.00     -18.24    0.38    0.44    0.10972   -87.63  LEFT      1.33963E-01    80.04    1.14250E+00  -169.57
 -100.00     0.00     -19.83    0.38    0.42    0.09121   -88.01  LEFT      1.11528E-01    80.04    1.14250E+00  -169.25
  -98.00     0.00     -21.78    0.38    0.41    0.07278   -88.39  LEFT      8.91504E-02    80.05    1.14250E+00  -168.93
  -96.00     0.00     -24.28    0.38    0.39    0.05445   -88.78  LEFT      6.68196E-02    80.06    1.14250E+00  -168.61
  -94.00     0.00     -27.81    0.38    0.39    0.03622   -89.18  LEFT      4.45255E-02    80.06    1.14250E+00  -168.29
  -92.00     0.00     -33.83    0.38    0.38    0.01806   -89.58  LEFT      2.22564E-02    80.06    1.14250E+00  -167.97
  -90.00     0.00    -999.99    0.38    0.38    0.00000   -90.00  LINEAR    3.25362E-12    80.06    1.14250E+00  -167.65
  -88.00     0.00     -33.83    0.38    0.38    0.01798    89.57  RIGHT     2.22564E-02   -99.94    1.14250E+00  -167.32
  -86.00     0.00     -27.81    0.38    0.39    0.03588    89.13  RIGHT     4.45255E-02   -99.94    1.14250E+00  -167.00
  -84.00     0.00     -24.28    0.38    0.39    0.05370    88.67  RIGHT     6.68196E-02   -99.94    1.14250E+00  -166.68
  -82.00     0.00     -21.78    0.38    0.41    0.07144    88.20  RIGHT     8.91504E-02   -99.95    1.14250E+00  -166.36
  -80.00     0.00     -19.83    0.38    0.42    0.08910    87.72  RIGHT     1.11528E-01   -99.96    1.14250E+00  -166.04
  -78.00     0.00     -18.24    0.38    0.44    0.10667    87.21  RIGHT     1.33963E-01   -99.96    1.14250E+00  -165.73
  -76.00     0.00     -16.89    0.38    0.46    0.12415    86.69  RIGHT     1.56460E-01   -99.97    1.14250E+00  -165.41
  -74.00     0.00     -15.72    0.38    0.48    0.14152    86.15  RIGHT     1.79026E-01   -99.98    1.14250E+00  -165.10
  -72.00     0.00     -14.69    0.38    0.51    0.15879    85.59  RIGHT     2.01663E-01   -99.99    1.14250E+00  -164.79
  -70.00     0.00     -13.76    0.38    0.54    0.17593    85.01  RIGHT     2.24372E-01  -100.00    1.14250E+00  -164.49
  -68.00     0.00     -12.92    0.38    0.58    0.19292    84.41  RIGHT     2.47148E-01  -100.02    1.14250E+00  -164.18
  -66.00     0.00     -12.15    0.38    0.62    0.20976    83.78  RIGHT     2.69985E-01  -100.03    1.14250E+00  -163.89
  -64.00     0.00     -11.44    0.38    0.66    0.22640    83.13  RIGHT     2.92873E-01  -100.04    1.14250E+00  -163.59
  -62.00     0.00     -10.79    0.38    0.70    0.24282    82.46  RIGHT     3.15799E-01  -100.06    1.14250E+00  -163.31
  -60.00     0.00     -10.18    0.38    0.74    0.25900    81.76  RIGHT     3.38744E-01  -100.08    1.14250E+00  -163.02
  -58.00     0.00      -9.61    0.38    0.79    0.27490    81.04  RIGHT     3.61686E-01  -100.09    1.14250E+00  -162.75
  -56.00     0.00      -9.08    0.38    0.85    0.29048    80.30  RIGHT     3.84599E-01  -100.11    1.14250E+00  -162.48
  -54.00     0.00      -8.58    0.38    0.90    0.30571    79.53  RIGHT     4.07452E-01  -100.13    1.14250E+00  -162.21
  -52.00     0.00      -8.10    0.38    0.95    0.32055    78.74  RIGHT     4.30211E-01  -100.14    1.14250E+00  -161.96
  -50.00     0.00      -7.66    0.38    1.01    0.33494    77.93  RIGHT     4.52837E-01  -100.16    1.14250E+00  -161.70
  -48.00     0.00      -7.24    0.38    1.07    0.34887    77.10  RIGHT     4.75287E-01  -100.18    1.14250E+00  -161.46
  -46.00     0.00      -6.84    0.38    1.13    0.36227    76.25  RIGHT     4.97512E-01  -100.20    1.14250E+00  -161.22
  -44.00     0.00      -6.47    0.38    1.20    0.37512    75.39  RIGHT     5.19462E-01  -100.21    1.14250E+00  -161.00
  -42.00     0.00      -6.11    0.38    1.26    0.38738    74.51  RIGHT     5.41083E-01  -100.23    1.14250E+00  -160.78
  -40.00     0.00      -5.78    0.38    1.32    0.39902    73.62  RIGHT     5.62315E-01  -100.25    1.14250E+00  -160.56
  -38.00     0.00      -5.46    0.38    1.38    0.41001    72.73  RIGHT     5.83099E-01  -100.26    1.14250E+00  -160.36
  -36.00     0.00      -5.17    0.38    1.45    0.42032    71.84  RIGHT     6.03371E-01  -100.28    1.14250E+00  -160.17
  -34.00     0.00      -4.89    0.38    1.51    0.42995    70.96  RIGHT     6.23064E-01  -100.30    1.14250E+00  -159.98
  -32.00     0.00      -4.63    0.38    1.57    0.43888    70.09  RIGHT     6.42113E-01  -100.31    1.14250E+00  -159.81
  -30.00     0.00      -4.38    0.38    1.63    0.44711    69.23  RIGHT     6.60449E-01  -100.32    1.14250E+00  -159.64
  -28.00     0.00      -4.15    0.38    1.69    0.45464    68.39  RIGHT     6.78003E-01  -100.34    1.14250E+00  -159.48
  -26.00     0.00      -3.94    0.38    1.75    0.46149    67.58  RIGHT     6.94708E-01  -100.35    1.14250E+00  -159.34
  -24.00     0.00      -3.75    0.38    1.80    0.46766    66.81  RIGHT     7.10496E-01  -100.36    1.14250E+00  -159.20
  -22.00     0.00      -3.57    0.38    1.85    0.47319    66.07  RIGHT     7.25301E-01  -100.38    1.14250E+00  -159.07
  -20.00     0.00      -3.40    0.38    1.90    0.47810    65.38  RIGHT     7.39060E-01  -100.39    1.14250E+00  -158.96
  -18.00     0.00      -3.26    0.38    1.94    0.48241    64.74  RIGHT     7.51711E-01  -100.40    1.14250E+00  -158.85
  -16.00     0.00      -3.13    0.38    1.98    0.48615    64.15  RIGHT     7.63198E-01  -100.40    1.14250E+00  -158.76
  -14.00     0.00      -3.01    0.38    2.02    0.48937    63.63  RIGHT     7.73468E-01  -100.41    1.14250E+00  -158.68
  -12.00     0.00      -2.91    0.38    2.05    0.49208    63.16  RIGHT     7.82472E-01  -100.42    1.14250E+00  -158.60
  -10.00     0.00      -2.82    0.38    2.08    0.49432    62.76  RIGHT     7.90167E-01  -100.42    1.14250E+00  -158.54
   -8.00     0.00      -2.75    0.38    2.10    0.49611    62.43  RIGHT     7.96515E-01  -100.43    1.14250E+00  -158.49
   -6.00     0.00      -2.70    0.38    2.12    0.49748    62.18  RIGHT     8.01486E-01  -100.43    1.14250E+00  -158.45
   -4.00     0.00      -2.66    0.38    2.13    0.49845    61.99  RIGHT     8.05054E-01  -100.44    1.14250E+00  -158.42
   -2.00     0.00      -2.64    0.38    2.14    0.49902    61.88  RIGHT     8.07202E-01  -100.44    1.14250E+00  -158.41
    0.00     0.00      -2.63    0.38    2.14    0.49921    61.84  RIGHT     8.07919E-01  -100.44    1.14250E+00  -158.40
    2.00     0.00      -2.64    0.38    2.14    0.49902    61.88  RIGHT     8.07202E-01  -100.44    1.14250E+00  -158.41
    4.00     0.00      -2.66    0.38    2.13    0.49845    61.99  RIGHT     8.05054E-01  -100.44    1.14250E+00  -158.42
    6.00     0.00      -2.70    0.38    2.12    0.49748    62.18  RIGHT     8.01486E-01  -100.43    1.14250E+00  -158.45
    8.00     0.00      -2.75    0.38    2.10    0.49611    62.43  RIGHT     7.96515E-01  -100.43    1.14250E+00  -158.49
   10.00     0.00      -2.82    0.38    2.08    0.49432    62.76  RIGHT     7.90167E-01  -100.42    1.14250E+00  -158.54
   12.00     0.00      -2.91    0.38    2.05    0.49208    63.16  RIGHT     7.82472E-01  -100.42    1.14250E+00  -158.60
   14.00     0.00      -3.01    0.38    2.02    0.48937    63.63  RIGHT     7.73468E-01  -100.41    1.14250E+00  -158.68
   16.00     0.00      -3.13    0.38    1.98    0.48615    64.15  RIGHT     7.63198E-01  -100.40    1.14250E+00  -158.76
   18.00     0.00      -3.26    0.38    1.94    0.48241    64.74  RIGHT     7.51711E-01  -100.40    1.14250E+00  -158.85
   20.00     0.00      -3.40    0.38    1.90    0.47810    65.38  RIGHT     7.39060E-01  -100.39    1.14250E+00  -158.96
   22.00     0.00      -3.57    0.38    1.85    0.47319    66.07  RIGHT     7.25301E-01  -100.38    1.14250E+00  -159.07
   24.00     0.00      -3.75    0.38    1.80    0.46766    66.81  RIGHT     7.10496E-01  -100.36    1.14250E+00  -159.20
   26.00     0.00      -3.94    0.38    1.75    0.46149    67.58  RIGHT     6.94708E-01  -100.35    1.14250E+00  -159.34
   28.00     0.00      -4.15    0.38    1.69    0.45464    68.39  RIGHT     6.78003E-01  -100.34    1.14250E+00  -159.48
   30.00     0.00      -4.38    0.38    1.63    0.44711    69.23  RIGHT     6.60449E-01  -100.32    1.14250E+00  -159.64
   32.00     0.00      -4.63    0.38    1.57    0.43888    70.09  RIGHT     6.42113E-01  -100.31    1.14250E+00  -159.81
   34.00     0.00      -4.89    0.38    1.51    0.42995    70.96  RIGHT     6.23064E-01  -100.30    1.14250E+00  -159.98
   36.00     0.00      -5.17    0.38    1.45    0.42032    71.84  RIGHT     6.03371E-01  -100.28    1.14250E+00  -160.17
   38.00     0.00      -5.46    0.38    1.38    0.41001    72.73  RIGHT     5.83099E-01  -100.26    1.14250E+00  -160.36
   40.00     0.00      -5.78    0.38    1.32    0.39902    73.62  RIGHT     5.62315E-01  -100.25    1.14250E+00  -160.56
   42.00     0.00      -6.11    0.38    1.26    0.38738    74.51  RIGHT     5.41083E-01  -100.23    1.14250E+00  -160.78
   44.00     0.00      -6.47    0.38    1.20    0.37512    75.39  RIGHT     5.19462E-01  -100.21    1.14250E+00  -161.00
   46.00     0.00      -6.84    0.38    1.13    0.36227    76.25  RIGHT     4.97512E-01  -100.20    1.14250E+00  -161.22
   48.00     0.00      -7.24    0.38    1.07    0.34887    77.10  RIGHT     4.75287E-01  -100.18    1.14250E+00  -161.46
   50.00     0.00      -7.66    0.38    1.01    0.33494    77.93  RIGHT     4.52837E-01  -100.16    1.14250E+00  -161.70
   52.00     0.00      -8.10    0.38    0.95    0.32055    78.74  RIGHT     4.30211E-01  -100.14    1.14250E+00  -161.96
   54.00     0.00      -8.58    0.38    0.90    0.30571    79.53  RIGHT     4.07452E-01  -100.13    1.14250E+00  -162.21
   56.00     0.00      -9.08    0.38    0.85    0.29048    80.30  RIGHT     3.84599E-01  -100.11    1.14250E+00  -162.48
   58.00     0.00      -9.61    0.38    0.79    0.27490    81.04  RIGHT     3.61686E-01  -100.09    1.14250E+00  -162.75
   60.00     0.00     -10.18    0.38    0.74    0.25900    81.76  RIGHT     3.38744E-01  -100.08    1.14250E+00  -163.02
   62.00     0.00     -10.79    0.38    0.70    0.24282    82.46  RIGHT     3.15799E-01  -100.06    1.14250E+00  -163.31
   64.00     0.00     -11.44    0.38    0.66    0.22640    83.13  RIGHT     2.92873E-01  -100.04    1.14250E+00  -163.59
   66.00     0.00     -12.15    0.38    0.62    0.20976    83.78  RIGHT     2.69985E-01  -100.03    1.14250E+00  -163.89
   68.00     0.00     -12.92    0.38    0.58    0.19292    84.41  RIGHT     2.47148E-01  -100.02    1.14250E+00  -164.18
   70.00     0.00     -13.76    0.38    0.54    0.17593    85.01  RIGHT     2.24372E-01  -100.00    1.14250E+00  -164.49
   72.00     0.00     -14.69    0.38    0.51    0.15879    85.59  RIGHT     2.01663E-01   -99.99    1.14250E+00  -164.79
   74.00     0.00     -15.72    0.38    0.48    0.14152    86.15  RIGHT     1.79026E-01   -99.98    1.14250E+00  -165.10
   76.00     0.00     -16.89    0.38    0.46    0.12415    86.69  RIGHT     1.56460E-01   -99.97    1.14250E+00  -165.41
   78.00     0.00     -18.24    0.38    0.44    0.10667    87.21  RIGHT     1.33963E-01   -99.96    1.14250E+00  -165.73
   80.00     0.00     -19.83    0.38    0.42    0.08910    87.72  RIGHT     1.11528E-01   -99.96    1.14250E+00  -166.04
   82.00     0.00     -21.78    0.38    0.41    0.07144    88.20  RIGHT     8.91504E-02   -99.95    1.14250E+00  -166.36
   84.00     0.00     -24.28    0.38    0.39    0.05370    88.67  RIGHT     6.68196E-02   -99.94    1.14250E+00  -166.68
   86.00     0.00     -27.81    0.38    0.39    0.03588    89.13  RIGHT     4.45255E-02   -99.94    1.14250E+00  -167.00
   88.00     0.00     -33.83    0.38    0.38    0.01798    89.57  RIGHT     2.22564E-02   -99.94    1.14250E+00  -167.32
   90.00     0.00    -999.99    0.38    0.38    0.00000   -90.00  LINEAR    3.25362E-12    80.06    1.14250E+00  -167.65
   92.00     0.00     -33.83    0.38    0.38    0.01806   -89.58  LEFT      2.22564E-02    80.06    1.14250E+00  -167.97
   94.00     0.00     -27.81    0.38    0.39    0.03622   -89.18  LEFT      4.45255E-02    80.06    1.14250E+00  -168.29
   96.00     0.00     -24.28    0.38    0.39    0.05445   -88.78  LEFT      6.68196E-02    80.06    1.14250E+00  -168.61
   98.00     0.00     -21.78    0.38    0.41    0.07278   -88.39  LEFT      8.91504E-02    80.05    1.14250E+00  -168.93
  100.00     0.00     -19.83    0.38    0.42    0.09121   -88.01  LEFT      1.11528E-01    80.04    1.14250E+00  -169.25
  102.00     0.00     -18.24    0.38    0.44    0.10972   -87.63  LEFT      1.33963E-01    80.04    1.14250E+00  -169.57
  104.00     0.00     -16.89    0.38    0.46    0.12833   -87.26  LEFT      1.56460E-01    80.03    1.14250E+00  -169.88
  106.00     0.00     -15.72    0.38    0.48    0.14702   -86.90  LEFT      1.79026E-01    80.02    1.14250E+00  -170.20
  108.00     0.00     -14.69    0.38    0.51    0.16581   -86.53  LEFT      2.01663E-01    80.01    1.14250E+00  -170.50
  110.00     0.00     -13.76    0.38    0.54    0.18467   -86.18  LEFT      2.24372E-01    80.00    1.14250E+00  -170.81
  112.00     0.00     -12.92    0.38    0.58    0.20361   -85.82  LEFT      2.47148E-01    79.98    1.14250E+00  -171.11
  114.00     0.00     -12.15    0.38    0.62    0.22261   -85.46  LEFT      2.69985E-01    79.97    1.14250E+00  -171.41
  116.00     0.00     -11.44    0.38    0.66    0.24165   -85.10  LEFT      2.92873E-01    79.96    1.14250E+00  -171.70
  118.00     0.00     -10.79    0.38    0.70    0.26072   -84.74  LEFT      3.15799E-01    79.94    1.14250E+00  -171.99
  120.00     0.00     -10.18    0.38    0.74    0.27980   -84.38  LEFT      3.38744E-01    79.92    1.14250E+00  -172.27
  122.00     0.00      -9.61    0.38    0.79    0.29886   -84.01  LEFT      3.61686E-01    79.91    1.14250E+00  -172.55
  124.00     0.00      -9.08    0.38    0.85    0.31787   -83.64  LEFT      3.84599E-01    79.89    1.14250E+00  -172.82
  126.00     0.00      -8.58    0.38    0.90    0.33681   -83.27  LEFT      4.07452E-01    79.87    1.14250E+00  -173.08
  128.00     0.00      -8.10    0.38    0.95    0.35564   -82.88  LEFT      4.30211E-01    79.86    1.14250E+00  -173.34
  130.00     0.00      -7.66    0.38    1.01    0.37432   -82.49  LEFT      4.52837E-01    79.84    1.14250E+00  -173.59
  132.00     0.00      -7.24    0.38    1.07    0.39281   -82.10  LEFT      4.75287E-01    79.82    1.14250E+00  -173.83
  134.00     0.00      -6.84    0.38    1.13    0.41107   -81.69  LEFT      4.97512E-01    79.80    1.14250E+00  -174.07
  136.00     0.00      -6.47    0.38    1.20    0.42904   -81.28  LEFT      5.19462E-01    79.79    1.14250E+00  -174.30
  138.00     0.00      -6.11    0.38    1.26    0.44668   -80.85  LEFT      5.41083E-01    79.77    1.14250E+00  -174.52
  140.00     0.00      -5.78    0.38    1.32    0.46393   -80.42  LEFT      5.62315E-01    79.75    1.14250E+00  -174.73
  142.00     0.00      -5.46    0.38    1.38    0.48075   -79.98  LEFT      5.83099E-01    79.74    1.14250E+00  -174.93
  144.00     0.00      -5.17    0.38    1.45    0.49707   -79.53  LEFT      6.03371E-01    79.72    1.14250E+00  -175.13
  146.00     0.00      -4.89    0.38    1.51    0.51285   -79.07  LEFT      6.23064E-01    79.70    1.14250E+00  -175.31
  148.00     0.00      -4.63    0.38    1.57    0.52802   -78.60  LEFT      6.42113E-01    79.69    1.14250E+00  -175.49
  150.00     0.00      -4.38    0.38    1.63    0.54254   -78.13  LEFT      6.60449E-01    79.68    1.14250E+00  -175.65
  152.00     0.00      -4.15    0.38    1.69    0.55635   -77.66  LEFT      6.78003E-01    79.66    1.14250E+00  -175.81
  154.00     0.00      -3.94    0.38    1.75    0.56940   -77.19  LEFT      6.94708E-01    79.65    1.14250E+00  -175.96
  156.00     0.00      -3.75    0.38    1.80    0.58165   -76.72  LEFT      7.10496E-01    79.64    1.14250E+00  -176.09
  158.00     0.00      -3.57    0.38    1.85    0.59305   -76.26  LEFT      7.25301E-01    79.62    1.14250E+00  -176.22
  160.00     0.00      -3.40    0.38    1.90    0.60357   -75.81  LEFT      7.39060E-01    79.61    1.14250E+00  -176.34
  162.00     0.00      -3.26    0.38    1.94    0.61316   -75.39  LEFT      7.51711E-01    79.60    1.14250E+00  -176.44
  164.00     0.00      -3.13    0.38    1.98    0.62181   -74.98  LEFT      7.63198E-01    79.60    1.14250E+00  -176.54
  166.00     0.00      -3.01    0.38    2.02    0.62949   -74.60  LEFT      7.73468E-01    79.59    1.14250E+00  -176.62
  168.00     0.00      -2.91    0.38    2.05    0.63618   -74.26  LEFT      7.82472E-01    79.58    1.14250E+00  -176.69
  170.00     0.00      -2.82    0.38    2.08    0.64185   -73.96  LEFT      7.90167E-01    79.58    1.14250E+00  -176.75
  172.00     0.00      -2.75    0.38    2.10    0.64651   -73.71  LEFT      7.96515E-01    79.57    1.14250E+00  -176.80
  174.00     0.00      -2.70    0.38    2.12    0.65014   -73.51  LEFT      8.01486E-01    79.57    1.14250E+00  -176.84
  176.00     0.00      -2.66    0.38    2.13    0.65274   -73.36  LEFT      8.05054E-01    79.56    1.14250E+00  -176.87
  178.00     0.00      -2.64    0.38    2.14    0.65430   -73.27  LEFT      8.07202E-01    79.56    1.14250E+00  -176.89
  180.00     0.00      -2.63    0.38    2.14    0.65482   -73.24  LEFT      8.07919E-01    79.56    1.14250E+00  -176.89




                                 - - - - - - FREQUENCY - - - - - -

                                    FREQUENCY= 1.5500E+03 MHZ
                                    WAVELENGTH= 1.9342E-01 METERS




                    APPROXIMATE INTEGRATION EMPLOYED FOR SEGMENTS MORE THAN   1.000 WAVELENGTHS APART

                    THE EXTENDED THIN WIRE KERNEL WILL BE USED



                               - - - STRUCTURE IMPEDANCE LOADING - - -

                                   THIS STRUCTURE IS NOT LOADED



                                  - - - ANTENNA ENVIRONMENT - - -

                                            FREE SPACE



                                - - - MATRIX TIMING - - -

                        FILL=    0.016 SEC.,  FACTOR=    0.000 SEC.



                                            - - - NETWORK DATA - - -

      - FROM -    - TO -           TRANSMISSION LINE               -  -  SHUNT ADMITTANCES (MHOS)  -  -              LINE
      TAG  SEG.   TAG  SEG.      IMPEDANCE      LENGTH            - END ONE -                 - END TWO -            TYPE
      NO.   NO.   NO.   NO.         OHMS        METERS         REAL          IMAG.         REAL          IMAG.
        1    11     2    32     5.0000E+01    4.2500E-02    0.0000E+00    0.0000E+00    0.0000E+00    0.0000E+00   STRAIGHT



                           - - - STRUCTURE EXCITATION DATA AT NETWORK CONNECTION POINTS - - -

   TAG   SEG.    VOLTAGE (VOLTS)         CURRENT (AMPS)         IMPEDANCE (OHMS)        ADMITTANCE (MHOS)      POWER
   NO.   NO.    REAL        IMAG.       REAL        IMAG.       REAL        IMAG.       REAL        IMAG.     (WATTS)
     1    11 6.30577E-01-1.28792E+00 4.95899E-03-1.79393E-02 7.57234E+01 1.42182E+01 1.27562E-02-2.39518E-03 1.31157E-02
     2    32 1.00000E+00 0.00000E+00 1.27562E-02-2.39518E-03 7.57234E+01 1.42182E+01 1.27562E-02-2.39518E-03 6.37811E-03



                                          - - - ANTENNA INPUT PARAMETERS - - -

   TAG   SEG.    VOLTAGE (VOLTS)         CURRENT (AMPS)         IMPEDANCE (OHMS)        ADMITTANCE (MHOS)      POWER
   NO.   NO.    REAL        IMAG.       REAL        IMAG.       REAL        IMAG.       REAL        IMAG.     (WATTS)
     2    32 1.00000E+00 0.00000E+00 3.89876E-02 6.59755E-03 2.49352E+01-4.21958E+00 3.89876E-02 6.59755E-03 1.94938E-02



                             - - - CURRENTS AND LOCATION - - -

                                 DISTANCES IN WAVELENGTHS


  SEG.  TAG    COORD. OF SEG. CENTER     SEG.            - - - CURRENT (AMPS) - - -
  NO.   NO.     X        Y        Z      LENGTH     REAL        IMAG.       MAG.        PHASE
     1    1   0.0000  -0.2290   0.0259  0.02290   2.9206E-04 -2.1246E-03  2.1446E-03  -82.173
     2    1   0.0000  -0.2061   0.0259  0.02290   7.6091E-04 -5.2221E-03  5.2773E-03  -81.710
     3    1   0.0000  -0.1832   0.0259  0.02290   1.2188E-03 -7.8862E-03  7.9798E-03  -81.214
     4    1   0.0000  -0.1603   0.0259  0.02290   1.6851E-03 -1.0277E-02  1.0414E-02  -80.688
     5    1   0.0000  -0.1374   0.0259  0.02290   2.1576E-03 -1.2388E-02  1.2575E-02  -80.120
     6    1   0.0000  -0.1145   0.0259  0.02290   2.6324E-03 -1.4200E-02  1.4442E-02  -79.498
     7    1   0.0000  -0.0916   0.0259  0.02290   3.1050E-03 -1.5686E-02  1.5990E-02  -78.803
     8    1   0.0000  -0.0687   0.0259  0.02290   3.5727E-03 -1.6823E-02  1.7198E-02  -78.010
     9    1   0.0000  -0.0458   0.0259  0.02290   4.0367E-03 -1.7587E-02  1.8045E-02  -77.073
    10    1   0.0000  -0.0229   0.0259  0.02290   4.5216E-03 -1.7952E-02  1.8512E-02  -75.863
    11    1   0.0000   0.0000   0.0259  0.02290   4.9590E-03 -1.7939E-02  1.8612E-02  -74.548
    12    1   0.0000   0.0229   0.0259  0.02290   4.5216E-03 -1.7952E-02  1.8512E-02  -75.863
    13    1   0.0000   0.0458   0.0259  0.02290   4.0367E-03 -1.7587E-02  1.8045E-02  -77.073
    14    1   0.0000   0.0687   0.0259  0.02290   3.5727E-03 -1.6823E-02  1.7198E-02  -78.010
    15    1   0.0000   0.0916   0.0259  0.02290   3.1050E-03 -1.5686E-02  1.5990E-02  -78.803
    16    1   0.0000   0.1145   0.0259  0.02290   2.6324E-03 -1.4200E-02  1.4442E-02  -79.498
    17    1   0.0000   0.1374   0.0259  0.02290   2.1576E-03 -1.2388E-02  1.2575E-02  -80.120
    18    1   0.0000   0.1603   0.0259  0.02290   1.6851E-03 -1.0277E-02  1.0414E-02  -80.688
    19    1   0.0000   0.1832   0.0259  0.02290   1.2188E-03 -7.8862E-03  7.9798E-03  -81.214
    20    1   0.0000   0.2061   0.0259  0.02290   7.6091E-04 -5.2221E-03  5.2773E-03  -81.710
    21    1   0.0000   0.2290   0.0259  0.02290   2.9206E-04 -2.1246E-03  2.1446E-03  -82.173
    22    2  -0.2290   0.0000   0.0000  0.02290   1.4202E-03 -4.6860E-04  1.4955E-03  -18.260
    23    2  -0.2061   0.0000   0.0000  0.02290   3.5040E-03 -1.1248E-03  3.6801E-03  -17.797
    24    2  -0.1832   0.0000   0.0000  0.02290   5.3129E-03 -1.6549E-03  5.5647E-03  -17.301
    25    2  -0.1603   0.0000   0.0000  0.02290   6.9531E-03 -2.0959E-03  7.2621E-03  -16.775
    26    2  -0.1374   0.0000   0.0000  0.02290   8.4205E-03 -2.4475E-03  8.7690E-03  -16.207
    27    2  -0.1145   0.0000   0.0000  0.02290   9.7007E-03 -2.7057E-03  1.0071E-02  -15.585
    28    2  -0.0916   0.0000   0.0000  0.02290   1.0776E-02 -2.8654E-03  1.1151E-02  -14.890
    29    2  -0.0687   0.0000   0.0000  0.02290   1.1632E-02 -2.9210E-03  1.1993E-02  -14.097
    30    2  -0.0458   0.0000   0.0000  0.02290   1.2253E-02 -2.8649E-03  1.2583E-02  -13.160
    31    2  -0.0229   0.0000   0.0000  0.02290   1.2630E-02 -2.6729E-03  1.2910E-02  -11.949
    32    2   0.0000   0.0000   0.0000  0.02290   1.2756E-02 -2.3952E-03  1.2979E-02  -10.634
    33    2   0.0229   0.0000   0.0000  0.02290   1.2630E-02 -2.6729E-03  1.2910E-02  -11.949
    34    2   0.0458   0.0000   0.0000  0.02290   1.2253E-02 -2.8649E-03  1.2583E-02  -13.160
    35    2   0.0687   0.0000   0.0000  0.02290   1.1632E-02 -2.9210E-03  1.1993E-02  -14.097
    36    2   0.0916   0.0000   0.0000  0.02290   1.0776E-02 -2.8654E-03  1.1151E-02  -14.890
    37    2   0.1145   0.0000   0.0000  0.02290   9.7007E-03 -2.7057E-03  1.0071E-02  -15.585
    38    2   0.1374   0.0000   0.0000  0.02290   8.4205E-03 -2.4475E-03  8.7690E-03  -16.207
    39    2   0.1603   0.0000   0.0000  0.02290   6.9531E-03 -2.0959E-03  7.2621E-03  -16.775
    40    2   0.1832   0.0000   0.0000  0.02290   5.3129E-03 -1.6549E-03  5.5647E-03  -17.301
    41    2   0.2061   0.0000   0.0000  0.02290   3.5040E-03 -1.1248E-03  3.6801E-03  -17.797
    42    2   0.2290   0.0000   0.0000  0.02290   1.4202E-03 -4.6860E-04  1.4955E-03  -18.260



                                        - - - POWER BUDGET - - -

                                           INPUT POWER   = 1.9494E-02 WATTS
                                           RADIATED POWER= 1.9494E-02 WATTS
                                           STRUCTURE LOSS= 0.0000E+00 WATTS
                                           NETWORK LOSS  =-3.1225E-17 WATTS
                                           EFFICIENCY    = 100.00 PERCENT



                                                - - - RADIATION PATTERNS - - -

  - - ANGLES - -           - POWER GAINS -       - - - POLARIZATION - - -    - - - E(THETA) - - -    - - - E(PHI) - - -
  THETA     PHI        VERT.   HOR.    TOTAL      AXIAL     TILT   SENSE     MAGNITUDE    PHASE      MAGNITUDE    PHASE 
 DEGREES  DEGREES       DB      DB      DB        RATIO     DEG.              VOLTS/M    DEGREES      VOLTS/M    DEGREES
 -180.00     0.00      -2.71    0.42    2.15    0.62427   -70.95  LEFT      7.91690E-01    75.50    1.13528E+00  -177.72
 -178.00     0.00      -2.71    0.42    2.14    0.62379   -70.99  LEFT      7.90984E-01    75.50    1.13528E+00  -177.71
 -176.00     0.00      -2.74    0.42    2.14    0.62236   -71.08  LEFT      7.88869E-01    75.50    1.13528E+00  -177.70
 -174.00     0.00      -2.78    0.42    2.12    0.61998   -71.24  LEFT      7.85356E-01    75.51    1.13528E+00  -177.67
 -172.00     0.00      -2.83    0.42    2.11    0.61664   -71.45  LEFT      7.80462E-01    75.51    1.13528E+00  -177.63
 -170.00     0.00      -2.90    0.42    2.08    0.61236   -71.72  LEFT      7.74213E-01    75.51    1.13528E+00  -177.58
 -168.00     0.00      -2.99    0.42    2.06    0.60713   -72.04  LEFT      7.66639E-01    75.52    1.13528E+00  -177.51
 -166.00     0.00      -3.09    0.42    2.02    0.60096   -72.41  LEFT      7.57777E-01    75.53    1.13528E+00  -177.44
 -164.00     0.00      -3.20    0.42    1.99    0.59385   -72.81  LEFT      7.47670E-01    75.54    1.13528E+00  -177.36
 -162.00     0.00      -3.34    0.42    1.95    0.58584   -73.25  LEFT      7.36367E-01    75.55    1.13528E+00  -177.26
 -160.00     0.00      -3.48    0.42    1.91    0.57692   -73.72  LEFT      7.23919E-01    75.56    1.13528E+00  -177.16
 -158.00     0.00      -3.65    0.42    1.86    0.56712   -74.21  LEFT      7.10384E-01    75.57    1.13528E+00  -177.04
 -156.00     0.00      -3.83    0.42    1.81    0.55647   -74.72  LEFT      6.95822E-01    75.58    1.13528E+00  -176.91
 -154.00     0.00      -4.02    0.42    1.76    0.54500   -75.24  LEFT      6.80296E-01    75.59    1.13528E+00  -176.78
 -152.00     0.00      -4.24    0.42    1.70    0.53275   -75.76  LEFT      6.63871E-01    75.60    1.13528E+00  -176.63
 -150.00     0.00      -4.46    0.42    1.64    0.51976   -76.30  LEFT      6.46615E-01    75.62    1.13528E+00  -176.47
 -148.00     0.00      -4.71    0.42    1.59    0.50607   -76.83  LEFT      6.28594E-01    75.63    1.13528E+00  -176.30
 -146.00     0.00      -4.97    0.42    1.53    0.49173   -77.36  LEFT      6.09876E-01    75.65    1.13528E+00  -176.13
 -144.00     0.00      -5.25    0.42    1.46    0.47679   -77.89  LEFT      5.90529E-01    75.67    1.13528E+00  -175.94
 -142.00     0.00      -5.55    0.42    1.40    0.46129   -78.40  LEFT      5.70619E-01    75.68    1.13528E+00  -175.75
 -140.00     0.00      -5.87    0.42    1.34    0.44530   -78.92  LEFT      5.50212E-01    75.70    1.13528E+00  -175.54
 -138.00     0.00      -6.20    0.42    1.28    0.42887   -79.42  LEFT      5.29369E-01    75.72    1.13528E+00  -175.33
 -136.00     0.00      -6.56    0.42    1.22    0.41204   -79.91  LEFT      5.08151E-01    75.73    1.13528E+00  -175.11
 -134.00     0.00      -6.93    0.42    1.16    0.39487   -80.40  LEFT      4.86616E-01    75.75    1.13528E+00  -174.88
 -132.00     0.00      -7.33    0.42    1.10    0.37740   -80.87  LEFT      4.64817E-01    75.77    1.13528E+00  -174.64
 -130.00     0.00      -7.75    0.42    1.04    0.35969   -81.34  LEFT      4.42804E-01    75.79    1.13528E+00  -174.39
 -128.00     0.00      -8.20    0.42    0.98    0.34178   -81.80  LEFT      4.20626E-01    75.81    1.13528E+00  -174.14
 -126.00     0.00      -8.67    0.42    0.93    0.32371   -82.24  LEFT      3.98323E-01    75.82    1.13528E+00  -173.88
 -124.00     0.00      -9.18    0.42    0.88    0.30553   -82.69  LEFT      3.75934E-01    75.84    1.13528E+00  -173.62
 -122.00     0.00      -9.71    0.42    0.83    0.28725   -83.12  LEFT      3.53494E-01    75.86    1.13528E+00  -173.34
 -120.00     0.00     -10.28    0.42    0.78    0.26893   -83.55  LEFT      3.31032E-01    75.88    1.13528E+00  -173.07
 -118.00     0.00     -10.89    0.42    0.73    0.25058   -83.97  LEFT      3.08574E-01    75.89    1.13528E+00  -172.78
 -116.00     0.00     -11.55    0.42    0.69    0.23223   -84.40  LEFT      2.86142E-01    75.91    1.13528E+00  -172.49
 -114.00     0.00     -12.25    0.42    0.65    0.21391   -84.81  LEFT      2.63752E-01    75.92    1.13528E+00  -172.20
 -112.00     0.00     -13.02    0.42    0.62    0.19563   -85.23  LEFT      2.41418E-01    75.94    1.13528E+00  -171.90
 -110.00     0.00     -13.86    0.42    0.58    0.17740   -85.65  LEFT      2.19150E-01    75.95    1.13528E+00  -171.59
 -108.00     0.00     -14.79    0.42    0.55    0.15925   -86.06  LEFT      1.96953E-01    75.96    1.13528E+00  -171.29
 -106.00     0.00     -15.83    0.42    0.53    0.14118   -86.48  LEFT      1.74831E-01    75.97    1.13528E+00  -170.98
 -104.00     0.00     -17.00    0.42    0.50    0.12320   -86.90  LEFT      1.52783E-01    75.98    1.13528E+00  -170.66
 -102.00     0.00     -18.34    0.42    0.48    0.10531   -87.32  LEFT      1.30806E-01    75.99    1.13528E+00  -170.35
 -100.00     0.00     -19.94    0.42    0.46    0.08751   -87.75  LEFT      1.08895E-01    76.00    1.13528E+00  -170.03
  -98.00     0.00     -21.88    0.42    0.45    0.06982   -88.19  LEFT      8.70418E-02    76.01    1.13528E+00  -169.71
  -96.00     0.00     -24.39    0.42    0.44    0.05222   -88.63  LEFT      6.52369E-02    76.01    1.13528E+00  -169.38
  -94.00     0.00     -27.91    0.42    0.43    0.03472   -89.07  LEFT      4.34698E-02    76.02    1.13528E+00  -169.06
  -92.00     0.00     -33.94    0.42    0.43    0.01731   -89.53  LEFT      2.17284E-02    76.02    1.13528E+00  -168.74
  -90.00     0.00    -999.99    0.42    0.42    0.00000   -90.00  LINEAR    3.17641E-12    76.02    1.13528E+00  -168.41
  -88.00     0.00     -33.94    0.42    0.43    0.01722    89.52  RIGHT     2.17284E-02  -103.98    1.13528E+00  -168.09
  -86.00     0.00     -27.91    0.42    0.43    0.03434    89.03  RIGHT     4.34698E-02  -103.98    1.13528E+00  -167.76
  -84.00     0.00     -24.39    0.42    0.44    0.05137    88.52  RIGHT     6.52369E-02  -103.99    1.13528E+00  -167.44
  -82.00     0.00     -21.88    0.42    0.45    0.06831    88.01  RIGHT     8.70418E-02  -103.99    1.13528E+00  -167.12
  -80.00     0.00     -19.94    0.42    0.46    0.08514    87.47  RIGHT     1.08895E-01  -104.00    1.13528E+00  -166.80
  -78.00     0.00     -18.34    0.42    0.48    0.10188    86.92  RIGHT     1.30806E-01  -104.01    1.13528E+00  -166.48
  -76.00     0.00     -17.00    0.42    0.50    0.11851    86.35  RIGHT     1.52783E-01  -104.02    1.13528E+00  -166.16
  -74.00     0.00     -15.83    0.42    0.53    0.13502    85.76  RIGHT     1.74831E-01  -104.03    1.13528E+00  -165.85
  -72.00     0.00     -14.79    0.42    0.55    0.15140    85.16  RIGHT     1.96953E-01  -104.04    1.13528E+00  -165.54
  -70.00     0.00     -13.86    0.42    0.58    0.16763    84.53  RIGHT     2.19150E-01  -104.05    1.13528E+00  -165.23
  -68.00     0.00     -13.02    0.42    0.62    0.18370    83.88  RIGHT     2.41418E-01  -104.06    1.13528E+00  -164.93
  -66.00     0.00     -12.25    0.42    0.65    0.19959    83.21  RIGHT     2.63752E-01  -104.08    1.13528E+00  -164.63
  -64.00     0.00     -11.55    0.42    0.69    0.21527    82.52  RIGHT     2.86142E-01  -104.09    1.13528E+00  -164.33
  -62.00     0.00     -10.89    0.42    0.73    0.23071    81.81  RIGHT     3.08574E-01  -104.11    1.13528E+00  -164.04
  -60.00     0.00     -10.28    0.42    0.78    0.24589    81.07  RIGHT     3.31032E-01  -104.12    1.13528E+00  -163.76
  -58.00     0.00      -9.71    0.42    0.83    0.26078    80.31  RIGHT     3.53494E-01  -104.14    1.13528E+00  -163.48
  -56.00     0.00      -9.18    0.42    0.88    0.27533    79.53  RIGHT     3.75934E-01  -104.16    1.13528E+00  -163.21
  -54.00     0.00      -8.67    0.42    0.93    0.28951    78.73  RIGHT     3.98323E-01  -104.18    1.13528E+00  -162.94
  -52.00     0.00      -8.20    0.42    0.98    0.30329    77.91  RIGHT     4.20626E-01  -104.19    1.13528E+00  -162.68
  -50.00     0.00      -7.75    0.42    1.04    0.31663    77.07  RIGHT     4.42804E-01  -104.21    1.13528E+00  -162.43
  -48.00     0.00      -7.33    0.42    1.10    0.32949    76.22  RIGHT     4.64817E-01  -104.23    1.13528E+00  -162.18
  -46.00     0.00      -6.93    0.42    1.16    0.34184    75.35  RIGHT     4.86616E-01  -104.25    1.13528E+00  -161.95
  -44.00     0.00      -6.56    0.42    1.22    0.35363    74.47  RIGHT     5.08151E-01  -104.27    1.13528E+00  -161.72
  -42.00     0.00      -6.20    0.42    1.28    0.36486    73.58  RIGHT     5.29369E-01  -104.28    1.13528E+00  -161.50
  -40.00     0.00      -5.87    0.42    1.34    0.37548    72.69  RIGHT     5.50212E-01  -104.30    1.13528E+00  -161.28
  -38.00     0.00      -5.55    0.42    1.40    0.38547    71.80  RIGHT     5.70619E-01  -104.32    1.13528E+00  -161.08
  -36.00     0.00      -5.25    0.42    1.46    0.39482    70.91  RIGHT     5.90529E-01  -104.33    1.13528E+00  -160.88
  -34.00     0.00      -4.97    0.42    1.53    0.40353    70.04  RIGHT     6.09876E-01  -104.35    1.13528E+00  -160.70
  -32.00     0.00      -4.71    0.42    1.59    0.41158    69.17  RIGHT     6.28594E-01  -104.37    1.13528E+00  -160.52
  -30.00     0.00      -4.46    0.42    1.64    0.41897    68.33  RIGHT     6.46615E-01  -104.38    1.13528E+00  -160.35
  -28.00     0.00      -4.24    0.42    1.70    0.42572    67.51  RIGHT     6.63871E-01  -104.40    1.13528E+00  -160.20
  -26.00     0.00      -4.02    0.42    1.76    0.43184    66.73  RIGHT     6.80296E-01  -104.41    1.13528E+00  -160.05
  -24.00     0.00      -3.83    0.42    1.81    0.43735    65.98  RIGHT     6.95822E-01  -104.42    1.13528E+00  -159.91
  -22.00     0.00      -3.65    0.42    1.86    0.44227    65.27  RIGHT     7.10384E-01  -104.43    1.13528E+00  -159.78
  -20.00     0.00      -3.48    0.42    1.91    0.44663    64.60  RIGHT     7.23919E-01  -104.44    1.13528E+00  -159.67
  -18.00     0.00      -3.34    0.42    1.95    0.45045    63.99  RIGHT     7.36367E-01  -104.45    1.13528E+00  -159.56
  -16.00     0.00      -3.20    0.42    1.99    0.45376    63.43  RIGHT     7.47670E-01  -104.46    1.13528E+00  -159.47
  -14.00     0.00      -3.09    0.42    2.02    0.45660    62.92  RIGHT     7.57777E-01  -104.47    1.13528E+00  -159.38
  -12.00     0.00      -2.99    0.42    2.06    0.45900    62.48  RIGHT     7.66639E-01  -104.48    1.13528E+00  -159.31
  -10.00     0.00      -2.90    0.42    2.08    0.46097    62.10  RIGHT     7.74213E-01  -104.49    1.13528E+00  -159.25
   -8.00     0.00      -2.83    0.42    2.11    0.46255    61.79  RIGHT     7.80462E-01  -104.49    1.13528E+00  -159.20
   -6.00     0.00      -2.78    0.42    2.12    0.46376    61.54  RIGHT     7.85356E-01  -104.49    1.13528E+00  -159.16
   -4.00     0.00      -2.74    0.42    2.14    0.46461    61.37  RIGHT     7.88869E-01  -104.50    1.13528E+00  -159.13
   -2.00     0.00      -2.71    0.42    2.14    0.46511    61.26  RIGHT     7.90984E-01  -104.50    1.13528E+00  -159.11
    0.00     0.00      -2.71    0.42    2.15    0.46528    61.23  RIGHT     7.91690E-01  -104.50    1.13528E+00  -159.11
    2.00     0.00      -2.71    0.42    2.14    0.46511    61.26  RIGHT     7.90984E-01  -104.50    1.13528E+00  -159.11
    4.00     0.00      -2.74    0.42    2.14    0.46461    61.37  RIGHT     7.88869E-01  -104.50    1.13528E+00  -159.13
    6.00     0.00      -2.78    0.42    2.12    0.46376    61.54  RIGHT     7.85356E-01  -104.49    1.13528E+00  -159.16
    8.00     0.00      -2.83    0.42    2.11    0.46255    61.79  RIGHT     7.80462E-01  -104.49    1.13528E+00  -159.20
   10.00     0.00      -2.90    0.42    2.08    0.46097    62.10  RIGHT     7.74213E-01  -104.49    1.13528E+00  -159.25
   12.00     0.00      -2.99    0.42    2.06    0.45900    62.48  RIGHT     7.66639E-01  -104.48    1.13528E+00  -159.31
   14.00     0.00      -3.09    0.42    2.02    0.45660    62.92  RIGHT     7.57777E-01  -104.47    1.13528E+00  -159.38
   16.00     0.00      -3.20    0.42    1.99    0.45376    63.43  RIGHT     7.47670E-01  -104.46    1.13528E+00  -159.47
   18.00     0.00      -3.34    0.42    1.95    0.45045    63.99  RIGHT     7.36367E-01  -104.45    1.13528E+00  -159.56
   20.00     0.00      -3.48    0.42    1.91    0.44663    64.60  RIGHT     7.23919E-01  -104.44    1.13528E+00  -159.67
   22.00     0.00      -3.65    0.42    1.86    0.44227    65.27  RIGHT     7.10384E-01  -104.43    1.13528E+00  -159.78
   24.00     0.00      -3.83    0.42    1.81    0.43735    65.98  RIGHT     6.95822E-01  -104.42    1.13528E+00  -159.91
   26.00     0.00      -4.02    0.42    1.76    0.43184    66.73  RIGHT     6.80296E-01  -104.41    1.13528E+00  -160.05
   28.00     0.00      -4.24    0.42    1.70    0.42572    67.51  RIGHT     6.63871E-01  -104.40    1.13528E+00  -160.20
   30.00     0.00      -4.46    0.42    1.64    0.41897    68.33  RIGHT     6.46615E-01  -104.38    1.13528E+00  -160.35
   32.00     0.00      -4.71    0.42    1.59    0.41158    69.17  RIGHT     6.28594E-01  -104.37    1.13528E+00  -160.52
   34.00     0.00      -4.97    0.42    1.53    0.40353    70.04  RIGHT     6.09876E-01  -104.35    1.13528E+00  -160.70
   36.00     0.00      -5.25    0.42    1.46    0.39482    70.91  RIGHT     5.90529E-01  -104.33    1.13528E+00  -160.88
   38.00     0.00      -5.55    0.42    1.40    0.38547    71.80  RIGHT     5.70619E-01  -104.32    1.13528E+00  -161.08
   40.00     0.00      -5.87    0.42    1.34    0.37548    72.69  RIGHT     5.50212E-01  -104.30    1.13528E+00  -161.28
   42.00     0.00      -6.20    0.42    1.28    0.36486    73.58  RIGHT     5.29369E-01  -104.28    1.13528E+00  -161.50
   44.00     0.00      -6.56    0.42    1.22    0.35363    74.47  RIGHT     5.08151E-01  -104.27    1.13528E+00  -161.72
   46.00     0.00      -6.93    0.42    1.16    0.34184    75.35  RIGHT     4.86616E-01  -104.25    1.13528E+00  -161.95
   48.00     0.00      -7.33    0.42    1.10    0.32949    76.22  RIGHT     4.64817E-01  -104.23    1.13528E+00  -162.18
   50.00     0.00      -7.75    0.42    1.04    0.31663    77.07  RIGHT     4.42804E-01  -104.21    1.13528E+00  -162.43
   52.00     0.00      -8.20    0.42    0.98    0.30329    77.91  RIGHT     4.20626E-01  -104.19    1.13528E+00  -162.68
   54.00     0.00      -8.67    0.42    0.93    0.28951    78.73  RIGHT     3.98323E-01  -104.18    1.13528E+00  -162.94
   56.00     0.00      -9.18    0.42    0.88    0.27533    79.53  RIGHT     3.75934E-01  -104.16    1.13528E+00  -163.21
   58.00     0.00      -9.71    0.42    0.83    0.26078    80.31  RIGHT     3.53494E-01  -104.14    1.13528E+00  -163.48
   60.00     0.00     -10.28    0.42    0.78    0.24589    81.07  RIGHT     3.31032E-01  -104.12    1.13528E+00  -163.76
   62.00     0.00     -10.89    0.42    0.73    0.23071    81.81  RIGHT     3.08574E-01  -104.11    1.13528E+00  -164.04
   64.00     0.00     -11.55    0.42    0.69    0.21527    82.52  RIGHT     2.86142E-01  -104.09    1.13528E+00  -164.33
   66.00     0.00     -12.25    0.42    0.65    0.19959    83.21  RIGHT     2.63752E-01  -104.08    1.13528E+00  -164.63
   68.00     0.00     -13.02    0.42    0.62    0.18370    83.88  RIGHT     2.41418E-01  -104.06    1.13528E+00  -164.93
   70.00     0.00     -13.86    0.42    0.58    0.16763    84.53  RIGHT     2.19150E-01  -104.05    1.13528E+00  -165.23
   72.00     0.00     -14.79    0.42    0.55    0.15140    85.16  RIGHT     1.96953E-01  -104.04    1.13528E+00  -165.54
   74.00     0.00     -15.83    0.42    0.53    0.13502    85.76  RIGHT     1.74831E-01  -104.03    1.13528E+00  -165.85
   76.00     0.00     -17.00    0.42    0.50    0.11851    86.35  RIGHT     1.52783E-01  -104.02    1.13528E+00  -166.16
   78.00     0.00     -18.34    0.42    0.48    0.10188    86.92  RIGHT     1.30806E-01  -104.01    1.13528E+00  -166.48
   80.00     0.00     -19.94    0.42    0.46    0.08514    87.47  RIGHT     1.08895E-01  -104.00    1.13528E+00  -166.80
   82.00     0.00     -21.88    0.42    0.45    0.06831    88.01  RIGHT     8.70418E-02  -103.99    1.13528E+00  -167.12
   84.00     0.00     -24.39    0.42    0.44    0.05137    88.52  RIGHT     6.52369E-02  -103.99    1.13528E+00  -167.44
   86.00     0.00     -27.91    0.42    0.43    0.03434    89.03  RIGHT     4.34698E-02  -103.98    1.13528E+00  -167.76
   88.00     0.00     -33.94    0.42    0.43    0.01722    89.52  RIGHT     2.17284E-02  -103.98    1.13528E+00  -168.09
   90.00     0.00    -999.99    0.42    0.42    0.00000   -90.00  LINEAR    3.17641E-12    76.02    1.13528E+00  -168.41
   92.00     0.00     -33.94    0.42    0.43    0.01731   -89.53  LEFT      2.17284E-02    76.02    1.13528E+00  -168.74
   94.00     0.00     -27.91    0.42    0.43    0.03472   -89.07  LEFT      4.34698E-02    76.02    1.13528E+00  -169.06
   96.00     0.00     -24.39    0.42    0.44    0.05222   -88.63  LEFT      6.52369E-02    76.01    1.13528E+00  -169.38
   98.00     0.00     -21.88    0.42    0.45    0.06982   -88.19  LEFT      8.70418E-02    76.01    1.13528E+00  -169.71
  100.00     0.00     -19.94    0.42    0.46    0.08751   -87.75  LEFT      1.08895E-01    76.00    1.13528E+00  -170.03
  102.00     0.00     -18.34    0.42    0.48    0.10531   -87.32  LEFT      1.30806E-01    75.99    1.13528E+00  -170.35
  104.00     0.00     -17.00    0.42    0.50    0.12320   -86.90  LEFT      1.52783E-01    75.98    1.13528E+00  -170.66
  106.00     0.00     -15.83    0.42    0.53    0.14118   -86.48  LEFT      1.74831E-01    75.97    1.13528E+00  -170.98
  108.00     0.00     -14.79    0.42    0.55    0.15925   -86.06  LEFT      1.96953E-01    75.96    1.13528E+00  -171.29
  110.00     0.00     -13.86    0.42    0.58    0.17740   -85.65  LEFT      2.19150E-01    75.95    1.13528E+00  -171.59
  112.00     0.00     -13.02    0.42    0.62    0.19563   -85.23  LEFT      2.41418E-01    75.94    1.13528E+00  -171.90
  114.00     0.00     -12.25    0.42    0.65    0.21391   -84.81  LEFT      2.63752E-01    75.92    1.13528E+00  -172.20
  116.00     0.00     -11.55    0.42    0.69    0.23223   -84.40  LEFT      2.86142E-01    75.91    1.13528E+00  -172.49
  118.00     0.00     -10.89    0.42    0.73    0.25058   -83.97  LEFT      3.08574E-01    75.89    1.13528E+00  -172.78
  120.00     0.00     -10.28    0.42    0.78    0.26893   -83.55  LEFT      3.31032E-01    75.88    1.13528E+00  -173.07
  122.00     0.00      -9.71    0.42    0.83    0.28725   -83.12  LEFT      3.53494E-01    75.86    1.13528E+00  -173.34
  124.00     0.00      -9.18    0.42    0.88    0.30553   -82.69  LEFT      3.75934E-01    75.84    1.13528E+00  -173.62
  126.00     0.00      -8.67    0.42    0.93    0.32371   -82.24  LEFT      3.98323E-01    75.82    1.13528E+00  -173.88
  128.00     0.00      -8.20    0.42    0.98    0.34178   -81.80  LEFT      4.20626E-01    75.81    1.13528E+00  -174.14
  130.00     0.00      -7.75    0.42    1.04    0.35969   -81.34  LEFT      4.42804E-01    75.79    1.13528E+00  -174.39
  132.00     0.00      -7.33    0.42    1.10    0.37740   -80.87  LEFT      4.64817E-01    75.77    1.13528E+00  -174.64
  134.00     0.00      -6.93    0.42    1.16    0.39487   -80.40  LEFT      4.86616E-01    75.75    1.13528E+00  -174.88
  136.00     0.00      -6.56    0.42    1.22    0.41204   -79.91  LEFT      5.08151E-01    75.73    1.13528E+00  -175.11
  138.00     0.00      -6.20    0.42    1.28    0.42887   -79.42  LEFT      5.29369E-01    75.72    1.13528E+00  -175.33
  140.00     0.00      -5.87    0.42    1.34    0.44530   -78.92  LEFT      5.50212E-01    75.70    1.13528E+00  -175.54
  142.00     0.00      -5.55    0.42    1.40    0.46129   -78.40  LEFT      5.70619E-01    75.68    1.13528E+00  -175.75
  144.00     0.00      -5.25    0.42    1.46    0.47679   -77.89  LEFT      5.90529E-01    75.67    1.13528E+00  -175.94
  146.00     0.00      -4.97    0.42    1.53    0.49173   -77.36  LEFT      6.09876E-01    75.65    1.13528E+00  -176.13
  148.00     0.00      -4.71    0.42    1.59    0.50607   -76.83  LEFT      6.28594E-01    75.63    1.13528E+00  -176.30
  150.00     0.00      -4.46    0.42    1.64    0.51976   -76.30  LEFT      6.46615E-01    75.62    1.13528E+00  -176.47
  152.00     0.00      -4.24    0.42    1.70    0.53275   -75.76  LEFT      6.63871E-01    75.60    1.13528E+00  -176.63
  154.00     0.00      -4.02    0.42    1.76    0.54500   -75.24  LEFT      6.80296E-01    75.59    1.13528E+00  -176.78
  156.00     0.00      -3.83    0.42    1.81    0.55647   -74.72  LEFT      6.95822E-01    75.58    1.13528E+00  -176.91
  158.00     0.00      -3.65    0.42    1.86    0.56712   -74.21  LEFT      7.10384E-01    75.57    1.13528E+00  -177.04
  160.00     0.00      -3.48    0.42    1.91    0.57692   -73.72  LEFT      7.23919E-01    75.56    1.13528E+00  -177.16
  162.00     0.00      -3.34    0.42    1.95    0.58584   -73.25  LEFT      7.36367E-01    75.55    1.13528E+00  -177.26
  164.00     0.00      -3.20    0.42    1.99    0.59385   -72.81  LEFT      7.47670E-01    75.54    1.13528E+00  -177.36
  166.00     0.00      -3.09    0.42    2.02    0.60096   -72.41  LEFT      7.57777E-01    75.53    1.13528E+00  -177.44
  168.00     0.00      -2.99    0.42    2.06    0.60713   -72.04  LEFT      7.66639E-01    75.52    1.13528E+00  -177.51
  170.00     0.00      -2.90    0.42    2.08    0.61236   -71.72  LEFT      7.74213E-01    75.51    1.13528E+00  -177.58
  172.00     0.00      -2.83    0.42    2.11    0.61664   -71.45  LEFT      7.80462E-01    75.51    1.13528E+00  -177.63
  174.00     0.00      -2.78    0.42    2.12    0.61998   -71.24  LEFT      7.85356E-01    75.51    1.13528E+00  -177.67
  176.00     0.00      -2.74    0.42    2.14    0.62236   -71.08  LEFT      7.88869E-01    75.50    1.13528E+00  -177.70
  178.00     0.00      -2.71    0.42    2.14    0.62379   -70.99  LEFT      7.90984E-01    75.50    1.13528E+00  -177.71
  180.00     0.00      -2.71    0.42    2.15    0.62427   -70.95  LEFT      7.91690E-01    75.50    1.13528E+00  -177.72




                                 - - - - - - FREQUENCY - - - - - -

                                    FREQUENCY= 1.5600E+03 MHZ
                                    WAVELENGTH= 1.9218E-01 METERS




                    APPROXIMATE INTEGRATION EMPLOYED FOR SEGMENTS MORE THAN   1.000 WAVELENGTHS APART

                    THE EXTENDED THIN WIRE KERNEL WILL BE USED



                               - - - STRUCTURE IMPEDANCE LOADING - - -

                                   THIS STRUCTURE IS NOT LOADED



                                  - - - ANTENNA ENVIRONMENT - - -

                                            FREE SPACE



                                - - - MATRIX TIMING - - -

                        FILL=    0.000 SEC.,  FACTOR=    0.000 SEC.



                                            - - - NETWORK DATA - - -

      - FROM -    - TO -           TRANSMISSION LINE               -  -  SHUNT ADMITTANCES (MHOS)  -  -              LINE
      TAG  SEG.   TAG  SEG.      IMPEDANCE      LENGTH            - END ONE -                 - END TWO -            TYPE
      NO.   NO.   NO.   NO.         OHMS        METERS         REAL          IMAG.         REAL          IMAG.
        1    11     2    32     5.0000E+01    4.2500E-02    0.0000E+00    0.0000E+00    0.0000E+00    0.0000E+00   STRAIGHT



                           - - - STRUCTURE EXCITATION DATA AT NETWORK CONNECTION POINTS - - -

   TAG   SEG.    VOLTAGE (VOLTS)         CURRENT (AMPS)         IMPEDANCE (OHMS)        ADMITTANCE (MHOS)      POWER
   NO.   NO.    REAL        IMAG.       REAL        IMAG.       REAL        IMAG.       REAL        IMAG.     (WATTS)
     1    11 7.12456E-01-1.27747E+00 4.68316E-03-1.77214E-02 7.73115E+01 1.97724E+01 1.21406E-02-3.10495E-03 1.29875E-02
     2    32 1.00000E+00 0.00000E+00 1.21406E-02-3.10495E-03 7.73115E+01 1.97724E+01 1.21406E-02-3.10495E-03 6.07030E-03



                                          - - - ANTENNA INPUT PARAMETERS - - -

   TAG   SEG.    VOLTAGE (VOLTS)         CURRENT (AMPS)         IMPEDANCE (OHMS)        ADMITTANCE (MHOS)      POWER
   NO.   NO.    REAL        IMAG.       REAL        IMAG.       REAL        IMAG.       REAL        IMAG.     (WATTS)
     2    32 1.00000E+00 0.00000E+00 3.81156E-02 7.71559E-03 2.52032E+01-5.10178E+00 3.81156E-02 7.71559E-03 1.90578E-02



                             - - - CURRENTS AND LOCATION - - -

                                 DISTANCES IN WAVELENGTHS


  SEG.  TAG    COORD. OF SEG. CENTER     SEG.            - - - CURRENT (AMPS) - - -
  NO.   NO.     X        Y        Z      LENGTH     REAL        IMAG.       MAG.        PHASE
     1    1   0.0000  -0.2304   0.0260  0.02304   2.6053E-04 -2.1124E-03  2.1284E-03  -82.969
     2    1   0.0000  -0.2074   0.0260  0.02304   6.8355E-04 -5.1919E-03  5.2367E-03  -82.500
     3    1   0.0000  -0.1844   0.0260  0.02304   1.1021E-03 -7.8397E-03  7.9168E-03  -81.998
     4    1   0.0000  -0.1613   0.0260  0.02304   1.5330E-03 -1.0214E-02  1.0328E-02  -81.464
     5    1   0.0000  -0.1383   0.0260  0.02304   1.9742E-03 -1.2309E-02  1.2466E-02  -80.888
     6    1   0.0000  -0.1152   0.0260  0.02304   2.4219E-03 -1.4102E-02  1.4308E-02  -80.255
     7    1   0.0000  -0.0922   0.0260  0.02304   2.8718E-03 -1.5569E-02  1.5831E-02  -79.549
     8    1   0.0000  -0.0691   0.0260  0.02304   3.3215E-03 -1.6684E-02  1.7011E-02  -78.741
     9    1   0.0000  -0.0461   0.0260  0.02304   3.7723E-03 -1.7425E-02  1.7829E-02  -77.785
    10    1   0.0000  -0.0230   0.0260  0.02304   4.2490E-03 -1.7762E-02  1.8263E-02  -76.546
    11    1   0.0000   0.0000   0.0260  0.02304   4.6832E-03 -1.7721E-02  1.8330E-02  -75.197
    12    1   0.0000   0.0230   0.0260  0.02304   4.2490E-03 -1.7762E-02  1.8263E-02  -76.546
    13    1   0.0000   0.0461   0.0260  0.02304   3.7723E-03 -1.7425E-02  1.7829E-02  -77.785
    14    1   0.0000   0.0691   0.0260  0.02304   3.3215E-03 -1.6684E-02  1.7011E-02  -78.741
    15    1   0.0000   0.0922   0.0260  0.02304   2.8718E-03 -1.5569E-02  1.5831E-02  -79.549
    16    1   0.0000   0.1152   0.0260  0.02304   2.4219E-03 -1.4102E-02  1.4308E-02  -80.255
    17    1   0.0000   0.1383   0.0260  0.02304   1.9742E-03 -1.2309E-02  1.2466E-02  -80.888
    18    1   0.0000   0.1613   0.0260  0.02304   1.5330E-03 -1.0214E-02  1.0328E-02  -81.464
    19    1   0.0000   0.1844   0.0260  0.02304   1.1021E-03 -7.8397E-03  7.9168E-03  -81.998
    20    1   0.0000   0.2074   0.0260  0.02304   6.8355E-04 -5.1919E-03  5.2367E-03  -82.500
    21    1   0.0000   0.2304   0.0260  0.02304   2.6053E-04 -2.1124E-03  2.1284E-03  -82.969
    22    2  -0.2304   0.0000   0.0000  0.02304   1.3480E-03 -5.4786E-04  1.4551E-03  -22.118
    23    2  -0.2074   0.0000   0.0000  0.02304   3.3276E-03 -1.3208E-03  3.5802E-03  -21.649
    24    2  -0.1844   0.0000   0.0000  0.02304   5.0479E-03 -1.9525E-03  5.4124E-03  -21.146
    25    2  -0.1613   0.0000   0.0000  0.02304   6.6090E-03 -2.4858E-03  7.0610E-03  -20.613
    26    2  -0.1383   0.0000   0.0000  0.02304   8.0066E-03 -2.9199E-03  8.5225E-03  -20.036
    27    2  -0.1152   0.0000   0.0000  0.02304   9.2265E-03 -3.2499E-03  9.7822E-03  -19.404
    28    2  -0.0922   0.0000   0.0000  0.02304   1.0252E-02 -3.4696E-03  1.0823E-02  -18.697
    29    2  -0.0691   0.0000   0.0000  0.02304   1.1068E-02 -3.5726E-03  1.1630E-02  -17.889
    30    2  -0.0461   0.0000   0.0000  0.02304   1.1660E-02 -3.5502E-03  1.2189E-02  -16.934
    31    2  -0.0230   0.0000   0.0000  0.02304   1.2020E-02 -3.3776E-03  1.2486E-02  -15.695
    32    2   0.0000   0.0000   0.0000  0.02304   1.2141E-02 -3.1049E-03  1.2531E-02  -14.346
    33    2   0.0230   0.0000   0.0000  0.02304   1.2020E-02 -3.3776E-03  1.2486E-02  -15.695
    34    2   0.0461   0.0000   0.0000  0.02304   1.1660E-02 -3.5502E-03  1.2189E-02  -16.934
    35    2   0.0691   0.0000   0.0000  0.02304   1.1068E-02 -3.5726E-03  1.1630E-02  -17.889
    36    2   0.0922   0.0000   0.0000  0.02304   1.0252E-02 -3.4696E-03  1.0823E-02  -18.697
    37    2   0.1152   0.0000   0.0000  0.02304   9.2265E-03 -3.2499E-03  9.7822E-03  -19.404
    38    2   0.1383   0.0000   0.0000  0.02304   8.0066E-03 -2.9199E-03  8.5225E-03  -20.036
    39    2   0.1613   0.0000   0.0000  0.02304   6.6090E-03 -2.4858E-03  7.0610E-03  -20.613
    40    2   0.1844   0.0000   0.0000  0.02304   5.0479E-03 -1.9525E-03  5.4124E-03  -21.146
    41    2   0.2074   0.0000   0.0000  0.02304   3.3276E-03 -1.3208E-03  3.5802E-03  -21.649
    42    2   0.2304   0.0000   0.0000  0.02304   1.3480E-03 -5.4786E-04  1.4551E-03  -22.118



                                        - - - POWER BUDGET - - -

                                           INPUT POWER   = 1.9058E-02 WATTS
                                           RADIATED POWER= 1.9058E-02 WATTS
                                           STRUCTURE LOSS= 0.0000E+00 WATTS
                                           NETWORK LOSS  = 6.9389E-17 WATTS
                                           EFFICIENCY    = 100.00 PERCENT



                                                - - - RADIATION PATTERNS - - -

  - - ANGLES - -           - POWER GAINS -       - - - POLARIZATION - - -    - - - E(THETA) - - -    - - - E(PHI) - - -
  THETA     PHI        VERT.   HOR.    TOTAL      AXIAL     TILT   SENSE     MAGNITUDE    PHASE      MAGNITUDE    PHASE 
 DEGREES  DEGREES       DB      DB      DB        RATIO     DEG.              VOLTS/M    DEGREES      VOLTS/M    DEGREES
 -180.00     0.00      -2.82    0.49    2.15    0.59211   -69.51  LEFT      7.72847E-01    71.70    1.13045E+00  -178.52
 -178.00     0.00      -2.83    0.49    2.15    0.59167   -69.54  LEFT      7.72154E-01    71.70    1.13045E+00  -178.51
 -176.00     0.00      -2.85    0.49    2.14    0.59035   -69.63  LEFT      7.70080E-01    71.70    1.13045E+00  -178.49
 -174.00     0.00      -2.89    0.49    2.13    0.58814   -69.79  LEFT      7.66634E-01    71.71    1.13045E+00  -178.47
 -172.00     0.00      -2.94    0.49    2.11    0.58506   -70.00  LEFT      7.61835E-01    71.71    1.13045E+00  -178.43
 -170.00     0.00      -3.01    0.49    2.09    0.58109   -70.27  LEFT      7.55707E-01    71.71    1.13045E+00  -178.37
 -168.00     0.00      -3.10    0.49    2.06    0.57625   -70.59  LEFT      7.48279E-01    71.72    1.13045E+00  -178.31
 -166.00     0.00      -3.20    0.49    2.03    0.57052   -70.96  LEFT      7.39590E-01    71.73    1.13045E+00  -178.24
 -164.00     0.00      -3.32    0.49    2.00    0.56393   -71.37  LEFT      7.29681E-01    71.74    1.13045E+00  -178.15
 -162.00     0.00      -3.45    0.49    1.96    0.55648   -71.81  LEFT      7.18600E-01    71.75    1.13045E+00  -178.06
 -160.00     0.00      -3.60    0.49    1.92    0.54817   -72.29  LEFT      7.06399E-01    71.76    1.13045E+00  -177.95
 -158.00     0.00      -3.76    0.49    1.87    0.53904   -72.80  LEFT      6.93135E-01    71.77    1.13045E+00  -177.84
 -156.00     0.00      -3.94    0.49    1.82    0.52909   -73.32  LEFT      6.78865E-01    71.78    1.13045E+00  -177.71
 -154.00     0.00      -4.14    0.49    1.77    0.51836   -73.86  LEFT      6.63654E-01    71.79    1.13045E+00  -177.57
 -152.00     0.00      -4.35    0.49    1.72    0.50688   -74.42  LEFT      6.47566E-01    71.81    1.13045E+00  -177.42
 -150.00     0.00      -4.58    0.49    1.66    0.49469   -74.98  LEFT      6.30666E-01    71.82    1.13045E+00  -177.26
 -148.00     0.00      -4.83    0.49    1.61    0.48181   -75.54  LEFT      6.13021E-01    71.84    1.13045E+00  -177.09
 -146.00     0.00      -5.09    0.49    1.55    0.46830   -76.11  LEFT      5.94698E-01    71.85    1.13045E+00  -176.92
 -144.00     0.00      -5.37    0.49    1.49    0.45420   -76.67  LEFT      5.75763E-01    71.87    1.13045E+00  -176.73
 -142.00     0.00      -5.67    0.49    1.43    0.43957   -77.23  LEFT      5.56283E-01    71.89    1.13045E+00  -176.53
 -140.00     0.00      -5.99    0.49    1.37    0.42443   -77.79  LEFT      5.36320E-01    71.90    1.13045E+00  -176.33
 -138.00     0.00      -6.33    0.49    1.31    0.40886   -78.34  LEFT      5.15938E-01    71.92    1.13045E+00  -176.11
 -136.00     0.00      -6.68    0.49    1.25    0.39289   -78.87  LEFT      4.95194E-01    71.94    1.13045E+00  -175.89
 -134.00     0.00      -7.06    0.49    1.19    0.37658   -79.41  LEFT      4.74145E-01    71.96    1.13045E+00  -175.66
 -132.00     0.00      -7.46    0.49    1.13    0.35997   -79.93  LEFT      4.52845E-01    71.98    1.13045E+00  -175.42
 -130.00     0.00      -7.88    0.49    1.08    0.34312   -80.44  LEFT      4.31343E-01    72.00    1.13045E+00  -175.17
 -128.00     0.00      -8.33    0.49    1.02    0.32606   -80.95  LEFT      4.09685E-01    72.02    1.13045E+00  -174.92
 -126.00     0.00      -8.80    0.49    0.97    0.30883   -81.45  LEFT      3.87912E-01    72.03    1.13045E+00  -174.66
 -124.00     0.00      -9.31    0.49    0.92    0.29148   -81.94  LEFT      3.66063E-01    72.05    1.13045E+00  -174.39
 -122.00     0.00      -9.84    0.49    0.87    0.27405   -82.42  LEFT      3.44169E-01    72.07    1.13045E+00  -174.11
 -120.00     0.00     -10.42    0.49    0.83    0.25655   -82.90  LEFT      3.22261E-01    72.09    1.13045E+00  -173.83
 -118.00     0.00     -11.03    0.49    0.78    0.23903   -83.37  LEFT      3.00363E-01    72.11    1.13045E+00  -173.55
 -116.00     0.00     -11.68    0.49    0.74    0.22150   -83.84  LEFT      2.78497E-01    72.12    1.13045E+00  -173.26
 -114.00     0.00     -12.39    0.49    0.70    0.20400   -84.30  LEFT      2.56678E-01    72.14    1.13045E+00  -172.96
 -112.00     0.00     -13.16    0.49    0.67    0.18654   -84.76  LEFT      2.34920E-01    72.15    1.13045E+00  -172.66
 -110.00     0.00     -14.00    0.49    0.64    0.16913   -85.22  LEFT      2.13231E-01    72.17    1.13045E+00  -172.35
 -108.00     0.00     -14.93    0.49    0.61    0.15179   -85.68  LEFT      1.91617E-01    72.18    1.13045E+00  -172.05
 -106.00     0.00     -15.97    0.49    0.58    0.13454   -86.15  LEFT      1.70081E-01    72.19    1.13045E+00  -171.73
 -104.00     0.00     -17.14    0.49    0.56    0.11737   -86.61  LEFT      1.48622E-01    72.20    1.13045E+00  -171.42
 -102.00     0.00     -18.49    0.49    0.54    0.10030   -87.08  LEFT      1.27236E-01    72.21    1.13045E+00  -171.10
 -100.00     0.00     -20.08    0.49    0.52    0.08333   -87.55  LEFT      1.05917E-01    72.22    1.13045E+00  -170.78
  -98.00     0.00     -22.03    0.49    0.51    0.06645   -88.02  LEFT      8.46574E-02    72.22    1.13045E+00  -170.45
  -96.00     0.00     -24.53    0.49    0.50    0.04969   -88.50  LEFT      6.34477E-02    72.23    1.13045E+00  -170.13
  -94.00     0.00     -28.06    0.49    0.49    0.03302   -88.99  LEFT      4.22765E-02    72.23    1.13045E+00  -169.80
  -92.00     0.00     -34.08    0.49    0.49    0.01646   -89.49  LEFT      2.11316E-02    72.23    1.13045E+00  -169.48
  -90.00     0.00    -999.99    0.49    0.49    0.00000   -90.00  LINEAR    3.08915E-12    72.24    1.13045E+00  -169.15
  -88.00     0.00     -34.08    0.49    0.49    0.01636    89.48  RIGHT     2.11316E-02  -107.77    1.13045E+00  -168.82
  -86.00     0.00     -28.06    0.49    0.49    0.03261    88.95  RIGHT     4.22765E-02  -107.77    1.13045E+00  -168.50
  -84.00     0.00     -24.53    0.49    0.50    0.04876    88.41  RIGHT     6.34477E-02  -107.77    1.13045E+00  -168.17
  -82.00     0.00     -22.03    0.49    0.51    0.06481    87.85  RIGHT     8.46574E-02  -107.78    1.13045E+00  -167.85
  -80.00     0.00     -20.08    0.49    0.52    0.08075    87.28  RIGHT     1.05917E-01  -107.78    1.13045E+00  -167.52
  -78.00     0.00     -18.49    0.49    0.54    0.09657    86.69  RIGHT     1.27236E-01  -107.79    1.13045E+00  -167.20
  -76.00     0.00     -17.14    0.49    0.56    0.11227    86.09  RIGHT     1.48622E-01  -107.80    1.13045E+00  -166.88
  -74.00     0.00     -15.97    0.49    0.58    0.12785    85.46  RIGHT     1.70081E-01  -107.81    1.13045E+00  -166.57
  -72.00     0.00     -14.93    0.49    0.61    0.14327    84.82  RIGHT     1.91617E-01  -107.82    1.13045E+00  -166.26
  -70.00     0.00     -14.00    0.49    0.64    0.15854    84.16  RIGHT     2.13231E-01  -107.83    1.13045E+00  -165.95
  -68.00     0.00     -13.16    0.49    0.67    0.17364    83.48  RIGHT     2.34920E-01  -107.85    1.13045E+00  -165.64
  -66.00     0.00     -12.39    0.49    0.70    0.18854    82.78  RIGHT     2.56678E-01  -107.86    1.13045E+00  -165.34
  -64.00     0.00     -11.68    0.49    0.74    0.20322    82.06  RIGHT     2.78497E-01  -107.88    1.13045E+00  -165.04
  -62.00     0.00     -11.03    0.49    0.78    0.21765    81.32  RIGHT     3.00363E-01  -107.89    1.13045E+00  -164.75
  -60.00     0.00     -10.42    0.49    0.83    0.23182    80.56  RIGHT     3.22261E-01  -107.91    1.13045E+00  -164.47
  -58.00     0.00      -9.84    0.49    0.87    0.24568    79.78  RIGHT     3.44169E-01  -107.93    1.13045E+00  -164.19
  -56.00     0.00      -9.31    0.49    0.92    0.25920    78.98  RIGHT     3.66063E-01  -107.95    1.13045E+00  -163.91
  -54.00     0.00      -8.80    0.49    0.97    0.27236    78.16  RIGHT     3.87912E-01  -107.97    1.13045E+00  -163.65
  -52.00     0.00      -8.33    0.49    1.02    0.28512    77.32  RIGHT     4.09685E-01  -107.98    1.13045E+00  -163.38
  -50.00     0.00      -7.88    0.49    1.08    0.29744    76.47  RIGHT     4.31343E-01  -108.00    1.13045E+00  -163.13
  -48.00     0.00      -7.46    0.49    1.13    0.30929    75.61  RIGHT     4.52845E-01  -108.02    1.13045E+00  -162.88
  -46.00     0.00      -7.06    0.49    1.19    0.32065    74.74  RIGHT     4.74145E-01  -108.04    1.13045E+00  -162.64
  -44.00     0.00      -6.68    0.49    1.25    0.33148    73.86  RIGHT     4.95194E-01  -108.06    1.13045E+00  -162.41
  -42.00     0.00      -6.33    0.49    1.31    0.34176    72.97  RIGHT     5.15938E-01  -108.08    1.13045E+00  -162.19
  -40.00     0.00      -5.99    0.49    1.37    0.35147    72.09  RIGHT     5.36320E-01  -108.10    1.13045E+00  -161.98
  -38.00     0.00      -5.67    0.49    1.43    0.36059    71.21  RIGHT     5.56283E-01  -108.11    1.13045E+00  -161.77
  -36.00     0.00      -5.37    0.49    1.49    0.36911    70.34  RIGHT     5.75763E-01  -108.13    1.13045E+00  -161.57
  -34.00     0.00      -5.09    0.49    1.55    0.37702    69.48  RIGHT     5.94698E-01  -108.15    1.13045E+00  -161.39
  -32.00     0.00      -4.83    0.49    1.61    0.38433    68.64  RIGHT     6.13021E-01  -108.16    1.13045E+00  -161.21
  -30.00     0.00      -4.58    0.49    1.66    0.39103    67.82  RIGHT     6.30666E-01  -108.18    1.13045E+00  -161.04
  -28.00     0.00      -4.35    0.49    1.72    0.39714    67.03  RIGHT     6.47566E-01  -108.19    1.13045E+00  -160.88
  -26.00     0.00      -4.14    0.49    1.77    0.40268    66.27  RIGHT     6.63654E-01  -108.21    1.13045E+00  -160.73
  -24.00     0.00      -3.94    0.49    1.82    0.40765    65.54  RIGHT     6.78865E-01  -108.22    1.13045E+00  -160.59
  -22.00     0.00      -3.76    0.49    1.87    0.41209    64.86  RIGHT     6.93135E-01  -108.23    1.13045E+00  -160.47
  -20.00     0.00      -3.60    0.49    1.92    0.41602    64.23  RIGHT     7.06399E-01  -108.24    1.13045E+00  -160.35
  -18.00     0.00      -3.45    0.49    1.96    0.41947    63.64  RIGHT     7.18600E-01  -108.25    1.13045E+00  -160.24
  -16.00     0.00      -3.32    0.49    2.00    0.42246    63.10  RIGHT     7.29681E-01  -108.26    1.13045E+00  -160.15
  -14.00     0.00      -3.20    0.49    2.03    0.42502    62.62  RIGHT     7.39590E-01  -108.27    1.13045E+00  -160.06
  -12.00     0.00      -3.10    0.49    2.06    0.42718    62.20  RIGHT     7.48279E-01  -108.28    1.13045E+00  -159.99
  -10.00     0.00      -3.01    0.49    2.09    0.42896    61.84  RIGHT     7.55707E-01  -108.29    1.13045E+00  -159.93
   -8.00     0.00      -2.94    0.49    2.11    0.43038    61.55  RIGHT     7.61835E-01  -108.29    1.13045E+00  -159.88
   -6.00     0.00      -2.89    0.49    2.13    0.43147    61.31  RIGHT     7.66634E-01  -108.29    1.13045E+00  -159.84
   -4.00     0.00      -2.85    0.49    2.14    0.43223    61.15  RIGHT     7.70080E-01  -108.30    1.13045E+00  -159.81
   -2.00     0.00      -2.83    0.49    2.15    0.43269    61.05  RIGHT     7.72154E-01  -108.30    1.13045E+00  -159.79
    0.00     0.00      -2.82    0.49    2.15    0.43284    61.01  RIGHT     7.72847E-01  -108.30    1.13045E+00  -159.78
    2.00     0.00      -2.83    0.49    2.15    0.43269    61.05  RIGHT     7.72154E-01  -108.30    1.13045E+00  -159.79
    4.00     0.00      -2.85    0.49    2.14    0.43223    61.15  RIGHT     7.70080E-01  -108.30    1.13045E+00  -159.81
    6.00     0.00      -2.89    0.49    2.13    0.43147    61.31  RIGHT     7.66634E-01  -108.29    1.13045E+00  -159.84
    8.00     0.00      -2.94    0.49    2.11    0.43038    61.55  RIGHT     7.61835E-01  -108.29    1.13045E+00  -159.88
   10.00     0.00      -3.01    0.49    2.09    0.42896    61.84  RIGHT     7.55707E-01  -108.29    1.13045E+00  -159.93
   12.00     0.00      -3.10    0.49    2.06    0.42718    62.20  RIGHT     7.48279E-01  -108.28    1.13045E+00  -159.99
   14.00     0.00      -3.20    0.49    2.03    0.42502    62.62  RIGHT     7.39590E-01  -108.27    1.13045E+00  -160.06
   16.00     0.00      -3.32    0.49    2.00    0.42246    63.10  RIGHT     7.29681E-01  -108.26    1.13045E+00  -160.15
   18.00     0.00      -3.45    0.49    1.96    0.41947    63.64  RIGHT     7.18600E-01  -108.25    1.13045E+00  -160.24
   20.00     0.00      -3.60    0.49    1.92    0.41602    64.23  RIGHT     7.06399E-01  -108.24    1.13045E+00  -160.35
   22.00     0.00      -3.76    0.49    1.87    0.41209    64.86  RIGHT     6.93135E-01  -108.23    1.13045E+00  -160.47
   24.00     0.00      -3.94    0.49    1.82    0.40765    65.54  RIGHT     6.78865E-01  -108.22    1.13045E+00  -160.59
   26.00     0.00      -4.14    0.49    1.77    0.40268    66.27  RIGHT     6.63654E-01  -108.21    1.13045E+00  -160.73
   28.00     0.00      -4.35    0.49    1.72    0.39714    67.03  RIGHT     6.47566E-01  -108.19    1.13045E+00  -160.88
   30.00     0.00      -4.58    0.49    1.66    0.39103    67.82  RIGHT     6.30666E-01  -108.18    1.13045E+00  -161.04
   32.00     0.00      -4.83    0.49    1.61    0.38433    68.64  RIGHT     6.13021E-01  -108.16    1.13045E+00  -161.21
   34.00     0.00      -5.09    0.49    1.55    0.37702    69.48  RIGHT     5.94698E-01  -108.15    1.13045E+00  -161.39
   36.00     0.00      -5.37    0.49    1.49    0.36911    70.34  RIGHT     5.75763E-01  -108.13    1.13045E+00  -161.57
   38.00     0.00      -5.67    0.49    1.43    0.36059    71.21  RIGHT     5.56283E-01  -108.11    1.13045E+00  -161.77
   40.00     0.00      -5.99    0.49    1.37    0.35147    72.09  RIGHT     5.36320E-01  -108.10    1.13045E+00  -161.98
   42.00     0.00      -6.33    0.49    1.31    0.34176    72.97  RIGHT     5.15938E-01  -108.08    1.13045E+00  -162.19
   44.00     0.00      -6.68    0.49    1.25    0.33148    73.86  RIGHT     4.95194E-01  -108.06    1.13045E+00  -162.41
   46.00     0.00      -7.06    0.49    1.19    0.32065    74.74  RIGHT     4.74145E-01  -108.04    1.13045E+00  -162.64
   48.00     0.00      -7.46    0.49    1.13    0.30929    75.61  RIGHT     4.52845E-01  -108.02    1.13045E+00  -162.88
   50.00     0.00      -7.88    0.49    1.08    0.29744    76.47  RIGHT     4.31343E-01  -108.00    1.13045E+00  -163.13
   52.00     0.00      -8.33    0.49    1.02    0.28512    77.32  RIGHT     4.09685E-01  -107.98    1.13045E+00  -163.38
   54.00     0.00      -8.80    0.49    0.97    0.27236    78.16  RIGHT     3.87912E-01  -107.97    1.13045E+00  -163.65
   56.00     0.00      -9.31    0.49    0.92    0.25920    78.98  RIGHT     3.66063E-01  -107.95    1.13045E+00  -163.91
   58.00     0.00      -9.84    0.49    0.87    0.24568    79.78  RIGHT     3.44169E-01  -107.93    1.13045E+00  -164.19
   60.00     0.00     -10.42    0.49    0.83    0.23182    80.56  RIGHT     3.22261E-01  -107.91    1.13045E+00  -164.47
   62.00     0.00     -11.03    0.49    0.78    0.21765    81.32  RIGHT     3.00363E-01  -107.89    1.13045E+00  -164.75
   64.00     0.00     -11.68    0.49    0.74    0.20322    82.06  RIGHT     2.78497E-01  -107.88    1.13045E+00  -165.04
   66.00     0.00     -12.39    0.49    0.70    0.18854    82.78  RIGHT     2.56678E-01  -107.86    1.13045E+00  -165.34
   68.00     0.00     -13.16    0.49    0.67    0.17364    83.48  RIGHT     2.34920E-01  -107.85    1.13045E+00  -165.64
   70.00     0.00     -14.00    0.49    0.64    0.15854    84.16  RIGHT     2.13231E-01  -107.83    1.13045E+00  -165.95
   72.00     0.00     -14.93    0.49    0.61    0.14327    84.82  RIGHT     1.91617E-01  -107.82    1.13045E+00  -166.26
   74.00     0.00     -15.97    0.49    0.58    0.12785    85.46  RIGHT     1.70081E-01  -107.81    1.13045E+00  -166.57
   76.00     0.00     -17.14    0.49    0.56    0.11227    86.09  RIGHT     1.48622E-01  -107.80    1.13045E+00  -166.88
   78.00     0.00     -18.49    0.49    0.54    0.09657    86.69  RIGHT     1.27236E-01  -107.79    1.13045E+00  -167.20
   80.00     0.00     -20.08    0.49    0.52    0.08075    87.28  RIGHT     1.05917E-01  -107.78    1.13045E+00  -167.52
   82.00     0.00     -22.03    0.49    0.51    0.06481    87.85  RIGHT     8.46574E-02  -107.78    1.13045E+00  -167.85
   84.00     0.00     -24.53    0.49    0.50    0.04876    88.41  RIGHT     6.34477E-02  -107.77    1.13045E+00  -168.17
   86.00     0.00     -28.06    0.49    0.49    0.03261    88.95  RIGHT     4.22765E-02  -107.77    1.13045E+00  -168.50
   88.00     0.00     -34.08    0.49    0.49    0.01636    89.48  RIGHT     2.11316E-02  -107.77    1.13045E+00  -168.82
   90.00     0.00    -999.99    0.49    0.49    0.00000   -90.00  LINEAR    3.08915E-12    72.24    1.13045E+00  -169.15
   92.00     0.00     -34.08    0.49    0.49    0.01646   -89.49  LEFT      2.11316E-02    72.23    1.13045E+00  -169.48
   94.00     0.00     -28.06    0.49    0.49    0.03302   -88.99  LEFT      4.22765E-02    72.23    1.13045E+00  -169.80
   96.00     0.00     -24.53    0.49    0.50    0.04969   -88.50  LEFT      6.34477E-02    72.23    1.13045E+00  -170.13
   98.00     0.00     -22.03    0.49    0.51    0.06645   -88.02  LEFT      8.46574E-02    72.22    1.13045E+00  -170.45
  100.00     0.00     -20.08    0.49    0.52    0.08333   -87.55  LEFT      1.05917E-01    72.22    1.13045E+00  -170.78
  102.00     0.00     -18.49    0.49    0.54    0.10030   -87.08  LEFT      1.27236E-01    72.21    1.13045E+00  -171.10
  104.00     0.00     -17.14    0.49    0.56    0.11737   -86.61  LEFT      1.48622E-01    72.20    1.13045E+00  -171.42
  106.00     0.00     -15.97    0.49    0.58    0.13454   -86.15  LEFT      1.70081E-01    72.19    1.13045E+00  -171.73
  108.00     0.00     -14.93    0.49    0.61    0.15179   -85.68  LEFT      1.91617E-01    72.18    1.13045E+00  -172.05
  110.00     0.00     -14.00    0.49    0.64    0.16913   -85.22  LEFT      2.13231E-01    72.17    1.13045E+00  -172.35
  112.00     0.00     -13.16    0.49    0.67    0.18654   -84.76  LEFT      2.34920E-01    72.15    1.13045E+00  -172.66
  114.00     0.00     -12.39    0.49    0.70    0.20400   -84.30  LEFT      2.56678E-01    72.14    1.13045E+00  -172.96
  116.00     0.00     -11.68    0.49    0.74    0.22150   -83.84  LEFT      2.78497E-01    72.12    1.13045E+00  -173.26
  118.00     0.00     -11.03    0.49    0.78    0.23903   -83.37  LEFT      3.00363E-01    72.11    1.13045E+00  -173.55
  120.00     0.00     -10.42    0.49    0.83    0.25655   -82.90  LEFT      3.22261E-01    72.09    1.13045E+00  -173.83
  122.00     0.00      -9.84    0.49    0.87    0.27405   -82.42  LEFT      3.44169E-01    72.07    1.13045E+00  -174.11
  124.00     0.00      -9.31    0.49    0.92    0.29148   -81.94  LEFT      3.66063E-01    72.05    1.13045E+00  -174.39
  126.00     0.00      -8.80    0.49    0.97    0.30883   -81.45  LEFT      3.87912E-01    72.03    1.13045E+00  -174.66
  128.00     0.00      -8.33    0.49    1.02    0.32606   -80.95  LEFT      4.09685E-01    72.02    1.13045E+00  -174.92
  130.00     0.00      -7.88    0.49    1.08    0.34312   -80.44  LEFT      4.31343E-01    72.00    1.13045E+00  -175.17
  132.00     0.00      -7.46    0.49    1.13    0.35997   -79.93  LEFT      4.52845E-01    71.98    1.13045E+00  -175.42
  134.00     0.00      -7.06    0.49    1.19    0.37658   -79.41  LEFT      4.74145E-01    71.96    1.13045E+00  -175.66
  136.00     0.00      -6.68    0.49    1.25    0.39289   -78.87  LEFT      4.95194E-01    71.94    1.13045E+00  -175.89
  138.00     0.00      -6.33    0.49    1.31    0.40886   -78.34  LEFT      5.15938E-01    71.92    1.13045E+00  -176.11
  140.00     0.00      -5.99    0.49    1.37    0.42443   -77.79  LEFT      5.36320E-01    71.90    1.13045E+00  -176.33
  142.00     0.00      -5.67    0.49    1.43    0.43957   -77.23  LEFT      5.56283E-01    71.89    1.13045E+00  -176.53
  144.00     0.00      -5.37    0.49    1.49    0.45420   -76.67  LEFT      5.75763E-01    71.87    1.13045E+00  -176.73
  146.00     0.00      -5.09    0.49    1.55    0.46830   -76.11  LEFT      5.94698E-01    71.85    1.13045E+00  -176.92
  148.00     0.00      -4.83    0.49    1.61    0.48181   -75.54  LEFT      6.13021E-01    71.84    1.13045E+00  -177.09
  150.00     0.00      -4.58    0.49    1.66    0.49469   -74.98  LEFT      6.30666E-01    71.82    1.13045E+00  -177.26
  152.00     0.00      -4.35    0.49    1.72    0.50688   -74.42  LEFT      6.47566E-01    71.81    1.13045E+00  -177.42
  154.00     0.00      -4.14    0.49    1.77    0.51836   -73.86  LEFT      6.63654E-01    71.79    1.13045E+00  -177.57
  156.00     0.00      -3.94    0.49    1.82    0.52909   -73.32  LEFT      6.78865E-01    71.78    1.13045E+00  -177.71
  158.00     0.00      -3.76    0.49    1.87    0.53904   -72.80  LEFT      6.93135E-01    71.77    1.13045E+00  -177.84
  160.00     0.00      -3.60    0.49    1.92    0.54817   -72.29  LEFT      7.06399E-01    71.76    1.13045E+00  -177.95
  162.00     0.00      -3.45    0.49    1.96    0.55648   -71.81  LEFT      7.18600E-01    71.75    1.13045E+00  -178.06
  164.00     0.00      -3.32    0.49    2.00    0.56393   -71.37  LEFT      7.29681E-01    71.74    1.13045E+00  -178.15
  166.00     0.00      -3.20    0.49    2.03    0.57052   -70.96  LEFT      7.39590E-01    71.73    1.13045E+00  -178.24
  168.00     0.00      -3.10    0.49    2.06    0.57625   -70.59  LEFT      7.48279E-01    71.72    1.13045E+00  -178.31
  170.00     0.00      -3.01    0.49    2.09    0.58109   -70.27  LEFT      7.55707E-01    71.71    1.13045E+00  -178.37
  172.00     0.00      -2.94    0.49    2.11    0.58506   -70.00  LEFT      7.61835E-01    71.71    1.13045E+00  -178.43
  174.00     0.00      -2.89    0.49    2.13    0.58814   -69.79  LEFT      7.66634E-01    71.71    1.13045E+00  -178.47
  176.00     0.00      -2.85    0.49    2.14    0.59035   -69.63  LEFT      7.70080E-01    71.70    1.13045E+00  -178.49
  178.00     0.00      -2.83    0.49    2.15    0.59167   -69.54  LEFT      7.72154E-01    71.70    1.13045E+00  -178.51
  180.00     0.00      -2.82    0.49    2.15    0.59211   -69.51  LEFT      7.72847E-01    71.70    1.13045E+00  -178.52




                                 - - - - - - FREQUENCY - - - - - -

                                    FREQUENCY= 1.5700E+03 MHZ
                                    WAVELENGTH= 1.9096E-01 METERS




                    APPROXIMATE INTEGRATION EMPLOYED FOR SEGMENTS MORE THAN   1.000 WAVELENGTHS APART

                    THE EXTENDED THIN WIRE KERNEL WILL BE USED



                               - - - STRUCTURE IMPEDANCE LOADING - - -

                                   THIS STRUCTURE IS NOT LOADED



                                  - - - ANTENNA ENVIRONMENT - - -

                                            FREE SPACE



                                - - - MATRIX TIMING - - -

                        FILL=    0.000 SEC.,  FACTOR=    0.000 SEC.



                                            - - - NETWORK DATA - - -

      - FROM -    - TO -           TRANSMISSION LINE               -  -  SHUNT ADMITTANCES (MHOS)  -  -              LINE
      TAG  SEG.   TAG  SEG.      IMPEDANCE      LENGTH            - END ONE -                 - END TWO -            TYPE
      NO.   NO.   NO.   NO.         OHMS        METERS         REAL          IMAG.         REAL          IMAG.
        1    11     2    32     5.0000E+01    4.2500E-02    0.0000E+00    0.0000E+00    0.0000E+00    0.0000E+00   STRAIGHT



                           - - - STRUCTURE EXCITATION DATA AT NETWORK CONNECTION POINTS - - -

   TAG   SEG.    VOLTAGE (VOLTS)         CURRENT (AMPS)         IMPEDANCE (OHMS)        ADMITTANCE (MHOS)      POWER
   NO.   NO.    REAL        IMAG.       REAL        IMAG.       REAL        IMAG.       REAL        IMAG.     (WATTS)
     1    11 7.93755E-01-1.27206E+00 4.42949E-03-1.75369E-02 7.89328E+01 2.53250E+01 1.14866E-02-3.68538E-03 1.29120E-02
     2    32 1.00000E+00 0.00000E+00 1.14866E-02-3.68538E-03 7.89328E+01 2.53250E+01 1.14866E-02-3.68538E-03 5.74329E-03



                                          - - - ANTENNA INPUT PARAMETERS - - -

   TAG   SEG.    VOLTAGE (VOLTS)         CURRENT (AMPS)         IMPEDANCE (OHMS)        ADMITTANCE (MHOS)      POWER
   NO.   NO.    REAL        IMAG.       REAL        IMAG.       REAL        IMAG.       REAL        IMAG.     (WATTS)
     2    32 1.00000E+00 0.00000E+00 3.73105E-02 8.94639E-03 2.53449E+01-6.07725E+00 3.73105E-02 8.94639E-03 1.86553E-02



                             - - - CURRENTS AND LOCATION - - -

                                 DISTANCES IN WAVELENGTHS


  SEG.  TAG    COORD. OF SEG. CENTER     SEG.            - - - CURRENT (AMPS) - - -
  NO.   NO.     X        Y        Z      LENGTH     REAL        IMAG.       MAG.        PHASE
     1    1   0.0000  -0.2319   0.0262  0.02319   2.3061E-04 -2.1040E-03  2.1166E-03  -83.745
     2    1   0.0000  -0.2087   0.0262  0.02319   6.1024E-04 -5.1713E-03  5.2072E-03  -83.270
     3    1   0.0000  -0.1855   0.0262  0.02319   9.9172E-04 -7.8077E-03  7.8704E-03  -82.761
     4    1   0.0000  -0.1623   0.0262  0.02319   1.3895E-03 -1.0170E-02  1.0264E-02  -82.220
     5    1   0.0000  -0.1391   0.0262  0.02319   1.8015E-03 -1.2252E-02  1.2383E-02  -81.635
     6    1   0.0000  -0.1160   0.0262  0.02319   2.2240E-03 -1.4030E-02  1.4206E-02  -80.993
     7    1   0.0000  -0.0928   0.0262  0.02319   2.6533E-03 -1.5480E-02  1.5706E-02  -80.274
     8    1   0.0000  -0.0696   0.0262  0.02319   3.0869E-03 -1.6577E-02  1.6862E-02  -79.451
     9    1   0.0000  -0.0464   0.0262  0.02319   3.5265E-03 -1.7295E-02  1.7651E-02  -78.476
    10    1   0.0000  -0.0232   0.0262  0.02319   3.9969E-03 -1.7605E-02  1.8053E-02  -77.209
    11    1   0.0000   0.0000   0.0262  0.02319   4.4295E-03 -1.7537E-02  1.8088E-02  -75.825
    12    1   0.0000   0.0232   0.0262  0.02319   3.9968E-03 -1.7605E-02  1.8053E-02  -77.209
    13    1   0.0000   0.0464   0.0262  0.02319   3.5265E-03 -1.7295E-02  1.7651E-02  -78.476
    14    1   0.0000   0.0696   0.0262  0.02319   3.0869E-03 -1.6577E-02  1.6862E-02  -79.451
    15    1   0.0000   0.0928   0.0262  0.02319   2.6533E-03 -1.5480E-02  1.5706E-02  -80.274
    16    1   0.0000   0.1160   0.0262  0.02319   2.2240E-03 -1.4030E-02  1.4206E-02  -80.993
    17    1   0.0000   0.1391   0.0262  0.02319   1.8015E-03 -1.2252E-02  1.2383E-02  -81.635
    18    1   0.0000   0.1623   0.0262  0.02319   1.3895E-03 -1.0170E-02  1.0264E-02  -82.220
    19    1   0.0000   0.1855   0.0262  0.02319   9.9172E-04 -7.8077E-03  7.8704E-03  -82.761
    20    1   0.0000   0.2087   0.0262  0.02319   6.1024E-04 -5.1713E-03  5.2072E-03  -83.270
    21    1   0.0000   0.2319   0.0262  0.02319   2.3061E-04 -2.1040E-03  2.1166E-03  -83.745
    22    2  -0.2319   0.0000   0.0000  0.02319   1.2719E-03 -6.1237E-04  1.4117E-03  -25.709
    23    2  -0.2087   0.0000   0.0000  0.02319   3.1415E-03 -1.4805E-03  3.4729E-03  -25.234
    24    2  -0.1855   0.0000   0.0000  0.02319   4.7679E-03 -2.1955E-03  5.2491E-03  -24.725
    25    2  -0.1623   0.0000   0.0000  0.02319   6.2449E-03 -2.8044E-03  6.8457E-03  -24.184
    26    2  -0.1391   0.0000   0.0000  0.02319   7.5682E-03 -3.3063E-03  8.2589E-03  -23.599
    27    2  -0.1160   0.0000   0.0000  0.02319   8.7238E-03 -3.6952E-03  9.4742E-03  -22.956
    28    2  -0.0928   0.0000   0.0000  0.02319   9.6958E-03 -3.9643E-03  1.0475E-02  -22.238
    29    2  -0.0696   0.0000   0.0000  0.02319   1.0469E-02 -4.1059E-03  1.1246E-02  -21.415
    30    2  -0.0464   0.0000   0.0000  0.02319   1.1031E-02 -4.1111E-03  1.1772E-02  -20.439
    31    2  -0.0232   0.0000   0.0000  0.02319   1.1372E-02 -3.9541E-03  1.2040E-02  -19.173
    32    2   0.0000   0.0000   0.0000  0.02319   1.1487E-02 -3.6854E-03  1.2063E-02  -17.788
    33    2   0.0232   0.0000   0.0000  0.02319   1.1372E-02 -3.9541E-03  1.2040E-02  -19.173
    34    2   0.0464   0.0000   0.0000  0.02319   1.1031E-02 -4.1111E-03  1.1772E-02  -20.439
    35    2   0.0696   0.0000   0.0000  0.02319   1.0469E-02 -4.1059E-03  1.1246E-02  -21.415
    36    2   0.0928   0.0000   0.0000  0.02319   9.6958E-03 -3.9643E-03  1.0475E-02  -22.238
    37    2   0.1160   0.0000   0.0000  0.02319   8.7238E-03 -3.6952E-03  9.4742E-03  -22.956
    38    2   0.1391   0.0000   0.0000  0.02319   7.5682E-03 -3.3063E-03  8.2589E-03  -23.599
    39    2   0.1623   0.0000   0.0000  0.02319   6.2449E-03 -2.8044E-03  6.8457E-03  -24.184
    40    2   0.1855   0.0000   0.0000  0.02319   4.7679E-03 -2.1955E-03  5.2491E-03  -24.725
    41    2   0.2087   0.0000   0.0000  0.02319   3.1415E-03 -1.4805E-03  3.4729E-03  -25.234
    42    2   0.2319   0.0000   0.0000  0.02319   1.2719E-03 -6.1237E-04  1.4117E-03  -25.709



                                        - - - POWER BUDGET - - -

                                           INPUT POWER   = 1.8655E-02 WATTS
                                           RADIATED POWER= 1.8655E-02 WATTS
                                           STRUCTURE LOSS= 0.0000E+00 WATTS
                                           NETWORK LOSS  =-9.7145E-17 WATTS
                                           EFFICIENCY    = 100.00 PERCENT



                                                - - - RADIATION PATTERNS - - -

  - - ANGLES - -           - POWER GAINS -       - - - POLARIZATION - - -    - - - E(THETA) - - -    - - - E(PHI) - - -
  THETA     PHI        VERT.   HOR.    TOTAL      AXIAL     TILT   SENSE     MAGNITUDE    PHASE      MAGNITUDE    PHASE 
 DEGREES  DEGREES       DB      DB      DB        RATIO     DEG.              VOLTS/M    DEGREES      VOLTS/M    DEGREES
 -180.00     0.00      -2.96    0.56    2.16    0.56012   -68.68  LEFT      7.52230E-01    68.17    1.12789E+00  -179.30
 -178.00     0.00      -2.97    0.56    2.15    0.55971   -68.71  LEFT      7.51553E-01    68.17    1.12789E+00  -179.29
 -176.00     0.00      -2.99    0.56    2.15    0.55847   -68.80  LEFT      7.49524E-01    68.17    1.12789E+00  -179.27
 -174.00     0.00      -3.03    0.56    2.14    0.55642   -68.95  LEFT      7.46155E-01    68.17    1.12789E+00  -179.24
 -172.00     0.00      -3.08    0.56    2.12    0.55354   -69.16  LEFT      7.41462E-01    68.18    1.12789E+00  -179.20
 -170.00     0.00      -3.16    0.56    2.10    0.54983   -69.42  LEFT      7.35469E-01    68.18    1.12789E+00  -179.15
 -168.00     0.00      -3.24    0.56    2.07    0.54530   -69.73  LEFT      7.28207E-01    68.19    1.12789E+00  -179.09
 -166.00     0.00      -3.34    0.56    2.04    0.53995   -70.09  LEFT      7.19712E-01    68.20    1.12789E+00  -179.02
 -164.00     0.00      -3.46    0.56    2.01    0.53379   -70.49  LEFT      7.10026E-01    68.20    1.12789E+00  -178.93
 -162.00     0.00      -3.59    0.56    1.97    0.52681   -70.93  LEFT      6.99195E-01    68.21    1.12789E+00  -178.83
 -160.00     0.00      -3.74    0.56    1.93    0.51904   -71.40  LEFT      6.87270E-01    68.22    1.12789E+00  -178.73
 -158.00     0.00      -3.91    0.56    1.89    0.51048   -71.90  LEFT      6.74308E-01    68.24    1.12789E+00  -178.61
 -156.00     0.00      -4.09    0.56    1.84    0.50115   -72.43  LEFT      6.60367E-01    68.25    1.12789E+00  -178.48
 -154.00     0.00      -4.29    0.56    1.79    0.49108   -72.97  LEFT      6.45508E-01    68.26    1.12789E+00  -178.34
 -152.00     0.00      -4.50    0.56    1.74    0.48030   -73.53  LEFT      6.29795E-01    68.28    1.12789E+00  -178.19
 -150.00     0.00      -4.73    0.56    1.68    0.46883   -74.10  LEFT      6.13293E-01    68.29    1.12789E+00  -178.03
 -148.00     0.00      -4.98    0.56    1.63    0.45671   -74.68  LEFT      5.96067E-01    68.31    1.12789E+00  -177.86
 -146.00     0.00      -5.25    0.56    1.57    0.44398   -75.26  LEFT      5.78183E-01    68.32    1.12789E+00  -177.68
 -144.00     0.00      -5.53    0.56    1.51    0.43069   -75.84  LEFT      5.59706E-01    68.34    1.12789E+00  -177.50
 -142.00     0.00      -5.83    0.56    1.46    0.41687   -76.42  LEFT      5.40702E-01    68.36    1.12789E+00  -177.30
 -140.00     0.00      -6.15    0.56    1.40    0.40257   -76.99  LEFT      5.21232E-01    68.38    1.12789E+00  -177.09
 -138.00     0.00      -6.48    0.56    1.34    0.38785   -77.57  LEFT      5.01357E-01    68.40    1.12789E+00  -176.87
 -136.00     0.00      -6.84    0.56    1.28    0.37273   -78.13  LEFT      4.81136E-01    68.42    1.12789E+00  -176.65
 -134.00     0.00      -7.22    0.56    1.23    0.35729   -78.69  LEFT      4.60624E-01    68.43    1.12789E+00  -176.42
 -132.00     0.00      -7.62    0.56    1.17    0.34155   -79.24  LEFT      4.39873E-01    68.45    1.12789E+00  -176.18
 -130.00     0.00      -8.04    0.56    1.12    0.32556   -79.79  LEFT      4.18932E-01    68.47    1.12789E+00  -175.93
 -128.00     0.00      -8.49    0.56    1.07    0.30937   -80.33  LEFT      3.97844E-01    68.49    1.12789E+00  -175.67
 -126.00     0.00      -8.97    0.56    1.02    0.29302   -80.86  LEFT      3.76651E-01    68.51    1.12789E+00  -175.41
 -124.00     0.00      -9.47    0.56    0.97    0.27655   -81.38  LEFT      3.55390E-01    68.53    1.12789E+00  -175.14
 -122.00     0.00     -10.01    0.56    0.92    0.25998   -81.90  LEFT      3.34093E-01    68.55    1.12789E+00  -174.86
 -120.00     0.00     -10.58    0.56    0.88    0.24336   -82.41  LEFT      3.12788E-01    68.57    1.12789E+00  -174.58
 -118.00     0.00     -11.19    0.56    0.84    0.22671   -82.91  LEFT      2.91500E-01    68.59    1.12789E+00  -174.29
 -116.00     0.00     -11.85    0.56    0.80    0.21006   -83.42  LEFT      2.70248E-01    68.60    1.12789E+00  -174.00
 -114.00     0.00     -12.56    0.56    0.77    0.19343   -83.92  LEFT      2.49049E-01    68.62    1.12789E+00  -173.70
 -112.00     0.00     -13.33    0.56    0.73    0.17683   -84.41  LEFT      2.27914E-01    68.63    1.12789E+00  -173.40
 -110.00     0.00     -14.17    0.56    0.70    0.16030   -84.91  LEFT      2.06853E-01    68.65    1.12789E+00  -173.09
 -108.00     0.00     -15.10    0.56    0.68    0.14383   -85.40  LEFT      1.85869E-01    68.66    1.12789E+00  -172.78
 -106.00     0.00     -16.14    0.56    0.65    0.12745   -85.90  LEFT      1.64966E-01    68.67    1.12789E+00  -172.47
 -104.00     0.00     -17.31    0.56    0.63    0.11116   -86.39  LEFT      1.44142E-01    68.68    1.12789E+00  -172.15
 -102.00     0.00     -18.66    0.56    0.61    0.09496   -86.89  LEFT      1.23393E-01    68.69    1.12789E+00  -171.83
 -100.00     0.00     -20.25    0.56    0.59    0.07887   -87.39  LEFT      1.02712E-01    68.70    1.12789E+00  -171.51
  -98.00     0.00     -22.20    0.56    0.58    0.06288   -87.90  LEFT      8.20923E-02    68.71    1.12789E+00  -171.18
  -96.00     0.00     -24.71    0.56    0.57    0.04700   -88.41  LEFT      6.15231E-02    68.71    1.12789E+00  -170.85
  -94.00     0.00     -28.23    0.56    0.56    0.03122   -88.93  LEFT      4.09931E-02    68.72    1.12789E+00  -170.53
  -92.00     0.00     -34.26    0.56    0.56    0.01556   -89.46  LEFT      2.04898E-02    68.72    1.12789E+00  -170.20
  -90.00     0.00    -999.99    0.56    0.56    0.00000   -90.00  LINEAR    2.99532E-12    68.72    1.12789E+00  -169.87
  -88.00     0.00     -34.26    0.56    0.56    0.01545    89.45  RIGHT     2.04898E-02  -111.28    1.12789E+00  -169.54
  -86.00     0.00     -28.23    0.56    0.56    0.03079    88.89  RIGHT     4.09931E-02  -111.28    1.12789E+00  -169.21
  -84.00     0.00     -24.71    0.56    0.57    0.04601    88.32  RIGHT     6.15231E-02  -111.29    1.12789E+00  -168.88
  -82.00     0.00     -22.20    0.56    0.58    0.06113    87.74  RIGHT     8.20923E-02  -111.29    1.12789E+00  -168.56
  -80.00     0.00     -20.25    0.56    0.59    0.07613    87.14  RIGHT     1.02712E-01  -111.30    1.12789E+00  -168.23
  -78.00     0.00     -18.66    0.56    0.61    0.09100    86.53  RIGHT     1.23393E-01  -111.31    1.12789E+00  -167.91
  -76.00     0.00     -17.31    0.56    0.63    0.10575    85.90  RIGHT     1.44142E-01  -111.32    1.12789E+00  -167.59
  -74.00     0.00     -16.14    0.56    0.65    0.12036    85.25  RIGHT     1.64966E-01  -111.33    1.12789E+00  -167.27
  -72.00     0.00     -15.10    0.56    0.68    0.13481    84.58  RIGHT     1.85869E-01  -111.34    1.12789E+00  -166.96
  -70.00     0.00     -14.17    0.56    0.70    0.14910    83.90  RIGHT     2.06853E-01  -111.35    1.12789E+00  -166.65
  -68.00     0.00     -13.33    0.56    0.73    0.16321    83.20  RIGHT     2.27914E-01  -111.37    1.12789E+00  -166.34
  -66.00     0.00     -12.56    0.56    0.77    0.17712    82.48  RIGHT     2.49049E-01  -111.38    1.12789E+00  -166.04
  -64.00     0.00     -11.85    0.56    0.80    0.19081    81.75  RIGHT     2.70248E-01  -111.40    1.12789E+00  -165.74
  -62.00     0.00     -11.19    0.56    0.84    0.20425    80.99  RIGHT     2.91500E-01  -111.41    1.12789E+00  -165.44
  -60.00     0.00     -10.58    0.56    0.88    0.21742    80.21  RIGHT     3.12788E-01  -111.43    1.12789E+00  -165.16
  -58.00     0.00     -10.01    0.56    0.92    0.23029    79.42  RIGHT     3.34093E-01  -111.45    1.12789E+00  -164.87
  -56.00     0.00      -9.47    0.56    0.97    0.24283    78.61  RIGHT     3.55390E-01  -111.47    1.12789E+00  -164.60
  -54.00     0.00      -8.97    0.56    1.02    0.25501    77.79  RIGHT     3.76651E-01  -111.49    1.12789E+00  -164.33
  -52.00     0.00      -8.49    0.56    1.07    0.26680    76.95  RIGHT     3.97844E-01  -111.51    1.12789E+00  -164.07
  -50.00     0.00      -8.04    0.56    1.12    0.27818    76.10  RIGHT     4.18932E-01  -111.53    1.12789E+00  -163.81
  -48.00     0.00      -7.62    0.56    1.17    0.28911    75.24  RIGHT     4.39873E-01  -111.55    1.12789E+00  -163.56
  -46.00     0.00      -7.22    0.56    1.23    0.29957    74.38  RIGHT     4.60624E-01  -111.57    1.12789E+00  -163.32
  -44.00     0.00      -6.84    0.56    1.28    0.30953    73.50  RIGHT     4.81136E-01  -111.58    1.12789E+00  -163.09
  -42.00     0.00      -6.48    0.56    1.34    0.31897    72.63  RIGHT     5.01357E-01  -111.60    1.12789E+00  -162.86
  -40.00     0.00      -6.15    0.56    1.40    0.32788    71.76  RIGHT     5.21232E-01  -111.62    1.12789E+00  -162.65
  -38.00     0.00      -5.83    0.56    1.46    0.33624    70.90  RIGHT     5.40702E-01  -111.64    1.12789E+00  -162.44
  -36.00     0.00      -5.53    0.56    1.51    0.34404    70.05  RIGHT     5.59706E-01  -111.66    1.12789E+00  -162.24
  -34.00     0.00      -5.25    0.56    1.57    0.35128    69.22  RIGHT     5.78183E-01  -111.68    1.12789E+00  -162.05
  -32.00     0.00      -4.98    0.56    1.63    0.35796    68.40  RIGHT     5.96067E-01  -111.69    1.12789E+00  -161.88
  -30.00     0.00      -4.73    0.56    1.68    0.36409    67.61  RIGHT     6.13293E-01  -111.71    1.12789E+00  -161.71
  -28.00     0.00      -4.50    0.56    1.74    0.36968    66.84  RIGHT     6.29795E-01  -111.72    1.12789E+00  -161.55
  -26.00     0.00      -4.29    0.56    1.79    0.37474    66.11  RIGHT     6.45508E-01  -111.74    1.12789E+00  -161.40
  -24.00     0.00      -4.09    0.56    1.84    0.37929    65.42  RIGHT     6.60367E-01  -111.75    1.12789E+00  -161.26
  -22.00     0.00      -3.91    0.56    1.89    0.38335    64.76  RIGHT     6.74308E-01  -111.76    1.12789E+00  -161.13
  -20.00     0.00      -3.74    0.56    1.93    0.38695    64.16  RIGHT     6.87270E-01  -111.78    1.12789E+00  -161.01
  -18.00     0.00      -3.59    0.56    1.97    0.39010    63.59  RIGHT     6.99195E-01  -111.79    1.12789E+00  -160.90
  -16.00     0.00      -3.46    0.56    2.01    0.39284    63.08  RIGHT     7.10026E-01  -111.80    1.12789E+00  -160.81
  -14.00     0.00      -3.34    0.56    2.04    0.39519    62.63  RIGHT     7.19712E-01  -111.80    1.12789E+00  -160.72
  -12.00     0.00      -3.24    0.56    2.07    0.39717    62.23  RIGHT     7.28207E-01  -111.81    1.12789E+00  -160.65
  -10.00     0.00      -3.16    0.56    2.10    0.39881    61.89  RIGHT     7.35469E-01  -111.82    1.12789E+00  -160.59
   -8.00     0.00      -3.08    0.56    2.12    0.40012    61.60  RIGHT     7.41462E-01  -111.82    1.12789E+00  -160.53
   -6.00     0.00      -3.03    0.56    2.14    0.40112    61.38  RIGHT     7.46155E-01  -111.83    1.12789E+00  -160.49
   -4.00     0.00      -2.99    0.56    2.15    0.40183    61.22  RIGHT     7.49524E-01  -111.83    1.12789E+00  -160.47
   -2.00     0.00      -2.97    0.56    2.15    0.40225    61.13  RIGHT     7.51553E-01  -111.83    1.12789E+00  -160.45
    0.00     0.00      -2.96    0.56    2.16    0.40238    61.10  RIGHT     7.52230E-01  -111.83    1.12789E+00  -160.44
    2.00     0.00      -2.97    0.56    2.15    0.40225    61.13  RIGHT     7.51553E-01  -111.83    1.12789E+00  -160.45
    4.00     0.00      -2.99    0.56    2.15    0.40183    61.22  RIGHT     7.49524E-01  -111.83    1.12789E+00  -160.47
    6.00     0.00      -3.03    0.56    2.14    0.40112    61.38  RIGHT     7.46155E-01  -111.83    1.12789E+00  -160.49
    8.00     0.00      -3.08    0.56    2.12    0.40012    61.60  RIGHT     7.41462E-01  -111.82    1.12789E+00  -160.53
   10.00     0.00      -3.16    0.56    2.10    0.39881    61.89  RIGHT     7.35469E-01  -111.82    1.12789E+00  -160.59
   12.00     0.00      -3.24    0.56    2.07    0.39717    62.23  RIGHT     7.28207E-01  -111.81    1.12789E+00  -160.65
   14.00     0.00      -3.34    0.56    2.04    0.39519    62.63  RIGHT     7.19712E-01  -111.80    1.12789E+00  -160.72
   16.00     0.00      -3.46    0.56    2.01    0.39284    63.08  RIGHT     7.10026E-01  -111.80    1.12789E+00  -160.81
   18.00     0.00      -3.59    0.56    1.97    0.39010    63.59  RIGHT     6.99195E-01  -111.79    1.12789E+00  -160.90
   20.00     0.00      -3.74    0.56    1.93    0.38695    64.16  RIGHT     6.87270E-01  -111.78    1.12789E+00  -161.01
   22.00     0.00      -3.91    0.56    1.89    0.38335    64.76  RIGHT     6.74308E-01  -111.76    1.12789E+00  -161.13
   24.00     0.00      -4.09    0.56    1.84    0.37929    65.42  RIGHT     6.60367E-01  -111.75    1.12789E+00  -161.26
   26.00     0.00      -4.29    0.56    1.79    0.37474    66.11  RIGHT     6.45508E-01  -111.74    1.12789E+00  -161.40
   28.00     0.00      -4.50    0.56    1.74    0.36968    66.84  RIGHT     6.29795E-01  -111.72    1.12789E+00  -161.55
   30.00     0.00      -4.73    0.56    1.68    0.36409    67.61  RIGHT     6.13293E-01  -111.71    1.12789E+00  -161.71
   32.00     0.00      -4.98    0.56    1.63    0.35796    68.40  RIGHT     5.96067E-01  -111.69    1.12789E+00  -161.88
   34.00     0.00      -5.25    0.56    1.57    0.35128    69.22  RIGHT     5.78183E-01  -111.68    1.12789E+00  -162.05
   36.00     0.00      -5.53    0.56    1.51    0.34404    70.05  RIGHT     5.59706E-01  -111.66    1.12789E+00  -162.24
   38.00     0.00      -5.83    0.56    1.46    0.33624    70.90  RIGHT     5.40702E-01  -111.64    1.12789E+00  -162.44
   40.00     0.00      -6.15    0.56    1.40    0.32788    71.76  RIGHT     5.21232E-01  -111.62    1.12789E+00  -162.65
   42.00     0.00      -6.48    0.56    1.34    0.31897    72.63  RIGHT     5.01357E-01  -111.60    1.12789E+00  -162.86
   44.00     0.00      -6.84    0.56    1.28    0.30953    73.50  RIGHT     4.81136E-01  -111.58    1.12789E+00  -163.09
   46.00     0.00      -7.22    0.56    1.23    0.29957    74.38  RIGHT     4.60624E-01  -111.57    1.12789E+00  -163.32
   48.00     0.00      -7.62    0.56    1.17    0.28911    75.24  RIGHT     4.39873E-01  -111.55    1.12789E+00  -163.56
   50.00     0.00      -8.04    0.56    1.12    0.27818    76.10  RIGHT     4.18932E-01  -111.53    1.12789E+00  -163.81
   52.00     0.00      -8.49    0.56    1.07    0.26680    76.95  RIGHT     3.97844E-01  -111.51    1.12789E+00  -164.07
   54.00     0.00      -8.97    0.56    1.02    0.25501    77.79  RIGHT     3.76651E-01  -111.49    1.12789E+00  -164.33
   56.00     0.00      -9.47    0.56    0.97    0.24283    78.61  RIGHT     3.55390E-01  -111.47    1.12789E+00  -164.60
   58.00     0.00     -10.01    0.56    0.92    0.23029    79.42  RIGHT     3.34093E-01  -111.45    1.12789E+00  -164.87
   60.00     0.00     -10.58    0.56    0.88    0.21742    80.21  RIGHT     3.12788E-01  -111.43    1.12789E+00  -165.16
   62.00     0.00     -11.19    0.56    0.84    0.20425    80.99  RIGHT     2.91500E-01  -111.41    1.12789E+00  -165.44
   64.00     0.00     -11.85    0.56    0.80    0.19081    81.75  RIGHT     2.70248E-01  -111.40    1.12789E+00  -165.74
   66.00     0.00     -12.56    0.56    0.77    0.17712    82.48  RIGHT     2.49049E-01  -111.38    1.12789E+00  -166.04
   68.00     0.00     -13.33    0.56    0.73    0.16321    83.20  RIGHT     2.27914E-01  -111.37    1.12789E+00  -166.34
   70.00     0.00     -14.17    0.56    0.70    0.14910    83.90  RIGHT     2.06853E-01  -111.35    1.12789E+00  -166.65
   72.00     0.00     -15.10    0.56    0.68    0.13481    84.58  RIGHT     1.85869E-01  -111.34    1.12789E+00  -166.96
   74.00     0.00     -16.14    0.56    0.65    0.12036    85.25  RIGHT     1.64966E-01  -111.33    1.12789E+00  -167.27
   76.00     0.00     -17.31    0.56    0.63    0.10575    85.90  RIGHT     1.44142E-01  -111.32    1.12789E+00  -167.59
   78.00     0.00     -18.66    0.56    0.61    0.09100    86.53  RIGHT     1.23393E-01  -111.31    1.12789E+00  -167.91
   80.00     0.00     -20.25    0.56    0.59    0.07613    87.14  RIGHT     1.02712E-01  -111.30    1.12789E+00  -168.23
   82.00     0.00     -22.20    0.56    0.58    0.06113    87.74  RIGHT     8.20923E-02  -111.29    1.12789E+00  -168.56
   84.00     0.00     -24.71    0.56    0.57    0.04601    88.32  RIGHT     6.15231E-02  -111.29    1.12789E+00  -168.88
   86.00     0.00     -28.23    0.56    0.56    0.03079    88.89  RIGHT     4.09931E-02  -111.28    1.12789E+00  -169.21
   88.00     0.00     -34.26    0.56    0.56    0.01545    89.45  RIGHT     2.04898E-02  -111.28    1.12789E+00  -169.54
   90.00     0.00    -999.99    0.56    0.56    0.00000   -90.00  LINEAR    2.99532E-12    68.72    1.12789E+00  -169.87
   92.00     0.00     -34.26    0.56    0.56    0.01556   -89.46  LEFT      2.04898E-02    68.72    1.12789E+00  -170.20
   94.00     0.00     -28.23    0.56    0.56    0.03122   -88.93  LEFT      4.09931E-02    68.72    1.12789E+00  -170.53
   96.00     0.00     -24.71    0.56    0.57    0.04700   -88.41  LEFT      6.15231E-02    68.71    1.12789E+00  -170.85
   98.00     0.00     -22.20    0.56    0.58    0.06288   -87.90  LEFT      8.20923E-02    68.71    1.12789E+00  -171.18
  100.00     0.00     -20.25    0.56    0.59    0.07887   -87.39  LEFT      1.02712E-01    68.70    1.12789E+00  -171.51
  102.00     0.00     -18.66    0.56    0.61    0.09496   -86.89  LEFT      1.23393E-01    68.69    1.12789E+00  -171.83
  104.00     0.00     -17.31    0.56    0.63    0.11116   -86.39  LEFT      1.44142E-01    68.68    1.12789E+00  -172.15
  106.00     0.00     -16.14    0.56    0.65    0.12745   -85.90  LEFT      1.64966E-01    68.67    1.12789E+00  -172.47
  108.00     0.00     -15.10    0.56    0.68    0.14383   -85.40  LEFT      1.85869E-01    68.66    1.12789E+00  -172.78
  110.00     0.00     -14.17    0.56    0.70    0.16030   -84.91  LEFT      2.06853E-01    68.65    1.12789E+00  -173.09
  112.00     0.00     -13.33    0.56    0.73    0.17683   -84.41  LEFT      2.27914E-01    68.63    1.12789E+00  -173.40
  114.00     0.00     -12.56    0.56    0.77    0.19343   -83.92  LEFT      2.49049E-01    68.62    1.12789E+00  -173.70
  116.00     0.00     -11.85    0.56    0.80    0.21006   -83.42  LEFT      2.70248E-01    68.60    1.12789E+00  -174.00
  118.00     0.00     -11.19    0.56    0.84    0.22671   -82.91  LEFT      2.91500E-01    68.59    1.12789E+00  -174.29
  120.00     0.00     -10.58    0.56    0.88    0.24336   -82.41  LEFT      3.12788E-01    68.57    1.12789E+00  -174.58
  122.00     0.00     -10.01    0.56    0.92    0.25998   -81.90  LEFT      3.34093E-01    68.55    1.12789E+00  -174.86
  124.00     0.00      -9.47    0.56    0.97    0.27655   -81.38  LEFT      3.55390E-01    68.53    1.12789E+00  -175.14
  126.00     0.00      -8.97    0.56    1.02    0.29302   -80.86  LEFT      3.76651E-01    68.51    1.12789E+00  -175.41
  128.00     0.00      -8.49    0.56    1.07    0.30937   -80.33  LEFT      3.97844E-01    68.49    1.12789E+00  -175.67
  130.00     0.00      -8.04    0.56    1.12    0.32556   -79.79  LEFT      4.18932E-01    68.47    1.12789E+00  -175.93
  132.00     0.00      -7.62    0.56    1.17    0.34155   -79.24  LEFT      4.39873E-01    68.45    1.12789E+00  -176.18
  134.00     0.00      -7.22    0.56    1.23    0.35729   -78.69  LEFT      4.60624E-01    68.43    1.12789E+00  -176.42
  136.00     0.00      -6.84    0.56    1.28    0.37273   -78.13  LEFT      4.81136E-01    68.42    1.12789E+00  -176.65
  138.00     0.00      -6.48    0.56    1.34    0.38785   -77.57  LEFT      5.01357E-01    68.40    1.12789E+00  -176.87
  140.00     0.00      -6.15    0.56    1.40    0.40257   -76.99  LEFT      5.21232E-01    68.38    1.12789E+00  -177.09
  142.00     0.00      -5.83    0.56    1.46    0.41687   -76.42  LEFT      5.40702E-01    68.36    1.12789E+00  -177.30
  144.00     0.00      -5.53    0.56    1.51    0.43069   -75.84  LEFT      5.59706E-01    68.34    1.12789E+00  -177.50
  146.00     0.00      -5.25    0.56    1.57    0.44398   -75.26  LEFT      5.78183E-01    68.32    1.12789E+00  -177.68
  148.00     0.00      -4.98    0.56    1.63    0.45671   -74.68  LEFT      5.96067E-01    68.31    1.12789E+00  -177.86
  150.00     0.00      -4.73    0.56    1.68    0.46883   -74.10  LEFT      6.13293E-01    68.29    1.12789E+00  -178.03
  152.00     0.00      -4.50    0.56    1.74    0.48030   -73.53  LEFT      6.29795E-01    68.28    1.12789E+00  -178.19
  154.00     0.00      -4.29    0.56    1.79    0.49108   -72.97  LEFT      6.45508E-01    68.26    1.12789E+00  -178.34
  156.00     0.00      -4.09    0.56    1.84    0.50115   -72.43  LEFT      6.60367E-01    68.25    1.12789E+00  -178.48
  158.00     0.00      -3.91    0.56    1.89    0.51048   -71.90  LEFT      6.74308E-01    68.24    1.12789E+00  -178.61
  160.00     0.00      -3.74    0.56    1.93    0.51904   -71.40  LEFT      6.87270E-01    68.22    1.12789E+00  -178.73
  162.00     0.00      -3.59    0.56    1.97    0.52681   -70.93  LEFT      6.99195E-01    68.21    1.12789E+00  -178.83
  164.00     0.00      -3.46    0.56    2.01    0.53379   -70.49  LEFT      7.10026E-01    68.20    1.12789E+00  -178.93
  166.00     0.00      -3.34    0.56    2.04    0.53995   -70.09  LEFT      7.19712E-01    68.20    1.12789E+00  -179.02
  168.00     0.00      -3.24    0.56    2.07    0.54530   -69.73  LEFT      7.28207E-01    68.19    1.12789E+00  -179.09
  170.00     0.00      -3.16    0.56    2.10    0.54983   -69.42  LEFT      7.35469E-01    68.18    1.12789E+00  -179.15
  172.00     0.00      -3.08    0.56    2.12    0.55354   -69.16  LEFT      7.41462E-01    68.18    1.12789E+00  -179.20
  174.00     0.00      -3.03    0.56    2.14    0.55642   -68.95  LEFT      7.46155E-01    68.17    1.12789E+00  -179.24
  176.00     0.00      -2.99    0.56    2.15    0.55847   -68.80  LEFT      7.49524E-01    68.17    1.12789E+00  -179.27
  178.00     0.00      -2.97    0.56    2.15    0.55971   -68.71  LEFT      7.51553E-01    68.17    1.12789E+00  -179.29
  180.00     0.00      -2.96    0.56    2.16    0.56012   -68.68  LEFT      7.52230E-01    68.17    1.12789E+00  -179.30




                                 - - - - - - FREQUENCY - - - - - -

                                    FREQUENCY= 1.5800E+03 MHZ
                                    WAVELENGTH= 1.8975E-01 METERS




                    APPROXIMATE INTEGRATION EMPLOYED FOR SEGMENTS MORE THAN   1.000 WAVELENGTHS APART

                    THE EXTENDED THIN WIRE KERNEL WILL BE USED



                               - - - STRUCTURE IMPEDANCE LOADING - - -

                                   THIS STRUCTURE IS NOT LOADED



                                  - - - ANTENNA ENVIRONMENT - - -

                                            FREE SPACE



                                - - - MATRIX TIMING - - -

                        FILL=    0.000 SEC.,  FACTOR=    0.000 SEC.



                                            - - - NETWORK DATA - - -

      - FROM -    - TO -           TRANSMISSION LINE               -  -  SHUNT ADMITTANCES (MHOS)  -  -              LINE
      TAG  SEG.   TAG  SEG.      IMPEDANCE      LENGTH            - END ONE -                 - END TWO -            TYPE
      NO.   NO.   NO.   NO.         OHMS        METERS         REAL          IMAG.         REAL          IMAG.
        1    11     2    32     5.0000E+01    4.2500E-02    0.0000E+00    0.0000E+00    0.0000E+00    0.0000E+00   STRAIGHT



                           - - - STRUCTURE EXCITATION DATA AT NETWORK CONNECTION POINTS - - -

   TAG   SEG.    VOLTAGE (VOLTS)         CURRENT (AMPS)         IMPEDANCE (OHMS)        ADMITTANCE (MHOS)      POWER
   NO.   NO.    REAL        IMAG.       REAL        IMAG.       REAL        IMAG.       REAL        IMAG.     (WATTS)
     1    11 8.74798E-01-1.27146E+00 4.19440E-03-1.73844E-02 8.05881E+01 3.08771E+01 1.08203E-02-4.14578E-03 1.28864E-02
     2    32 1.00000E+00 0.00000E+00 1.08203E-02-4.14578E-03 8.05881E+01 3.08771E+01 1.08203E-02-4.14578E-03 5.41017E-03



                                          - - - ANTENNA INPUT PARAMETERS - - -

   TAG   SEG.    VOLTAGE (VOLTS)         CURRENT (AMPS)         IMPEDANCE (OHMS)        ADMITTANCE (MHOS)      POWER
   NO.   NO.    REAL        IMAG.       REAL        IMAG.       REAL        IMAG.       REAL        IMAG.     (WATTS)
     2    32 1.00000E+00 0.00000E+00 3.65932E-02 1.02877E-02 2.53258E+01-7.12001E+00 3.65932E-02 1.02877E-02 1.82966E-02



                             - - - CURRENTS AND LOCATION - - -

                                 DISTANCES IN WAVELENGTHS


  SEG.  TAG    COORD. OF SEG. CENTER     SEG.            - - - CURRENT (AMPS) - - -
  NO.   NO.     X        Y        Z      LENGTH     REAL        IMAG.       MAG.        PHASE
     1    1   0.0000  -0.2334   0.0264  0.02334   2.0192E-04 -2.0994E-03  2.1091E-03  -84.506
     2    1   0.0000  -0.2101   0.0264  0.02334   5.4005E-04 -5.1599E-03  5.1881E-03  -84.025
     3    1   0.0000  -0.1867   0.0264  0.02334   8.8619E-04 -7.7896E-03  7.8398E-03  -83.510
     4    1   0.0000  -0.1634   0.0264  0.02334   1.2526E-03 -1.0144E-02  1.0221E-02  -82.961
     5    1   0.0000  -0.1400   0.0264  0.02334   1.6371E-03 -1.2216E-02  1.2326E-02  -82.368
     6    1   0.0000  -0.1167   0.0264  0.02334   2.0363E-03 -1.3984E-02  1.4131E-02  -81.715
     7    1   0.0000  -0.0934   0.0264  0.02334   2.4466E-03 -1.5420E-02  1.5613E-02  -80.984
     8    1   0.0000  -0.0700   0.0264  0.02334   2.8658E-03 -1.6499E-02  1.6746E-02  -80.146
     9    1   0.0000  -0.0467   0.0264  0.02334   3.2958E-03 -1.7197E-02  1.7510E-02  -79.151
    10    1   0.0000  -0.0233   0.0264  0.02334   3.7616E-03 -1.7480E-02  1.7880E-02  -77.855
    11    1   0.0000   0.0000   0.0264  0.02334   4.1944E-03 -1.7384E-02  1.7883E-02  -76.435
    12    1   0.0000   0.0233   0.0264  0.02334   3.7616E-03 -1.7480E-02  1.7880E-02  -77.855
    13    1   0.0000   0.0467   0.0264  0.02334   3.2958E-03 -1.7197E-02  1.7510E-02  -79.151
    14    1   0.0000   0.0700   0.0264  0.02334   2.8658E-03 -1.6499E-02  1.6746E-02  -80.146
    15    1   0.0000   0.0934   0.0264  0.02334   2.4466E-03 -1.5420E-02  1.5613E-02  -80.984
    16    1   0.0000   0.1167   0.0264  0.02334   2.0363E-03 -1.3984E-02  1.4131E-02  -81.715
    17    1   0.0000   0.1400   0.0264  0.02334   1.6371E-03 -1.2216E-02  1.2326E-02  -82.368
    18    1   0.0000   0.1634   0.0264  0.02334   1.2526E-03 -1.0144E-02  1.0221E-02  -82.961
    19    1   0.0000   0.1867   0.0264  0.02334   8.8619E-04 -7.7896E-03  7.8398E-03  -83.510
    20    1   0.0000   0.2101   0.0264  0.02334   5.4005E-04 -5.1599E-03  5.1881E-03  -84.025
    21    1   0.0000   0.2334   0.0264  0.02334   2.0192E-04 -2.0994E-03  2.1091E-03  -84.506
    22    2  -0.2334   0.0000   0.0000  0.02334   1.1948E-03 -6.6327E-04  1.3666E-03  -29.035
    23    2  -0.2101   0.0000   0.0000  0.02334   2.9527E-03 -1.6068E-03  3.3616E-03  -28.554
    24    2  -0.1867   0.0000   0.0000  0.02334   4.4836E-03 -2.3878E-03  5.0798E-03  -28.038
    25    2  -0.1634   0.0000   0.0000  0.02334   5.8750E-03 -3.0570E-03  6.6228E-03  -27.490
    26    2  -0.1400   0.0000   0.0000  0.02334   7.1225E-03 -3.6129E-03  7.9864E-03  -26.896
    27    2  -0.1167   0.0000   0.0000  0.02334   8.2125E-03 -4.0488E-03  9.1563E-03  -26.244
    28    2  -0.0934   0.0000   0.0000  0.02334   9.1297E-03 -4.3572E-03  1.0116E-02  -25.513
    29    2  -0.0700   0.0000   0.0000  0.02334   9.8596E-03 -4.5297E-03  1.0850E-02  -24.675
    30    2  -0.0467   0.0000   0.0000  0.02334   1.0390E-02 -4.5566E-03  1.1345E-02  -23.680
    31    2  -0.0233   0.0000   0.0000  0.02334   1.0712E-02 -4.4118E-03  1.1585E-02  -22.384
    32    2   0.0000   0.0000   0.0000  0.02334   1.0820E-02 -4.1458E-03  1.1587E-02  -20.964
    33    2   0.0233   0.0000   0.0000  0.02334   1.0712E-02 -4.4118E-03  1.1585E-02  -22.384
    34    2   0.0467   0.0000   0.0000  0.02334   1.0390E-02 -4.5566E-03  1.1345E-02  -23.680
    35    2   0.0700   0.0000   0.0000  0.02334   9.8596E-03 -4.5297E-03  1.0850E-02  -24.675
    36    2   0.0934   0.0000   0.0000  0.02334   9.1297E-03 -4.3572E-03  1.0116E-02  -25.513
    37    2   0.1167   0.0000   0.0000  0.02334   8.2125E-03 -4.0488E-03  9.1563E-03  -26.244
    38    2   0.1400   0.0000   0.0000  0.02334   7.1225E-03 -3.6129E-03  7.9864E-03  -26.896
    39    2   0.1634   0.0000   0.0000  0.02334   5.8750E-03 -3.0570E-03  6.6228E-03  -27.490
    40    2   0.1867   0.0000   0.0000  0.02334   4.4836E-03 -2.3878E-03  5.0798E-03  -28.038
    41    2   0.2101   0.0000   0.0000  0.02334   2.9527E-03 -1.6068E-03  3.3616E-03  -28.554
    42    2   0.2334   0.0000   0.0000  0.02334   1.1948E-03 -6.6327E-04  1.3666E-03  -29.035



                                        - - - POWER BUDGET - - -

                                           INPUT POWER   = 1.8297E-02 WATTS
                                           RADIATED POWER= 1.8297E-02 WATTS
                                           STRUCTURE LOSS= 0.0000E+00 WATTS
                                           NETWORK LOSS  = 1.0408E-17 WATTS
                                           EFFICIENCY    = 100.00 PERCENT



                                                - - - RADIATION PATTERNS - - -

  - - ANGLES - -           - POWER GAINS -       - - - POLARIZATION - - -    - - - E(THETA) - - -    - - - E(PHI) - - -
  THETA     PHI        VERT.   HOR.    TOTAL      AXIAL     TILT   SENSE     MAGNITUDE    PHASE      MAGNITUDE    PHASE 
 DEGREES  DEGREES       DB      DB      DB        RATIO     DEG.              VOLTS/M    DEGREES      VOLTS/M    DEGREES
 -180.00     0.00      -3.13    0.64    2.16    0.52927   -68.30  LEFT      7.30568E-01    64.90    1.12751E+00   179.94
 -178.00     0.00      -3.14    0.64    2.16    0.52889   -68.33  LEFT      7.29907E-01    64.90    1.12751E+00   179.95
 -176.00     0.00      -3.16    0.64    2.15    0.52772   -68.42  LEFT      7.27927E-01    64.90    1.12751E+00   179.96
 -174.00     0.00      -3.20    0.64    2.14    0.52578   -68.56  LEFT      7.24639E-01    64.90    1.12751E+00   179.99
 -172.00     0.00      -3.25    0.64    2.13    0.52307   -68.76  LEFT      7.20060E-01    64.91    1.12751E+00  -179.97
 -170.00     0.00      -3.33    0.64    2.11    0.51957   -69.01  LEFT      7.14213E-01    64.91    1.12751E+00  -179.91
 -168.00     0.00      -3.41    0.64    2.08    0.51530   -69.31  LEFT      7.07128E-01    64.92    1.12751E+00  -179.85
 -166.00     0.00      -3.51    0.64    2.05    0.51026   -69.65  LEFT      6.98840E-01    64.93    1.12751E+00  -179.78
 -164.00     0.00      -3.63    0.64    2.02    0.50445   -70.04  LEFT      6.89392E-01    64.94    1.12751E+00  -179.69
 -162.00     0.00      -3.77    0.64    1.98    0.49788   -70.46  LEFT      6.78828E-01    64.95    1.12751E+00  -179.59
 -160.00     0.00      -3.92    0.64    1.94    0.49055   -70.92  LEFT      6.67199E-01    64.96    1.12751E+00  -179.49
 -158.00     0.00      -4.08    0.64    1.90    0.48248   -71.41  LEFT      6.54560E-01    64.97    1.12751E+00  -179.37
 -156.00     0.00      -4.27    0.64    1.86    0.47369   -71.93  LEFT      6.40969E-01    64.98    1.12751E+00  -179.24
 -154.00     0.00      -4.46    0.64    1.81    0.46419   -72.46  LEFT      6.26486E-01    65.00    1.12751E+00  -179.10
 -152.00     0.00      -4.68    0.64    1.76    0.45402   -73.01  LEFT      6.11172E-01    65.01    1.12751E+00  -178.95
 -150.00     0.00      -4.91    0.64    1.71    0.44320   -73.58  LEFT      5.95093E-01    65.03    1.12751E+00  -178.79
 -148.00     0.00      -5.16    0.64    1.65    0.43177   -74.15  LEFT      5.78312E-01    65.04    1.12751E+00  -178.62
 -146.00     0.00      -5.42    0.64    1.60    0.41975   -74.73  LEFT      5.60895E-01    65.06    1.12751E+00  -178.44
 -144.00     0.00      -5.71    0.64    1.55    0.40720   -75.31  LEFT      5.42904E-01    65.08    1.12751E+00  -178.25
 -142.00     0.00      -6.01    0.64    1.49    0.39414   -75.90  LEFT      5.24404E-01    65.10    1.12751E+00  -178.05
 -140.00     0.00      -6.33    0.64    1.44    0.38063   -76.48  LEFT      5.05456E-01    65.12    1.12751E+00  -177.84
 -138.00     0.00      -6.67    0.64    1.38    0.36670   -77.07  LEFT      4.86119E-01    65.14    1.12751E+00  -177.62
 -136.00     0.00      -7.03    0.64    1.33    0.35241   -77.65  LEFT      4.66450E-01    65.16    1.12751E+00  -177.40
 -134.00     0.00      -7.41    0.64    1.27    0.33779   -78.22  LEFT      4.46505E-01    65.18    1.12751E+00  -177.16
 -132.00     0.00      -7.81    0.64    1.22    0.32290   -78.79  LEFT      4.26332E-01    65.20    1.12751E+00  -176.92
 -130.00     0.00      -8.23    0.64    1.17    0.30776   -79.35  LEFT      4.05981E-01    65.22    1.12751E+00  -176.67
 -128.00     0.00      -8.68    0.64    1.12    0.29243   -79.91  LEFT      3.85494E-01    65.24    1.12751E+00  -176.41
 -126.00     0.00      -9.16    0.64    1.07    0.27695   -80.46  LEFT      3.64911E-01    65.26    1.12751E+00  -176.15
 -124.00     0.00      -9.66    0.64    1.03    0.26134   -81.00  LEFT      3.44267E-01    65.27    1.12751E+00  -175.88
 -122.00     0.00     -10.20    0.64    0.98    0.24565   -81.54  LEFT      3.23596E-01    65.29    1.12751E+00  -175.60
 -120.00     0.00     -10.78    0.64    0.94    0.22991   -82.07  LEFT      3.02923E-01    65.31    1.12751E+00  -175.32
 -118.00     0.00     -11.39    0.64    0.90    0.21414   -82.60  LEFT      2.82273E-01    65.33    1.12751E+00  -175.03
 -116.00     0.00     -12.05    0.64    0.87    0.19837   -83.13  LEFT      2.61664E-01    65.35    1.12751E+00  -174.73
 -114.00     0.00     -12.76    0.64    0.83    0.18262   -83.65  LEFT      2.41111E-01    65.36    1.12751E+00  -174.43
 -112.00     0.00     -13.53    0.64    0.80    0.16692   -84.17  LEFT      2.20628E-01    65.38    1.12751E+00  -174.13
 -110.00     0.00     -14.37    0.64    0.78    0.15127   -84.68  LEFT      2.00220E-01    65.40    1.12751E+00  -173.82
 -108.00     0.00     -15.30    0.64    0.75    0.13570   -85.20  LEFT      1.79894E-01    65.41    1.12751E+00  -173.50
 -106.00     0.00     -16.34    0.64    0.73    0.12021   -85.72  LEFT      1.59650E-01    65.42    1.12751E+00  -173.19
 -104.00     0.00     -17.51    0.64    0.71    0.10481   -86.24  LEFT      1.39487E-01    65.43    1.12751E+00  -172.87
 -102.00     0.00     -18.86    0.64    0.69    0.08951   -86.76  LEFT      1.19400E-01    65.44    1.12751E+00  -172.54
 -100.00     0.00     -20.46    0.64    0.67    0.07431   -87.29  LEFT      9.93831E-02    65.45    1.12751E+00  -172.22
  -98.00     0.00     -22.40    0.64    0.66    0.05923   -87.82  LEFT      7.94280E-02    65.46    1.12751E+00  -171.89
  -96.00     0.00     -24.91    0.64    0.65    0.04425   -88.35  LEFT      5.95243E-02    65.46    1.12751E+00  -171.56
  -94.00     0.00     -28.44    0.64    0.65    0.02939   -88.89  LEFT      3.96603E-02    65.47    1.12751E+00  -171.23
  -92.00     0.00     -34.46    0.64    0.64    0.01464   -89.44  LEFT      1.98233E-02    65.47    1.12751E+00  -170.90
  -90.00     0.00    -999.99    0.64    0.64    0.00000   -90.00  LINEAR    2.89787E-12    65.47    1.12751E+00  -170.57
  -88.00     0.00     -34.46    0.64    0.64    0.01452    89.43  RIGHT     1.98233E-02  -114.53    1.12751E+00  -170.24
  -86.00     0.00     -28.44    0.64    0.65    0.02893    88.85  RIGHT     3.96603E-02  -114.53    1.12751E+00  -169.91
  -84.00     0.00     -24.91    0.64    0.65    0.04323    88.26  RIGHT     5.95243E-02  -114.54    1.12751E+00  -169.58
  -82.00     0.00     -22.40    0.64    0.66    0.05741    87.66  RIGHT     7.94280E-02  -114.54    1.12751E+00  -169.25
  -80.00     0.00     -20.46    0.64    0.67    0.07146    87.05  RIGHT     9.93831E-02  -114.55    1.12751E+00  -168.93
  -78.00     0.00     -18.86    0.64    0.69    0.08539    86.42  RIGHT     1.19400E-01  -114.56    1.12751E+00  -168.60
  -76.00     0.00     -17.51    0.64    0.71    0.09918    85.77  RIGHT     1.39487E-01  -114.57    1.12751E+00  -168.28
  -74.00     0.00     -16.34    0.64    0.73    0.11283    85.11  RIGHT     1.59650E-01  -114.58    1.12751E+00  -167.96
  -72.00     0.00     -15.30    0.64    0.75    0.12632    84.43  RIGHT     1.79894E-01  -114.59    1.12751E+00  -167.64
  -70.00     0.00     -14.37    0.64    0.78    0.13965    83.74  RIGHT     2.00220E-01  -114.60    1.12751E+00  -167.33
  -68.00     0.00     -13.53    0.64    0.80    0.15280    83.03  RIGHT     2.20628E-01  -114.62    1.12751E+00  -167.02
  -66.00     0.00     -12.76    0.64    0.83    0.16575    82.30  RIGHT     2.41111E-01  -114.64    1.12751E+00  -166.71
  -64.00     0.00     -12.05    0.64    0.87    0.17847    81.56  RIGHT     2.61664E-01  -114.65    1.12751E+00  -166.41
  -62.00     0.00     -11.39    0.64    0.90    0.19096    80.79  RIGHT     2.82273E-01  -114.67    1.12751E+00  -166.12
  -60.00     0.00     -10.78    0.64    0.94    0.20318    80.02  RIGHT     3.02923E-01  -114.69    1.12751E+00  -165.83
  -58.00     0.00     -10.20    0.64    0.98    0.21511    79.22  RIGHT     3.23596E-01  -114.71    1.12751E+00  -165.55
  -56.00     0.00      -9.66    0.64    1.03    0.22673    78.41  RIGHT     3.44267E-01  -114.73    1.12751E+00  -165.27
  -54.00     0.00      -9.16    0.64    1.07    0.23800    77.59  RIGHT     3.64911E-01  -114.74    1.12751E+00  -165.00
  -52.00     0.00      -8.68    0.64    1.12    0.24891    76.76  RIGHT     3.85494E-01  -114.76    1.12751E+00  -164.73
  -50.00     0.00      -8.23    0.64    1.17    0.25942    75.92  RIGHT     4.05981E-01  -114.78    1.12751E+00  -164.47
  -48.00     0.00      -7.81    0.64    1.22    0.26951    75.07  RIGHT     4.26332E-01  -114.80    1.12751E+00  -164.22
  -46.00     0.00      -7.41    0.64    1.27    0.27915    74.22  RIGHT     4.46505E-01  -114.82    1.12751E+00  -163.98
  -44.00     0.00      -7.03    0.64    1.33    0.28834    73.36  RIGHT     4.66450E-01  -114.84    1.12751E+00  -163.75
  -42.00     0.00      -6.67    0.64    1.38    0.29704    72.51  RIGHT     4.86119E-01  -114.86    1.12751E+00  -163.52
  -40.00     0.00      -6.33    0.64    1.44    0.30525    71.66  RIGHT     5.05456E-01  -114.88    1.12751E+00  -163.31
  -38.00     0.00      -6.01    0.64    1.49    0.31295    70.82  RIGHT     5.24404E-01  -114.90    1.12751E+00  -163.10
  -36.00     0.00      -5.71    0.64    1.55    0.32014    70.00  RIGHT     5.42904E-01  -114.92    1.12751E+00  -162.90
  -34.00     0.00      -5.42    0.64    1.60    0.32681    69.19  RIGHT     5.60895E-01  -114.94    1.12751E+00  -162.71
  -32.00     0.00      -5.16    0.64    1.65    0.33297    68.40  RIGHT     5.78312E-01  -114.96    1.12751E+00  -162.53
  -30.00     0.00      -4.91    0.64    1.71    0.33862    67.63  RIGHT     5.95093E-01  -114.97    1.12751E+00  -162.36
  -28.00     0.00      -4.68    0.64    1.76    0.34378    66.90  RIGHT     6.11172E-01  -114.99    1.12751E+00  -162.20
  -26.00     0.00      -4.46    0.64    1.81    0.34845    66.20  RIGHT     6.26486E-01  -115.00    1.12751E+00  -162.05
  -24.00     0.00      -4.27    0.64    1.86    0.35266    65.53  RIGHT     6.40969E-01  -115.02    1.12751E+00  -161.91
  -22.00     0.00      -4.08    0.64    1.90    0.35642    64.90  RIGHT     6.54560E-01  -115.03    1.12751E+00  -161.78
  -20.00     0.00      -3.92    0.64    1.94    0.35975    64.32  RIGHT     6.67199E-01  -115.04    1.12751E+00  -161.66
  -18.00     0.00      -3.77    0.64    1.98    0.36268    63.78  RIGHT     6.78828E-01  -115.05    1.12751E+00  -161.55
  -16.00     0.00      -3.63    0.64    2.02    0.36522    63.29  RIGHT     6.89392E-01  -115.06    1.12751E+00  -161.45
  -14.00     0.00      -3.51    0.64    2.05    0.36741    62.86  RIGHT     6.98840E-01  -115.07    1.12751E+00  -161.37
  -12.00     0.00      -3.41    0.64    2.08    0.36926    62.48  RIGHT     7.07128E-01  -115.08    1.12751E+00  -161.29
  -10.00     0.00      -3.33    0.64    2.11    0.37078    62.15  RIGHT     7.14213E-01  -115.09    1.12751E+00  -161.23
   -8.00     0.00      -3.25    0.64    2.13    0.37201    61.88  RIGHT     7.20060E-01  -115.09    1.12751E+00  -161.18
   -6.00     0.00      -3.20    0.64    2.14    0.37294    61.67  RIGHT     7.24639E-01  -115.10    1.12751E+00  -161.14
   -4.00     0.00      -3.16    0.64    2.15    0.37360    61.52  RIGHT     7.27927E-01  -115.10    1.12751E+00  -161.11
   -2.00     0.00      -3.14    0.64    2.16    0.37400    61.43  RIGHT     7.29907E-01  -115.10    1.12751E+00  -161.09
    0.00     0.00      -3.13    0.64    2.16    0.37413    61.40  RIGHT     7.30568E-01  -115.10    1.12751E+00  -161.09
    2.00     0.00      -3.14    0.64    2.16    0.37400    61.43  RIGHT     7.29907E-01  -115.10    1.12751E+00  -161.09
    4.00     0.00      -3.16    0.64    2.15    0.37360    61.52  RIGHT     7.27927E-01  -115.10    1.12751E+00  -161.11
    6.00     0.00      -3.20    0.64    2.14    0.37294    61.67  RIGHT     7.24639E-01  -115.10    1.12751E+00  -161.14
    8.00     0.00      -3.25    0.64    2.13    0.37201    61.88  RIGHT     7.20060E-01  -115.09    1.12751E+00  -161.18
   10.00     0.00      -3.33    0.64    2.11    0.37078    62.15  RIGHT     7.14213E-01  -115.09    1.12751E+00  -161.23
   12.00     0.00      -3.41    0.64    2.08    0.36926    62.48  RIGHT     7.07128E-01  -115.08    1.12751E+00  -161.29
   14.00     0.00      -3.51    0.64    2.05    0.36741    62.86  RIGHT     6.98840E-01  -115.07    1.12751E+00  -161.37
   16.00     0.00      -3.63    0.64    2.02    0.36522    63.29  RIGHT     6.89392E-01  -115.06    1.12751E+00  -161.45
   18.00     0.00      -3.77    0.64    1.98    0.36268    63.78  RIGHT     6.78828E-01  -115.05    1.12751E+00  -161.55
   20.00     0.00      -3.92    0.64    1.94    0.35975    64.32  RIGHT     6.67199E-01  -115.04    1.12751E+00  -161.66
   22.00     0.00      -4.08    0.64    1.90    0.35642    64.90  RIGHT     6.54560E-01  -115.03    1.12751E+00  -161.78
   24.00     0.00      -4.27    0.64    1.86    0.35266    65.53  RIGHT     6.40969E-01  -115.02    1.12751E+00  -161.91
   26.00     0.00      -4.46    0.64    1.81    0.34845    66.20  RIGHT     6.26486E-01  -115.00    1.12751E+00  -162.05
   28.00     0.00      -4.68    0.64    1.76    0.34378    66.90  RIGHT     6.11172E-01  -114.99    1.12751E+00  -162.20
   30.00     0.00      -4.91    0.64    1.71    0.33862    67.63  RIGHT     5.95093E-01  -114.97    1.12751E+00  -162.36
   32.00     0.00      -5.16    0.64    1.65    0.33297    68.40  RIGHT     5.78312E-01  -114.96    1.12751E+00  -162.53
   34.00     0.00      -5.42    0.64    1.60    0.32681    69.19  RIGHT     5.60895E-01  -114.94    1.12751E+00  -162.71
   36.00     0.00      -5.71    0.64    1.55    0.32014    70.00  RIGHT     5.42904E-01  -114.92    1.12751E+00  -162.90
   38.00     0.00      -6.01    0.64    1.49    0.31295    70.82  RIGHT     5.24404E-01  -114.90    1.12751E+00  -163.10
   40.00     0.00      -6.33    0.64    1.44    0.30525    71.66  RIGHT     5.05456E-01  -114.88    1.12751E+00  -163.31
   42.00     0.00      -6.67    0.64    1.38    0.29704    72.51  RIGHT     4.86119E-01  -114.86    1.12751E+00  -163.52
   44.00     0.00      -7.03    0.64    1.33    0.28834    73.36  RIGHT     4.66450E-01  -114.84    1.12751E+00  -163.75
   46.00     0.00      -7.41    0.64    1.27    0.27915    74.22  RIGHT     4.46505E-01  -114.82    1.12751E+00  -163.98
   48.00     0.00      -7.81    0.64    1.22    0.26951    75.07  RIGHT     4.26332E-01  -114.80    1.12751E+00  -164.22
   50.00     0.00      -8.23    0.64    1.17    0.25942    75.92  RIGHT     4.05981E-01  -114.78    1.12751E+00  -164.47
   52.00     0.00      -8.68    0.64    1.12    0.24891    76.76  RIGHT     3.85494E-01  -114.76    1.12751E+00  -164.73
   54.00     0.00      -9.16    0.64    1.07    0.23800    77.59  RIGHT     3.64911E-01  -114.74    1.12751E+00  -165.00
   56.00     0.00      -9.66    0.64    1.03    0.22673    78.41  RIGHT     3.44267E-01  -114.73    1.12751E+00  -165.27
   58.00     0.00     -10.20    0.64    0.98    0.21511    79.22  RIGHT     3.23596E-01  -114.71    1.12751E+00  -165.55
   60.00     0.00     -10.78    0.64    0.94    0.20318    80.02  RIGHT     3.02923E-01  -114.69    1.12751E+00  -165.83
   62.00     0.00     -11.39    0.64    0.90    0.19096    80.79  RIGHT     2.82273E-01  -114.67    1.12751E+00  -166.12
   64.00     0.00     -12.05    0.64    0.87    0.17847    81.56  RIGHT     2.61664E-01  -114.65    1.12751E+00  -166.41
   66.00     0.00     -12.76    0.64    0.83    0.16575    82.30  RIGHT     2.41111E-01  -114.64    1.12751E+00  -166.71
   68.00     0.00     -13.53    0.64    0.80    0.15280    83.03  RIGHT     2.20628E-01  -114.62    1.12751E+00  -167.02
   70.00     0.00     -14.37    0.64    0.78    0.13965    83.74  RIGHT     2.00220E-01  -114.60    1.12751E+00  -167.33
   72.00     0.00     -15.30    0.64    0.75    0.12632    84.43  RIGHT     1.79894E-01  -114.59    1.12751E+00  -167.64
   74.00     0.00     -16.34    0.64    0.73    0.11283    85.11  RIGHT     1.59650E-01  -114.58    1.12751E+00  -167.96
   76.00     0.00     -17.51    0.64    0.71    0.09918    85.77  RIGHT     1.39487E-01  -114.57    1.12751E+00  -168.28
   78.00     0.00     -18.86    0.64    0.69    0.08539    86.42  RIGHT     1.19400E-01  -114.56    1.12751E+00  -168.60
   80.00     0.00     -20.46    0.64    0.67    0.07146    87.05  RIGHT     9.93831E-02  -114.55    1.12751E+00  -168.93
   82.00     0.00     -22.40    0.64    0.66    0.05741    87.66  RIGHT     7.94280E-02  -114.54    1.12751E+00  -169.25
   84.00     0.00     -24.91    0.64    0.65    0.04323    88.26  RIGHT     5.95243E-02  -114.54    1.12751E+00  -169.58
   86.00     0.00     -28.44    0.64    0.65    0.02893    88.85  RIGHT     3.96603E-02  -114.53    1.12751E+00  -169.91
   88.00     0.00     -34.46    0.64    0.64    0.01452    89.43  RIGHT     1.98233E-02  -114.53    1.12751E+00  -170.24
   90.00     0.00    -999.99    0.64    0.64    0.00000   -90.00  LINEAR    2.89787E-12    65.47    1.12751E+00  -170.57
   92.00     0.00     -34.46    0.64    0.64    0.01464   -89.44  LEFT      1.98233E-02    65.47    1.12751E+00  -170.90
   94.00     0.00     -28.44    0.64    0.65    0.02939   -88.89  LEFT      3.96603E-02    65.47    1.12751E+00  -171.23
   96.00     0.00     -24.91    0.64    0.65    0.04425   -88.35  LEFT      5.95243E-02    65.46    1.12751E+00  -171.56
   98.00     0.00     -22.40    0.64    0.66    0.05923   -87.82  LEFT      7.94280E-02    65.46    1.12751E+00  -171.89
  100.00     0.00     -20.46    0.64    0.67    0.07431   -87.29  LEFT      9.93831E-02    65.45    1.12751E+00  -172.22
  102.00     0.00     -18.86    0.64    0.69    0.08951   -86.76  LEFT      1.19400E-01    65.44    1.12751E+00  -172.54
  104.00     0.00     -17.51    0.64    0.71    0.10481   -86.24  LEFT      1.39487E-01    65.43    1.12751E+00  -172.87
  106.00     0.00     -16.34    0.64    0.73    0.12021   -85.72  LEFT      1.59650E-01    65.42    1.12751E+00  -173.19
  108.00     0.00     -15.30    0.64    0.75    0.13570   -85.20  LEFT      1.79894E-01    65.41    1.12751E+00  -173.50
  110.00     0.00     -14.37    0.64    0.78    0.15127   -84.68  LEFT      2.00220E-01    65.40    1.12751E+00  -173.82
  112.00     0.00     -13.53    0.64    0.80    0.16692   -84.17  LEFT      2.20628E-01    65.38    1.12751E+00  -174.13
  114.00     0.00     -12.76    0.64    0.83    0.18262   -83.65  LEFT      2.41111E-01    65.36    1.12751E+00  -174.43
  116.00     0.00     -12.05    0.64    0.87    0.19837   -83.13  LEFT      2.61664E-01    65.35    1.12751E+00  -174.73
  118.00     0.00     -11.39    0.64    0.90    0.21414   -82.60  LEFT      2.82273E-01    65.33    1.12751E+00  -175.03
  120.00     0.00     -10.78    0.64    0.94    0.22991   -82.07  LEFT      3.02923E-01    65.31    1.12751E+00  -175.32
  122.00     0.00     -10.20    0.64    0.98    0.24565   -81.54  LEFT      3.23596E-01    65.29    1.12751E+00  -175.60
  124.00     0.00      -9.66    0.64    1.03    0.26134   -81.00  LEFT      3.44267E-01    65.27    1.12751E+00  -175.88
  126.00     0.00      -9.16    0.64    1.07    0.27695   -80.46  LEFT      3.64911E-01    65.26    1.12751E+00  -176.15
  128.00     0.00      -8.68    0.64    1.12    0.29243   -79.91  LEFT      3.85494E-01    65.24    1.12751E+00  -176.41
  130.00     0.00      -8.23    0.64    1.17    0.30776   -79.35  LEFT      4.05981E-01    65.22    1.12751E+00  -176.67
  132.00     0.00      -7.81    0.64    1.22    0.32290   -78.79  LEFT      4.26332E-01    65.20    1.12751E+00  -176.92
  134.00     0.00      -7.41    0.64    1.27    0.33779   -78.22  LEFT      4.46505E-01    65.18    1.12751E+00  -177.16
  136.00     0.00      -7.03    0.64    1.33    0.35241   -77.65  LEFT      4.66450E-01    65.16    1.12751E+00  -177.40
  138.00     0.00      -6.67    0.64    1.38    0.36670   -77.07  LEFT      4.86119E-01    65.14    1.12751E+00  -177.62
  140.00     0.00      -6.33    0.64    1.44    0.38063   -76.48  LEFT      5.05456E-01    65.12    1.12751E+00  -177.84
  142.00     0.00      -6.01    0.64    1.49    0.39414   -75.90  LEFT      5.24404E-01    65.10    1.12751E+00  -178.05
  144.00     0.00      -5.71    0.64    1.55    0.40720   -75.31  LEFT      5.42904E-01    65.08    1.12751E+00  -178.25
  146.00     0.00      -5.42    0.64    1.60    0.41975   -74.73  LEFT      5.60895E-01    65.06    1.12751E+00  -178.44
  148.00     0.00      -5.16    0.64    1.65    0.43177   -74.15  LEFT      5.78312E-01    65.04    1.12751E+00  -178.62
  150.00     0.00      -4.91    0.64    1.71    0.44320   -73.58  LEFT      5.95093E-01    65.03    1.12751E+00  -178.79
  152.00     0.00      -4.68    0.64    1.76    0.45402   -73.01  LEFT      6.11172E-01    65.01    1.12751E+00  -178.95
  154.00     0.00      -4.46    0.64    1.81    0.46419   -72.46  LEFT      6.26486E-01    65.00    1.12751E+00  -179.10
  156.00     0.00      -4.27    0.64    1.86    0.47369   -71.93  LEFT      6.40969E-01    64.98    1.12751E+00  -179.24
  158.00     0.00      -4.08    0.64    1.90    0.48248   -71.41  LEFT      6.54560E-01    64.97    1.12751E+00  -179.37
  160.00     0.00      -3.92    0.64    1.94    0.49055   -70.92  LEFT      6.67199E-01    64.96    1.12751E+00  -179.49
  162.00     0.00      -3.77    0.64    1.98    0.49788   -70.46  LEFT      6.78828E-01    64.95    1.12751E+00  -179.59
  164.00     0.00      -3.63    0.64    2.02    0.50445   -70.04  LEFT      6.89392E-01    64.94    1.12751E+00  -179.69
  166.00     0.00      -3.51    0.64    2.05    0.51026   -69.65  LEFT      6.98840E-01    64.93    1.12751E+00  -179.78
  168.00     0.00      -3.41    0.64    2.08    0.51530   -69.31  LEFT      7.07128E-01    64.92    1.12751E+00  -179.85
  170.00     0.00      -3.33    0.64    2.11    0.51957   -69.01  LEFT      7.14213E-01    64.91    1.12751E+00  -179.91
  172.00     0.00      -3.25    0.64    2.13    0.52307   -68.76  LEFT      7.20060E-01    64.91    1.12751E+00  -179.97
  174.00     0.00      -3.20    0.64    2.14    0.52578   -68.56  LEFT      7.24639E-01    64.90    1.12751E+00   179.99
  176.00     0.00      -3.16    0.64    2.15    0.52772   -68.42  LEFT      7.27927E-01    64.90    1.12751E+00   179.96
  178.00     0.00      -3.14    0.64    2.16    0.52889   -68.33  LEFT      7.29907E-01    64.90    1.12751E+00   179.95
  180.00     0.00      -3.13    0.64    2.16    0.52927   -68.30  LEFT      7.30568E-01    64.90    1.12751E+00   179.94




                                 - - - - - - FREQUENCY - - - - - -

                                    FREQUENCY= 1.5900E+03 MHZ
                                    WAVELENGTH= 1.8855E-01 METERS




                    APPROXIMATE INTEGRATION EMPLOYED FOR SEGMENTS MORE THAN   1.000 WAVELENGTHS APART

                    THE EXTENDED THIN WIRE KERNEL WILL BE USED



                               - - - STRUCTURE IMPEDANCE LOADING - - -

                                   THIS STRUCTURE IS NOT LOADED



                                  - - - ANTENNA ENVIRONMENT - - -

                                            FREE SPACE



                                - - - MATRIX TIMING - - -

                        FILL=    0.000 SEC.,  FACTOR=    0.000 SEC.



                                            - - - NETWORK DATA - - -

      - FROM -    - TO -           TRANSMISSION LINE               -  -  SHUNT ADMITTANCES (MHOS)  -  -              LINE
      TAG  SEG.   TAG  SEG.      IMPEDANCE      LENGTH            - END ONE -                 - END TWO -            TYPE
      NO.   NO.   NO.   NO.         OHMS        METERS         REAL          IMAG.         REAL          IMAG.
        1    11     2    32     5.0000E+01    4.2500E-02    0.0000E+00    0.0000E+00    0.0000E+00    0.0000E+00   STRAIGHT



                           - - - STRUCTURE EXCITATION DATA AT NETWORK CONNECTION POINTS - - -

   TAG   SEG.    VOLTAGE (VOLTS)         CURRENT (AMPS)         IMPEDANCE (OHMS)        ADMITTANCE (MHOS)      POWER
   NO.   NO.    REAL        IMAG.       REAL        IMAG.       REAL        IMAG.       REAL        IMAG.     (WATTS)
     1    11 9.55902E-01-1.27554E+00 3.97476E-03-1.72626E-02 8.22783E+01 3.64294E+01 1.01618E-02-4.49923E-03 1.29093E-02
     2    32 1.00000E+00 0.00000E+00 1.01618E-02-4.49923E-03 8.22783E+01 3.64294E+01 1.01618E-02-4.49923E-03 5.08090E-03



                                          - - - ANTENNA INPUT PARAMETERS - - -

   TAG   SEG.    VOLTAGE (VOLTS)         CURRENT (AMPS)         IMPEDANCE (OHMS)        ADMITTANCE (MHOS)      POWER
   NO.   NO.    REAL        IMAG.       REAL        IMAG.       REAL        IMAG.       REAL        IMAG.     (WATTS)
     2    32 1.00000E+00 0.00000E+00 3.59803E-02 1.17333E-02 2.51214E+01-8.19221E+00 3.59803E-02 1.17333E-02 1.79902E-02



                             - - - CURRENTS AND LOCATION - - -

                                 DISTANCES IN WAVELENGTHS


  SEG.  TAG    COORD. OF SEG. CENTER     SEG.            - - - CURRENT (AMPS) - - -
  NO.   NO.     X        Y        Z      LENGTH     REAL        IMAG.       MAG.        PHASE
     1    1   0.0000  -0.2349   0.0265  0.02349   1.7411E-04 -2.0985E-03  2.1057E-03  -85.257
     2    1   0.0000  -0.2114   0.0265  0.02349   4.7211E-04 -5.1576E-03  5.1791E-03  -84.770
     3    1   0.0000  -0.1879   0.0265  0.02349   7.8423E-04 -7.7851E-03  7.8245E-03  -84.248
     4    1   0.0000  -0.1644   0.0265  0.02349   1.1205E-03 -1.0136E-02  1.0198E-02  -83.692
     5    1   0.0000  -0.1409   0.0265  0.02349   1.4790E-03 -1.2203E-02  1.2292E-02  -83.090
     6    1   0.0000  -0.1174   0.0265  0.02349   1.8562E-03 -1.3962E-02  1.4085E-02  -82.427
     7    1   0.0000  -0.0939   0.0265  0.02349   2.2490E-03 -1.5386E-02  1.5550E-02  -81.684
     8    1   0.0000  -0.0705   0.0265  0.02349   2.6554E-03 -1.6450E-02  1.6663E-02  -80.830
     9    1   0.0000  -0.0470   0.0265  0.02349   3.0773E-03 -1.7129E-02  1.7403E-02  -79.815
    10    1   0.0000  -0.0235   0.0265  0.02349   3.5403E-03 -1.7386E-02  1.7742E-02  -78.490
    11    1   0.0000   0.0000   0.0265  0.02349   3.9748E-03 -1.7263E-02  1.7714E-02  -77.033
    12    1   0.0000   0.0235   0.0265  0.02349   3.5403E-03 -1.7386E-02  1.7742E-02  -78.490
    13    1   0.0000   0.0470   0.0265  0.02349   3.0773E-03 -1.7129E-02  1.7403E-02  -79.815
    14    1   0.0000   0.0705   0.0265  0.02349   2.6554E-03 -1.6450E-02  1.6663E-02  -80.830
    15    1   0.0000   0.0939   0.0265  0.02349   2.2490E-03 -1.5386E-02  1.5550E-02  -81.684
    16    1   0.0000   0.1174   0.0265  0.02349   1.8562E-03 -1.3962E-02  1.4085E-02  -82.427
    17    1   0.0000   0.1409   0.0265  0.02349   1.4790E-03 -1.2203E-02  1.2292E-02  -83.090
    18    1   0.0000   0.1644   0.0265  0.02349   1.1205E-03 -1.0136E-02  1.0198E-02  -83.692
    19    1   0.0000   0.1879   0.0265  0.02349   7.8423E-04 -7.7851E-03  7.8245E-03  -84.248
    20    1   0.0000   0.2114   0.0265  0.02349   4.7211E-04 -5.1576E-03  5.1791E-03  -84.770
    21    1   0.0000   0.2349   0.0265  0.02349   1.7411E-04 -2.0985E-03  2.1057E-03  -85.257
    22    2  -0.2349   0.0000   0.0000  0.02349   1.1190E-03 -7.0210E-04  1.3210E-03  -32.105
    23    2  -0.2114   0.0000   0.0000  0.02349   2.7669E-03 -1.7034E-03  3.2492E-03  -31.618
    24    2  -0.1879   0.0000   0.0000  0.02349   4.2034E-03 -2.5353E-03  4.9088E-03  -31.096
    25    2  -0.1644   0.0000   0.0000  0.02349   5.5102E-03 -3.2510E-03  6.3978E-03  -30.540
    26    2  -0.1409   0.0000   0.0000  0.02349   6.6826E-03 -3.8485E-03  7.7116E-03  -29.938
    27    2  -0.1174   0.0000   0.0000  0.02349   7.7076E-03 -4.3209E-03  8.8361E-03  -29.275
    28    2  -0.0939   0.0000   0.0000  0.02349   8.5704E-03 -4.6596E-03  9.7552E-03  -28.532
    29    2  -0.0705   0.0000   0.0000  0.02349   9.2574E-03 -4.8558E-03  1.0454E-02  -27.679
    30    2  -0.0470   0.0000   0.0000  0.02349   9.7569E-03 -4.8994E-03  1.0918E-02  -26.663
    31    2  -0.0235   0.0000   0.0000  0.02349   1.0060E-02 -4.7636E-03  1.1131E-02  -25.338
    32    2   0.0000   0.0000   0.0000  0.02349   1.0162E-02 -4.4992E-03  1.1113E-02  -23.882
    33    2   0.0235   0.0000   0.0000  0.02349   1.0060E-02 -4.7636E-03  1.1131E-02  -25.338
    34    2   0.0470   0.0000   0.0000  0.02349   9.7569E-03 -4.8994E-03  1.0918E-02  -26.663
    35    2   0.0705   0.0000   0.0000  0.02349   9.2574E-03 -4.8558E-03  1.0454E-02  -27.679
    36    2   0.0939   0.0000   0.0000  0.02349   8.5704E-03 -4.6596E-03  9.7552E-03  -28.532
    37    2   0.1174   0.0000   0.0000  0.02349   7.7076E-03 -4.3209E-03  8.8361E-03  -29.275
    38    2   0.1409   0.0000   0.0000  0.02349   6.6826E-03 -3.8485E-03  7.7116E-03  -29.938
    39    2   0.1644   0.0000   0.0000  0.02349   5.5102E-03 -3.2510E-03  6.3978E-03  -30.540
    40    2   0.1879   0.0000   0.0000  0.02349   4.2034E-03 -2.5353E-03  4.9088E-03  -31.096
    41    2   0.2114   0.0000   0.0000  0.02349   2.7669E-03 -1.7034E-03  3.2492E-03  -31.618
    42    2   0.2349   0.0000   0.0000  0.02349   1.1190E-03 -7.0210E-04  1.3210E-03  -32.105



                                        - - - POWER BUDGET - - -

                                           INPUT POWER   = 1.7990E-02 WATTS
                                           RADIATED POWER= 1.7990E-02 WATTS
                                           STRUCTURE LOSS= 0.0000E+00 WATTS
                                           NETWORK LOSS  = 4.1633E-17 WATTS
                                           EFFICIENCY    = 100.00 PERCENT



                                                - - - RADIATION PATTERNS - - -

  - - ANGLES - -           - POWER GAINS -       - - - POLARIZATION - - -    - - - E(THETA) - - -    - - - E(PHI) - - -
  THETA     PHI        VERT.   HOR.    TOTAL      AXIAL     TILT   SENSE     MAGNITUDE    PHASE      MAGNITUDE    PHASE 
 DEGREES  DEGREES       DB      DB      DB        RATIO     DEG.              VOLTS/M    DEGREES      VOLTS/M    DEGREES
 -180.00     0.00      -3.32    0.73    2.17    0.50006   -68.25  LEFT      7.08455E-01    61.89    1.12926E+00   179.19
 -178.00     0.00      -3.33    0.73    2.17    0.49969   -68.28  LEFT      7.07811E-01    61.89    1.12926E+00   179.19
 -176.00     0.00      -3.35    0.73    2.16    0.49859   -68.36  LEFT      7.05882E-01    61.89    1.12926E+00   179.21
 -174.00     0.00      -3.39    0.73    2.15    0.49674   -68.49  LEFT      7.02679E-01    61.89    1.12926E+00   179.24
 -172.00     0.00      -3.45    0.73    2.13    0.49416   -68.68  LEFT      6.98217E-01    61.90    1.12926E+00   179.28
 -170.00     0.00      -3.52    0.73    2.11    0.49084   -68.92  LEFT      6.92520E-01    61.90    1.12926E+00   179.33
 -168.00     0.00      -3.61    0.73    2.09    0.48679   -69.20  LEFT      6.85618E-01    61.91    1.12926E+00   179.40
 -166.00     0.00      -3.71    0.73    2.06    0.48200   -69.53  LEFT      6.77546E-01    61.92    1.12926E+00   179.47
 -164.00     0.00      -3.83    0.73    2.03    0.47648   -69.90  LEFT      6.68343E-01    61.93    1.12926E+00   179.56
 -162.00     0.00      -3.96    0.73    2.00    0.47024   -70.31  LEFT      6.58055E-01    61.94    1.12926E+00   179.66
 -160.00     0.00      -4.11    0.73    1.96    0.46329   -70.75  LEFT      6.46731E-01    61.95    1.12926E+00   179.76
 -158.00     0.00      -4.28    0.73    1.92    0.45564   -71.22  LEFT      6.34426E-01    61.96    1.12926E+00   179.88
 -156.00     0.00      -4.46    0.73    1.88    0.44731   -71.72  LEFT      6.21196E-01    61.97    1.12926E+00  -179.99
 -154.00     0.00      -4.66    0.73    1.83    0.43832   -72.24  LEFT      6.07099E-01    61.99    1.12926E+00  -179.85
 -152.00     0.00      -4.88    0.73    1.78    0.42868   -72.78  LEFT      5.92198E-01    62.00    1.12926E+00  -179.69
 -150.00     0.00      -5.11    0.73    1.73    0.41844   -73.33  LEFT      5.76554E-01    62.02    1.12926E+00  -179.53
 -148.00     0.00      -5.36    0.73    1.68    0.40761   -73.89  LEFT      5.60232E-01    62.04    1.12926E+00  -179.36
 -146.00     0.00      -5.63    0.73    1.63    0.39623   -74.47  LEFT      5.43293E-01    62.05    1.12926E+00  -179.18
 -144.00     0.00      -5.91    0.73    1.58    0.38435   -75.04  LEFT      5.25802E-01    62.07    1.12926E+00  -178.99
 -142.00     0.00      -6.21    0.73    1.53    0.37199   -75.62  LEFT      5.07820E-01    62.09    1.12926E+00  -178.79
 -140.00     0.00      -6.54    0.73    1.47    0.35920   -76.21  LEFT      4.89407E-01    62.11    1.12926E+00  -178.58
 -138.00     0.00      -6.88    0.73    1.42    0.34602   -76.79  LEFT      4.70622E-01    62.13    1.12926E+00  -178.36
 -136.00     0.00      -7.24    0.73    1.37    0.33249   -77.37  LEFT      4.51520E-01    62.15    1.12926E+00  -178.13
 -134.00     0.00      -7.62    0.73    1.32    0.31866   -77.95  LEFT      4.32154E-01    62.17    1.12926E+00  -177.90
 -132.00     0.00      -8.02    0.73    1.27    0.30456   -78.52  LEFT      4.12574E-01    62.19    1.12926E+00  -177.65
 -130.00     0.00      -8.44    0.73    1.22    0.29024   -79.09  LEFT      3.92825E-01    62.21    1.12926E+00  -177.40
 -128.00     0.00      -8.90    0.73    1.18    0.27574   -79.66  LEFT      3.72952E-01    62.23    1.12926E+00  -177.14
 -126.00     0.00      -9.37    0.73    1.13    0.26109   -80.21  LEFT      3.52991E-01    62.25    1.12926E+00  -176.88
 -124.00     0.00      -9.88    0.73    1.09    0.24633   -80.77  LEFT      3.32979E-01    62.28    1.12926E+00  -176.60
 -122.00     0.00     -10.42    0.73    1.05    0.23149   -81.32  LEFT      3.12945E-01    62.29    1.12926E+00  -176.32
 -120.00     0.00     -10.99    0.73    1.01    0.21660   -81.87  LEFT      2.92916E-01    62.31    1.12926E+00  -176.04
 -118.00     0.00     -11.61    0.73    0.97    0.20170   -82.41  LEFT      2.72915E-01    62.33    1.12926E+00  -175.75
 -116.00     0.00     -12.27    0.73    0.94    0.18679   -82.95  LEFT      2.52960E-01    62.35    1.12926E+00  -175.45
 -114.00     0.00     -12.98    0.73    0.91    0.17192   -83.48  LEFT      2.33065E-01    62.37    1.12926E+00  -175.15
 -112.00     0.00     -13.75    0.73    0.88    0.15709   -84.02  LEFT      2.13243E-01    62.38    1.12926E+00  -174.84
 -110.00     0.00     -14.60    0.73    0.85    0.14232   -84.55  LEFT      1.93500E-01    62.40    1.12926E+00  -174.53
 -108.00     0.00     -15.53    0.73    0.83    0.12763   -85.08  LEFT      1.73840E-01    62.41    1.12926E+00  -174.22
 -106.00     0.00     -16.56    0.73    0.81    0.11303   -85.61  LEFT      1.54265E-01    62.43    1.12926E+00  -173.90
 -104.00     0.00     -17.74    0.73    0.79    0.09851   -86.15  LEFT      1.34772E-01    62.44    1.12926E+00  -173.57
 -102.00     0.00     -19.09    0.73    0.77    0.08411   -86.68  LEFT      1.15356E-01    62.45    1.12926E+00  -173.25
 -100.00     0.00     -20.68    0.73    0.76    0.06980   -87.22  LEFT      9.60123E-02    62.46    1.12926E+00  -172.92
  -98.00     0.00     -22.63    0.73    0.75    0.05561   -87.76  LEFT      7.67306E-02    62.46    1.12926E+00  -172.59
  -96.00     0.00     -25.14    0.73    0.74    0.04154   -88.31  LEFT      5.75007E-02    62.47    1.12926E+00  -172.26
  -94.00     0.00     -28.66    0.73    0.73    0.02758   -88.87  LEFT      3.83110E-02    62.47    1.12926E+00  -171.93
  -92.00     0.00     -34.69    0.73    0.73    0.01373   -89.43  LEFT      1.91486E-02    62.48    1.12926E+00  -171.60
  -90.00     0.00    -999.99    0.73    0.73    0.00000   -90.00  LINEAR    2.79922E-12    62.48    1.12926E+00  -171.27
  -88.00     0.00     -34.69    0.73    0.73    0.01361    89.42  RIGHT     1.91486E-02  -117.52    1.12926E+00  -170.93
  -86.00     0.00     -28.66    0.73    0.73    0.02711    88.83  RIGHT     3.83110E-02  -117.53    1.12926E+00  -170.60
  -84.00     0.00     -25.14    0.73    0.74    0.04049    88.23  RIGHT     5.75007E-02  -117.53    1.12926E+00  -170.27
  -82.00     0.00     -22.63    0.73    0.75    0.05374    87.62  RIGHT     7.67306E-02  -117.54    1.12926E+00  -169.94
  -80.00     0.00     -20.68    0.73    0.76    0.06687    86.99  RIGHT     9.60123E-02  -117.54    1.12926E+00  -169.61
  -78.00     0.00     -19.09    0.73    0.77    0.07988    86.36  RIGHT     1.15356E-01  -117.55    1.12926E+00  -169.28
  -76.00     0.00     -17.74    0.73    0.79    0.09274    85.70  RIGHT     1.34772E-01  -117.56    1.12926E+00  -168.96
  -74.00     0.00     -16.56    0.73    0.81    0.10547    85.04  RIGHT     1.54265E-01  -117.57    1.12926E+00  -168.63
  -72.00     0.00     -15.53    0.73    0.83    0.11804    84.36  RIGHT     1.73840E-01  -117.59    1.12926E+00  -168.32
  -70.00     0.00     -14.60    0.73    0.85    0.13045    83.66  RIGHT     1.93500E-01  -117.60    1.12926E+00  -168.00
  -68.00     0.00     -13.75    0.73    0.88    0.14267    82.95  RIGHT     2.13243E-01  -117.62    1.12926E+00  -167.69
  -66.00     0.00     -12.98    0.73    0.91    0.15470    82.22  RIGHT     2.33065E-01  -117.63    1.12926E+00  -167.38
  -64.00     0.00     -12.27    0.73    0.94    0.16652    81.47  RIGHT     2.52960E-01  -117.65    1.12926E+00  -167.08
  -62.00     0.00     -11.61    0.73    0.97    0.17811    80.71  RIGHT     2.72915E-01  -117.67    1.12926E+00  -166.78
  -60.00     0.00     -10.99    0.73    1.01    0.18944    79.94  RIGHT     2.92916E-01  -117.69    1.12926E+00  -166.49
  -58.00     0.00     -10.42    0.73    1.05    0.20050    79.15  RIGHT     3.12945E-01  -117.71    1.12926E+00  -166.21
  -56.00     0.00      -9.88    0.73    1.09    0.21126    78.35  RIGHT     3.32979E-01  -117.72    1.12926E+00  -165.93
  -54.00     0.00      -9.37    0.73    1.13    0.22170    77.54  RIGHT     3.52991E-01  -117.75    1.12926E+00  -165.65
  -52.00     0.00      -8.90    0.73    1.18    0.23180    76.72  RIGHT     3.72952E-01  -117.77    1.12926E+00  -165.39
  -50.00     0.00      -8.44    0.73    1.22    0.24152    75.90  RIGHT     3.92825E-01  -117.79    1.12926E+00  -165.13
  -48.00     0.00      -8.02    0.73    1.27    0.25085    75.06  RIGHT     4.12574E-01  -117.81    1.12926E+00  -164.88
  -46.00     0.00      -7.62    0.73    1.32    0.25978    74.23  RIGHT     4.32154E-01  -117.83    1.12926E+00  -164.63
  -44.00     0.00      -7.24    0.73    1.37    0.26827    73.40  RIGHT     4.51520E-01  -117.85    1.12926E+00  -164.40
  -42.00     0.00      -6.88    0.73    1.42    0.27632    72.56  RIGHT     4.70622E-01  -117.87    1.12926E+00  -164.17
  -40.00     0.00      -6.54    0.73    1.47    0.28392    71.74  RIGHT     4.89407E-01  -117.89    1.12926E+00  -163.95
  -38.00     0.00      -6.21    0.73    1.53    0.29105    70.93  RIGHT     5.07820E-01  -117.91    1.12926E+00  -163.74
  -36.00     0.00      -5.91    0.73    1.58    0.29770    70.13  RIGHT     5.25802E-01  -117.93    1.12926E+00  -163.54
  -34.00     0.00      -5.63    0.73    1.63    0.30389    69.34  RIGHT     5.43293E-01  -117.95    1.12926E+00  -163.35
  -32.00     0.00      -5.36    0.73    1.68    0.30961    68.58  RIGHT     5.60232E-01  -117.96    1.12926E+00  -163.17
  -30.00     0.00      -5.11    0.73    1.73    0.31486    67.84  RIGHT     5.76554E-01  -117.98    1.12926E+00  -163.00
  -28.00     0.00      -4.88    0.73    1.78    0.31965    67.13  RIGHT     5.92198E-01  -118.00    1.12926E+00  -162.84
  -26.00     0.00      -4.66    0.73    1.83    0.32401    66.46  RIGHT     6.07099E-01  -118.01    1.12926E+00  -162.68
  -24.00     0.00      -4.46    0.73    1.88    0.32793    65.82  RIGHT     6.21196E-01  -118.03    1.12926E+00  -162.54
  -22.00     0.00      -4.28    0.73    1.92    0.33144    65.22  RIGHT     6.34426E-01  -118.04    1.12926E+00  -162.41
  -20.00     0.00      -4.11    0.73    1.96    0.33456    64.66  RIGHT     6.46731E-01  -118.05    1.12926E+00  -162.29
  -18.00     0.00      -3.96    0.73    2.00    0.33731    64.14  RIGHT     6.58055E-01  -118.06    1.12926E+00  -162.19
  -16.00     0.00      -3.83    0.73    2.03    0.33970    63.68  RIGHT     6.68343E-01  -118.07    1.12926E+00  -162.09
  -14.00     0.00      -3.71    0.73    2.06    0.34176    63.26  RIGHT     6.77546E-01  -118.08    1.12926E+00  -162.00
  -12.00     0.00      -3.61    0.73    2.09    0.34350    62.89  RIGHT     6.85618E-01  -118.09    1.12926E+00  -161.93
  -10.00     0.00      -3.52    0.73    2.11    0.34494    62.58  RIGHT     6.92520E-01  -118.10    1.12926E+00  -161.86
   -8.00     0.00      -3.45    0.73    2.13    0.34610    62.32  RIGHT     6.98217E-01  -118.10    1.12926E+00  -161.81
   -6.00     0.00      -3.39    0.73    2.15    0.34699    62.12  RIGHT     7.02679E-01  -118.11    1.12926E+00  -161.77
   -4.00     0.00      -3.35    0.73    2.16    0.34761    61.98  RIGHT     7.05882E-01  -118.11    1.12926E+00  -161.74
   -2.00     0.00      -3.33    0.73    2.17    0.34798    61.89  RIGHT     7.07811E-01  -118.11    1.12926E+00  -161.72
    0.00     0.00      -3.32    0.73    2.17    0.34811    61.86  RIGHT     7.08455E-01  -118.11    1.12926E+00  -161.72
    2.00     0.00      -3.33    0.73    2.17    0.34798    61.89  RIGHT     7.07811E-01  -118.11    1.12926E+00  -161.72
    4.00     0.00      -3.35    0.73    2.16    0.34761    61.98  RIGHT     7.05882E-01  -118.11    1.12926E+00  -161.74
    6.00     0.00      -3.39    0.73    2.15    0.34699    62.12  RIGHT     7.02679E-01  -118.11    1.12926E+00  -161.77
    8.00     0.00      -3.45    0.73    2.13    0.34610    62.32  RIGHT     6.98217E-01  -118.10    1.12926E+00  -161.81
   10.00     0.00      -3.52    0.73    2.11    0.34494    62.58  RIGHT     6.92520E-01  -118.10    1.12926E+00  -161.86
   12.00     0.00      -3.61    0.73    2.09    0.34350    62.89  RIGHT     6.85618E-01  -118.09    1.12926E+00  -161.93
   14.00     0.00      -3.71    0.73    2.06    0.34176    63.26  RIGHT     6.77546E-01  -118.08    1.12926E+00  -162.00
   16.00     0.00      -3.83    0.73    2.03    0.33970    63.68  RIGHT     6.68343E-01  -118.07    1.12926E+00  -162.09
   18.00     0.00      -3.96    0.73    2.00    0.33731    64.14  RIGHT     6.58055E-01  -118.06    1.12926E+00  -162.19
   20.00     0.00      -4.11    0.73    1.96    0.33456    64.66  RIGHT     6.46731E-01  -118.05    1.12926E+00  -162.29
   22.00     0.00      -4.28    0.73    1.92    0.33144    65.22  RIGHT     6.34426E-01  -118.04    1.12926E+00  -162.41
   24.00     0.00      -4.46    0.73    1.88    0.32793    65.82  RIGHT     6.21196E-01  -118.03    1.12926E+00  -162.54
   26.00     0.00      -4.66    0.73    1.83    0.32401    66.46  RIGHT     6.07099E-01  -118.01    1.12926E+00  -162.68
   28.00     0.00      -4.88    0.73    1.78    0.31965    67.13  RIGHT     5.92198E-01  -118.00    1.12926E+00  -162.84
   30.00     0.00      -5.11    0.73    1.73    0.31486    67.84  RIGHT     5.76554E-01  -117.98    1.12926E+00  -163.00
   32.00     0.00      -5.36    0.73    1.68    0.30961    68.58  RIGHT     5.60232E-01  -117.96    1.12926E+00  -163.17
   34.00     0.00      -5.63    0.73    1.63    0.30389    69.34  RIGHT     5.43293E-01  -117.95    1.12926E+00  -163.35
   36.00     0.00      -5.91    0.73    1.58    0.29770    70.13  RIGHT     5.25802E-01  -117.93    1.12926E+00  -163.54
   38.00     0.00      -6.21    0.73    1.53    0.29105    70.93  RIGHT     5.07820E-01  -117.91    1.12926E+00  -163.74
   40.00     0.00      -6.54    0.73    1.47    0.28392    71.74  RIGHT     4.89407E-01  -117.89    1.12926E+00  -163.95
   42.00     0.00      -6.88    0.73    1.42    0.27632    72.56  RIGHT     4.70622E-01  -117.87    1.12926E+00  -164.17
   44.00     0.00      -7.24    0.73    1.37    0.26827    73.40  RIGHT     4.51520E-01  -117.85    1.12926E+00  -164.40
   46.00     0.00      -7.62    0.73    1.32    0.25978    74.23  RIGHT     4.32154E-01  -117.83    1.12926E+00  -164.63
   48.00     0.00      -8.02    0.73    1.27    0.25085    75.06  RIGHT     4.12574E-01  -117.81    1.12926E+00  -164.88
   50.00     0.00      -8.44    0.73    1.22    0.24152    75.90  RIGHT     3.92825E-01  -117.79    1.12926E+00  -165.13
   52.00     0.00      -8.90    0.73    1.18    0.23180    76.72  RIGHT     3.72952E-01  -117.77    1.12926E+00  -165.39
   54.00     0.00      -9.37    0.73    1.13    0.22170    77.54  RIGHT     3.52991E-01  -117.75    1.12926E+00  -165.65
   56.00     0.00      -9.88    0.73    1.09    0.21126    78.35  RIGHT     3.32979E-01  -117.72    1.12926E+00  -165.93
   58.00     0.00     -10.42    0.73    1.05    0.20050    79.15  RIGHT     3.12945E-01  -117.71    1.12926E+00  -166.21
   60.00     0.00     -10.99    0.73    1.01    0.18944    79.94  RIGHT     2.92916E-01  -117.69    1.12926E+00  -166.49
   62.00     0.00     -11.61    0.73    0.97    0.17811    80.71  RIGHT     2.72915E-01  -117.67    1.12926E+00  -166.78
   64.00     0.00     -12.27    0.73    0.94    0.16652    81.47  RIGHT     2.52960E-01  -117.65    1.12926E+00  -167.08
   66.00     0.00     -12.98    0.73    0.91    0.15470    82.22  RIGHT     2.33065E-01  -117.63    1.12926E+00  -167.38
   68.00     0.00     -13.75    0.73    0.88    0.14267    82.95  RIGHT     2.13243E-01  -117.62    1.12926E+00  -167.69
   70.00     0.00     -14.60    0.73    0.85    0.13045    83.66  RIGHT     1.93500E-01  -117.60    1.12926E+00  -168.00
   72.00     0.00     -15.53    0.73    0.83    0.11804    84.36  RIGHT     1.73840E-01  -117.59    1.12926E+00  -168.32
   74.00     0.00     -16.56    0.73    0.81    0.10547    85.04  RIGHT     1.54265E-01  -117.57    1.12926E+00  -168.63
   76.00     0.00     -17.74    0.73    0.79    0.09274    85.70  RIGHT     1.34772E-01  -117.56    1.12926E+00  -168.96
   78.00     0.00     -19.09    0.73    0.77    0.07988    86.36  RIGHT     1.15356E-01  -117.55    1.12926E+00  -169.28
   80.00     0.00     -20.68    0.73    0.76    0.06687    86.99  RIGHT     9.60123E-02  -117.54    1.12926E+00  -169.61
   82.00     0.00     -22.63    0.73    0.75    0.05374    87.62  RIGHT     7.67306E-02  -117.54    1.12926E+00  -169.94
   84.00     0.00     -25.14    0.73    0.74    0.04049    88.23  RIGHT     5.75007E-02  -117.53    1.12926E+00  -170.27
   86.00     0.00     -28.66    0.73    0.73    0.02711    88.83  RIGHT     3.83110E-02  -117.53    1.12926E+00  -170.60
   88.00     0.00     -34.69    0.73    0.73    0.01361    89.42  RIGHT     1.91486E-02  -117.52    1.12926E+00  -170.93
   90.00     0.00    -999.99    0.73    0.73    0.00000   -90.00  LINEAR    2.79922E-12    62.48    1.12926E+00  -171.27
   92.00     0.00     -34.69    0.73    0.73    0.01373   -89.43  LEFT      1.91486E-02    62.48    1.12926E+00  -171.60
   94.00     0.00     -28.66    0.73    0.73    0.02758   -88.87  LEFT      3.83110E-02    62.47    1.12926E+00  -171.93
   96.00     0.00     -25.14    0.73    0.74    0.04154   -88.31  LEFT      5.75007E-02    62.47    1.12926E+00  -172.26
   98.00     0.00     -22.63    0.73    0.75    0.05561   -87.76  LEFT      7.67306E-02    62.46    1.12926E+00  -172.59
  100.00     0.00     -20.68    0.73    0.76    0.06980   -87.22  LEFT      9.60123E-02    62.46    1.12926E+00  -172.92
  102.00     0.00     -19.09    0.73    0.77    0.08411   -86.68  LEFT      1.15356E-01    62.45    1.12926E+00  -173.25
  104.00     0.00     -17.74    0.73    0.79    0.09851   -86.15  LEFT      1.34772E-01    62.44    1.12926E+00  -173.57
  106.00     0.00     -16.56    0.73    0.81    0.11303   -85.61  LEFT      1.54265E-01    62.43    1.12926E+00  -173.90
  108.00     0.00     -15.53    0.73    0.83    0.12763   -85.08  LEFT      1.73840E-01    62.41    1.12926E+00  -174.22
  110.00     0.00     -14.60    0.73    0.85    0.14232   -84.55  LEFT      1.93500E-01    62.40    1.12926E+00  -174.53
  112.00     0.00     -13.75    0.73    0.88    0.15709   -84.02  LEFT      2.13243E-01    62.38    1.12926E+00  -174.84
  114.00     0.00     -12.98    0.73    0.91    0.17192   -83.48  LEFT      2.33065E-01    62.37    1.12926E+00  -175.15
  116.00     0.00     -12.27    0.73    0.94    0.18679   -82.95  LEFT      2.52960E-01    62.35    1.12926E+00  -175.45
  118.00     0.00     -11.61    0.73    0.97    0.20170   -82.41  LEFT      2.72915E-01    62.33    1.12926E+00  -175.75
  120.00     0.00     -10.99    0.73    1.01    0.21660   -81.87  LEFT      2.92916E-01    62.31    1.12926E+00  -176.04
  122.00     0.00     -10.42    0.73    1.05    0.23149   -81.32  LEFT      3.12945E-01    62.29    1.12926E+00  -176.32
  124.00     0.00      -9.88    0.73    1.09    0.24633   -80.77  LEFT      3.32979E-01    62.28    1.12926E+00  -176.60
  126.00     0.00      -9.37    0.73    1.13    0.26109   -80.21  LEFT      3.52991E-01    62.25    1.12926E+00  -176.88
  128.00     0.00      -8.90    0.73    1.18    0.27574   -79.66  LEFT      3.72952E-01    62.23    1.12926E+00  -177.14
  130.00     0.00      -8.44    0.73    1.22    0.29024   -79.09  LEFT      3.92825E-01    62.21    1.12926E+00  -177.40
  132.00     0.00      -8.02    0.73    1.27    0.30456   -78.52  LEFT      4.12574E-01    62.19    1.12926E+00  -177.65
  134.00     0.00      -7.62    0.73    1.32    0.31866   -77.95  LEFT      4.32154E-01    62.17    1.12926E+00  -177.90
  136.00     0.00      -7.24    0.73    1.37    0.33249   -77.37  LEFT      4.51520E-01    62.15    1.12926E+00  -178.13
  138.00     0.00      -6.88    0.73    1.42    0.34602   -76.79  LEFT      4.70622E-01    62.13    1.12926E+00  -178.36
  140.00     0.00      -6.54    0.73    1.47    0.35920   -76.21  LEFT      4.89407E-01    62.11    1.12926E+00  -178.58
  142.00     0.00      -6.21    0.73    1.53    0.37199   -75.62  LEFT      5.07820E-01    62.09    1.12926E+00  -178.79
  144.00     0.00      -5.91    0.73    1.58    0.38435   -75.04  LEFT      5.25802E-01    62.07    1.12926E+00  -178.99
  146.00     0.00      -5.63    0.73    1.63    0.39623   -74.47  LEFT      5.43293E-01    62.05    1.12926E+00  -179.18
  148.00     0.00      -5.36    0.73    1.68    0.40761   -73.89  LEFT      5.60232E-01    62.04    1.12926E+00  -179.36
  150.00     0.00      -5.11    0.73    1.73    0.41844   -73.33  LEFT      5.76554E-01    62.02    1.12926E+00  -179.53
  152.00     0.00      -4.88    0.73    1.78    0.42868   -72.78  LEFT      5.92198E-01    62.00    1.12926E+00  -179.69
  154.00     0.00      -4.66    0.73    1.83    0.43832   -72.24  LEFT      6.07099E-01    61.99    1.12926E+00  -179.85
  156.00     0.00      -4.46    0.73    1.88    0.44731   -71.72  LEFT      6.21196E-01    61.97    1.12926E+00  -179.99
  158.00     0.00      -4.28    0.73    1.92    0.45564   -71.22  LEFT      6.34426E-01    61.96    1.12926E+00   179.88
  160.00     0.00      -4.11    0.73    1.96    0.46329   -70.75  LEFT      6.46731E-01    61.95    1.12926E+00   179.76
  162.00     0.00      -3.96    0.73    2.00    0.47024   -70.31  LEFT      6.58055E-01    61.94    1.12926E+00   179.66
  164.00     0.00      -3.83    0.73    2.03    0.47648   -69.90  LEFT      6.68343E-01    61.93    1.12926E+00   179.56
  166.00     0.00      -3.71    0.73    2.06    0.48200   -69.53  LEFT      6.77546E-01    61.92    1.12926E+00   179.47
  168.00     0.00      -3.61    0.73    2.09    0.48679   -69.20  LEFT      6.85618E-01    61.91    1.12926E+00   179.40
  170.00     0.00      -3.52    0.73    2.11    0.49084   -68.92  LEFT      6.92520E-01    61.90    1.12926E+00   179.33
  172.00     0.00      -3.45    0.73    2.13    0.49416   -68.68  LEFT      6.98217E-01    61.90    1.12926E+00   179.28
  174.00     0.00      -3.39    0.73    2.15    0.49674   -68.49  LEFT      7.02679E-01    61.89    1.12926E+00   179.24
  176.00     0.00      -3.35    0.73    2.16    0.49859   -68.36  LEFT      7.05882E-01    61.89    1.12926E+00   179.21
  178.00     0.00      -3.33    0.73    2.17    0.49969   -68.28  LEFT      7.07811E-01    61.89    1.12926E+00   179.19
  180.00     0.00      -3.32    0.73    2.17    0.50006   -68.25  LEFT      7.08455E-01    61.89    1.12926E+00   179.19




                                 - - - - - - FREQUENCY - - - - - -

                                    FREQUENCY= 1.6000E+03 MHZ
                                    WAVELENGTH= 1.8737E-01 METERS




                    APPROXIMATE INTEGRATION EMPLOYED FOR SEGMENTS MORE THAN   1.000 WAVELENGTHS APART

                    THE EXTENDED THIN WIRE KERNEL WILL BE USED



                               - - - STRUCTURE IMPEDANCE LOADING - - -

                                   THIS STRUCTURE IS NOT LOADED



                                  - - - ANTENNA ENVIRONMENT - - -

                                            FREE SPACE



                                - - - MATRIX TIMING - - -

                        FILL=    0.016 SEC.,  FACTOR=    0.000 SEC.



                                            - - - NETWORK DATA - - -

      - FROM -    - TO -           TRANSMISSION LINE               -  -  SHUNT ADMITTANCES (MHOS)  -  -              LINE
      TAG  SEG.   TAG  SEG.      IMPEDANCE      LENGTH            - END ONE -                 - END TWO -            TYPE
      NO.   NO.   NO.   NO.         OHMS        METERS         REAL          IMAG.         REAL          IMAG.
        1    11     2    32     5.0000E+01    4.2500E-02    0.0000E+00    0.0000E+00    0.0000E+00    0.0000E+00   STRAIGHT



                           - - - STRUCTURE EXCITATION DATA AT NETWORK CONNECTION POINTS - - -

   TAG   SEG.    VOLTAGE (VOLTS)         CURRENT (AMPS)         IMPEDANCE (OHMS)        ADMITTANCE (MHOS)      POWER
   NO.   NO.    REAL        IMAG.       REAL        IMAG.       REAL        IMAG.       REAL        IMAG.     (WATTS)
     1    11 1.03738E+00-1.28421E+00 3.76778E-03-1.71705E-02 8.40043E+01 4.19830E+01 9.52506E-03-4.76036E-03 1.29795E-02
     2    32 1.00000E+00 0.00000E+00 9.52506E-03-4.76036E-03 8.40043E+01 4.19830E+01 9.52506E-03-4.76036E-03 4.76253E-03



                                          - - - ANTENNA INPUT PARAMETERS - - -

   TAG   SEG.    VOLTAGE (VOLTS)         CURRENT (AMPS)         IMPEDANCE (OHMS)        ADMITTANCE (MHOS)      POWER
   NO.   NO.    REAL        IMAG.       REAL        IMAG.       REAL        IMAG.       REAL        IMAG.     (WATTS)
     2    32 1.00000E+00 0.00000E+00 3.54842E-02 1.32753E-02 2.47215E+01-9.24877E+00 3.54842E-02 1.32753E-02 1.77421E-02



                             - - - CURRENTS AND LOCATION - - -

                                 DISTANCES IN WAVELENGTHS


  SEG.  TAG    COORD. OF SEG. CENTER     SEG.            - - - CURRENT (AMPS) - - -
  NO.   NO.     X        Y        Z      LENGTH     REAL        IMAG.       MAG.        PHASE
     1    1   0.0000  -0.2363   0.0267  0.02363   1.4686E-04 -2.1011E-03  2.1063E-03  -86.002
     2    1   0.0000  -0.2127   0.0267  0.02363   4.0562E-04 -5.1640E-03  5.1799E-03  -85.509
     3    1   0.0000  -0.1891   0.0267  0.02363   6.8464E-04 -7.7940E-03  7.8240E-03  -84.980
     4    1   0.0000  -0.1654   0.0267  0.02363   9.9185E-04 -1.0145E-02  1.0194E-02  -84.416
     5    1   0.0000  -0.1418   0.0267  0.02363   1.3252E-03 -1.2210E-02  1.2282E-02  -83.806
     6    1   0.0000  -0.1182   0.0267  0.02363   1.6817E-03 -1.3963E-02  1.4064E-02  -83.133
     7    1   0.0000  -0.0945   0.0267  0.02363   2.0582E-03 -1.5379E-02  1.5516E-02  -82.377
     8    1   0.0000  -0.0709   0.0267  0.02363   2.4530E-03 -1.6429E-02  1.6611E-02  -81.508
     9    1   0.0000  -0.0473   0.0267  0.02363   2.8682E-03 -1.7090E-02  1.7329E-02  -80.473
    10    1   0.0000  -0.0236   0.0267  0.02363   3.3300E-03 -1.7321E-02  1.7638E-02  -79.118
    11    1   0.0000   0.0000   0.0267  0.02363   3.7678E-03 -1.7170E-02  1.7579E-02  -77.624
    12    1   0.0000   0.0236   0.0267  0.02363   3.3300E-03 -1.7321E-02  1.7638E-02  -79.118
    13    1   0.0000   0.0473   0.0267  0.02363   2.8682E-03 -1.7090E-02  1.7329E-02  -80.473
    14    1   0.0000   0.0709   0.0267  0.02363   2.4530E-03 -1.6429E-02  1.6611E-02  -81.508
    15    1   0.0000   0.0945   0.0267  0.02363   2.0582E-03 -1.5379E-02  1.5516E-02  -82.377
    16    1   0.0000   0.1182   0.0267  0.02363   1.6817E-03 -1.3963E-02  1.4064E-02  -83.133
    17    1   0.0000   0.1418   0.0267  0.02363   1.3252E-03 -1.2210E-02  1.2282E-02  -83.806
    18    1   0.0000   0.1654   0.0267  0.02363   9.9185E-04 -1.0145E-02  1.0194E-02  -84.416
    19    1   0.0000   0.1891   0.0267  0.02363   6.8464E-04 -7.7940E-03  7.8240E-03  -84.980
    20    1   0.0000   0.2127   0.0267  0.02363   4.0562E-04 -5.1640E-03  5.1799E-03  -85.509
    21    1   0.0000   0.2363   0.0267  0.02363   1.4686E-04 -2.1011E-03  2.1063E-03  -86.002
    22    2  -0.2363   0.0000   0.0000  0.02363   1.0460E-03 -7.3057E-04  1.2759E-03  -34.933
    23    2  -0.2127   0.0000   0.0000  0.02363   2.5877E-03 -1.7745E-03  3.1377E-03  -34.440
    24    2  -0.1891   0.0000   0.0000  0.02363   3.9332E-03 -2.6441E-03  4.7393E-03  -33.911
    25    2  -0.1654   0.0000   0.0000  0.02363   5.1582E-03 -3.3944E-03  6.1748E-03  -33.347
    26    2  -0.1418   0.0000   0.0000  0.02363   6.2579E-03 -4.0231E-03  7.4395E-03  -32.737
    27    2  -0.1182   0.0000   0.0000  0.02363   7.2198E-03 -4.5226E-03  8.5194E-03  -32.064
    28    2  -0.0945   0.0000   0.0000  0.02363   8.0300E-03 -4.8839E-03  9.3986E-03  -31.308
    29    2  -0.0709   0.0000   0.0000  0.02363   8.6753E-03 -5.0978E-03  1.0062E-02  -30.439
    30    2  -0.0473   0.0000   0.0000  0.02363   9.1445E-03 -5.1534E-03  1.0497E-02  -29.404
    31    2  -0.0236   0.0000   0.0000  0.02363   9.4295E-03 -5.0240E-03  1.0684E-02  -28.049
    32    2   0.0000   0.0000   0.0000  0.02363   9.5251E-03 -4.7604E-03  1.0648E-02  -26.555
    33    2   0.0236   0.0000   0.0000  0.02363   9.4295E-03 -5.0240E-03  1.0684E-02  -28.049
    34    2   0.0473   0.0000   0.0000  0.02363   9.1445E-03 -5.1534E-03  1.0497E-02  -29.404
    35    2   0.0709   0.0000   0.0000  0.02363   8.6753E-03 -5.0978E-03  1.0062E-02  -30.439
    36    2   0.0945   0.0000   0.0000  0.02363   8.0300E-03 -4.8839E-03  9.3986E-03  -31.308
    37    2   0.1182   0.0000   0.0000  0.02363   7.2198E-03 -4.5226E-03  8.5194E-03  -32.064
    38    2   0.1418   0.0000   0.0000  0.02363   6.2579E-03 -4.0231E-03  7.4395E-03  -32.737
    39    2   0.1654   0.0000   0.0000  0.02363   5.1582E-03 -3.3944E-03  6.1748E-03  -33.347
    40    2   0.1891   0.0000   0.0000  0.02363   3.9332E-03 -2.6441E-03  4.7393E-03  -33.911
    41    2   0.2127   0.0000   0.0000  0.02363   2.5877E-03 -1.7745E-03  3.1377E-03  -34.440
    42    2   0.2363   0.0000   0.0000  0.02363   1.0460E-03 -7.3057E-04  1.2759E-03  -34.933



                                        - - - POWER BUDGET - - -

                                           INPUT POWER   = 1.7742E-02 WATTS
                                           RADIATED POWER= 1.7742E-02 WATTS
                                           STRUCTURE LOSS= 0.0000E+00 WATTS
                                           NETWORK LOSS  =-1.0061E-16 WATTS
                                           EFFICIENCY    = 100.00 PERCENT



                                                - - - RADIATION PATTERNS - - -

  - - ANGLES - -           - POWER GAINS -       - - - POLARIZATION - - -    - - - E(THETA) - - -    - - - E(PHI) - - -
  THETA     PHI        VERT.   HOR.    TOTAL      AXIAL     TILT   SENSE     MAGNITUDE    PHASE      MAGNITUDE    PHASE 
 DEGREES  DEGREES       DB      DB      DB        RATIO     DEG.              VOLTS/M    DEGREES      VOLTS/M    DEGREES
 -180.00     0.00      -3.54    0.82    2.17    0.47268   -68.43  LEFT      6.86358E-01    59.12    1.13308E+00   178.44
 -178.00     0.00      -3.55    0.82    2.17    0.47233   -68.45  LEFT      6.85731E-01    59.12    1.13308E+00   178.45
 -176.00     0.00      -3.57    0.82    2.17    0.47127   -68.53  LEFT      6.83853E-01    59.12    1.13308E+00   178.47
 -174.00     0.00      -3.61    0.82    2.16    0.46950   -68.66  LEFT      6.80735E-01    59.12    1.13308E+00   178.49
 -172.00     0.00      -3.66    0.82    2.14    0.46703   -68.84  LEFT      6.76392E-01    59.13    1.13308E+00   178.54
 -170.00     0.00      -3.74    0.82    2.12    0.46386   -69.06  LEFT      6.70847E-01    59.13    1.13308E+00   178.59
 -168.00     0.00      -3.82    0.82    2.10    0.45998   -69.33  LEFT      6.64129E-01    59.14    1.13308E+00   178.65
 -166.00     0.00      -3.93    0.82    2.07    0.45541   -69.64  LEFT      6.56273E-01    59.15    1.13308E+00   178.73
 -164.00     0.00      -4.05    0.82    2.04    0.45014   -70.00  LEFT      6.47317E-01    59.16    1.13308E+00   178.81
 -162.00     0.00      -4.18    0.82    2.01    0.44419   -70.39  LEFT      6.37308E-01    59.17    1.13308E+00   178.91
 -160.00     0.00      -4.33    0.82    1.97    0.43756   -70.81  LEFT      6.26292E-01    59.18    1.13308E+00   179.02
 -158.00     0.00      -4.50    0.82    1.94    0.43027   -71.26  LEFT      6.14322E-01    59.19    1.13308E+00   179.14
 -156.00     0.00      -4.68    0.82    1.89    0.42234   -71.74  LEFT      6.01455E-01    59.21    1.13308E+00   179.27
 -154.00     0.00      -4.88    0.82    1.85    0.41378   -72.24  LEFT      5.87748E-01    59.22    1.13308E+00   179.41
 -152.00     0.00      -5.10    0.82    1.81    0.40462   -72.76  LEFT      5.73261E-01    59.24    1.13308E+00   179.57
 -150.00     0.00      -5.33    0.82    1.76    0.39488   -73.30  LEFT      5.58056E-01    59.25    1.13308E+00   179.73
 -148.00     0.00      -5.59    0.82    1.71    0.38459   -73.85  LEFT      5.42194E-01    59.27    1.13308E+00   179.90
 -146.00     0.00      -5.85    0.82    1.66    0.37379   -74.40  LEFT      5.25737E-01    59.29    1.13308E+00  -179.92
 -144.00     0.00      -6.14    0.82    1.61    0.36251   -74.97  LEFT      5.08748E-01    59.31    1.13308E+00  -179.72
 -142.00     0.00      -6.44    0.82    1.56    0.35079   -75.54  LEFT      4.91286E-01    59.33    1.13308E+00  -179.52
 -140.00     0.00      -6.76    0.82    1.52    0.33866   -76.12  LEFT      4.73410E-01    59.35    1.13308E+00  -179.31
 -138.00     0.00      -7.10    0.82    1.47    0.32616   -76.69  LEFT      4.55177E-01    59.37    1.13308E+00  -179.09
 -136.00     0.00      -7.47    0.82    1.42    0.31334   -77.27  LEFT      4.36643E-01    59.39    1.13308E+00  -178.86
 -134.00     0.00      -7.85    0.82    1.37    0.30024   -77.84  LEFT      4.17857E-01    59.41    1.13308E+00  -178.62
 -132.00     0.00      -8.25    0.82    1.32    0.28689   -78.41  LEFT      3.98870E-01    59.43    1.13308E+00  -178.38
 -130.00     0.00      -8.68    0.82    1.28    0.27334   -78.98  LEFT      3.79725E-01    59.46    1.13308E+00  -178.13
 -128.00     0.00      -9.13    0.82    1.24    0.25961   -79.55  LEFT      3.60465E-01    59.48    1.13308E+00  -177.87
 -126.00     0.00      -9.61    0.82    1.19    0.24576   -80.11  LEFT      3.41127E-01    59.50    1.13308E+00  -177.60
 -124.00     0.00     -10.12    0.82    1.15    0.23180   -80.67  LEFT      3.21744E-01    59.52    1.13308E+00  -177.32
 -122.00     0.00     -10.66    0.82    1.12    0.21778   -81.22  LEFT      3.02347E-01    59.54    1.13308E+00  -177.04
 -120.00     0.00     -11.23    0.82    1.08    0.20371   -81.77  LEFT      2.82960E-01    59.56    1.13308E+00  -176.75
 -118.00     0.00     -11.85    0.82    1.05    0.18964   -82.32  LEFT      2.63607E-01    59.58    1.13308E+00  -176.46
 -116.00     0.00     -12.51    0.82    1.01    0.17557   -82.86  LEFT      2.44304E-01    59.60    1.13308E+00  -176.16
 -114.00     0.00     -13.22    0.82    0.98    0.16154   -83.40  LEFT      2.25065E-01    59.62    1.13308E+00  -175.86
 -112.00     0.00     -14.00    0.82    0.96    0.14756   -83.94  LEFT      2.05902E-01    59.63    1.13308E+00  -175.55
 -110.00     0.00     -14.84    0.82    0.93    0.13365   -84.48  LEFT      1.86820E-01    59.65    1.13308E+00  -175.24
 -108.00     0.00     -15.77    0.82    0.91    0.11981   -85.02  LEFT      1.67824E-01    59.66    1.13308E+00  -174.92
 -106.00     0.00     -16.81    0.82    0.89    0.10606   -85.56  LEFT      1.48913E-01    59.68    1.13308E+00  -174.60
 -104.00     0.00     -17.98    0.82    0.87    0.09241   -86.10  LEFT      1.30087E-01    59.69    1.13308E+00  -174.28
 -102.00     0.00     -19.34    0.82    0.86    0.07887   -86.65  LEFT      1.11339E-01    59.70    1.13308E+00  -173.95
 -100.00     0.00     -20.93    0.82    0.85    0.06544   -87.19  LEFT      9.26635E-02    59.71    1.13308E+00  -173.62
  -98.00     0.00     -22.88    0.82    0.84    0.05212   -87.74  LEFT      7.40508E-02    59.72    1.13308E+00  -173.29
  -96.00     0.00     -25.38    0.82    0.83    0.03891   -88.30  LEFT      5.54906E-02    59.72    1.13308E+00  -172.96
  -94.00     0.00     -28.91    0.82    0.82    0.02582   -88.86  LEFT      3.69707E-02    59.73    1.13308E+00  -172.62
  -92.00     0.00     -34.94    0.82    0.82    0.01285   -89.42  LEFT      1.84784E-02    59.73    1.13308E+00  -172.29
  -90.00     0.00    -999.99    0.82    0.82    0.00000   -90.00  LINEAR    2.70124E-12    59.73    1.13308E+00  -171.95
  -88.00     0.00     -34.94    0.82    0.82    0.01273    89.42  RIGHT     1.84784E-02  -120.27    1.13308E+00  -171.62
  -86.00     0.00     -28.91    0.82    0.82    0.02535    88.82  RIGHT     3.69707E-02  -120.27    1.13308E+00  -171.28
  -84.00     0.00     -25.38    0.82    0.83    0.03784    88.22  RIGHT     5.54906E-02  -120.28    1.13308E+00  -170.95
  -82.00     0.00     -22.88    0.82    0.84    0.05022    87.60  RIGHT     7.40508E-02  -120.28    1.13308E+00  -170.61
  -80.00     0.00     -20.93    0.82    0.85    0.06247    86.98  RIGHT     9.26635E-02  -120.29    1.13308E+00  -170.28
  -78.00     0.00     -19.34    0.82    0.86    0.07459    86.34  RIGHT     1.11339E-01  -120.30    1.13308E+00  -169.95
  -76.00     0.00     -17.98    0.82    0.87    0.08657    85.69  RIGHT     1.30087E-01  -120.31    1.13308E+00  -169.63
  -74.00     0.00     -16.81    0.82    0.89    0.09842    85.02  RIGHT     1.48913E-01  -120.32    1.13308E+00  -169.30
  -72.00     0.00     -15.77    0.82    0.91    0.11011    84.34  RIGHT     1.67824E-01  -120.34    1.13308E+00  -168.98
  -70.00     0.00     -14.84    0.82    0.93    0.12165    83.65  RIGHT     1.86820E-01  -120.35    1.13308E+00  -168.67
  -68.00     0.00     -14.00    0.82    0.96    0.13301    82.94  RIGHT     2.05902E-01  -120.37    1.13308E+00  -168.35
  -66.00     0.00     -13.22    0.82    0.98    0.14418    82.22  RIGHT     2.25065E-01  -120.38    1.13308E+00  -168.04
  -64.00     0.00     -12.51    0.82    1.01    0.15515    81.48  RIGHT     2.44304E-01  -120.40    1.13308E+00  -167.74
  -62.00     0.00     -11.85    0.82    1.05    0.16591    80.73  RIGHT     2.63607E-01  -120.42    1.13308E+00  -167.44
  -60.00     0.00     -11.23    0.82    1.08    0.17642    79.97  RIGHT     2.82960E-01  -120.44    1.13308E+00  -167.15
  -58.00     0.00     -10.66    0.82    1.12    0.18668    79.19  RIGHT     3.02347E-01  -120.46    1.13308E+00  -166.86
  -56.00     0.00     -10.12    0.82    1.15    0.19665    78.41  RIGHT     3.21744E-01  -120.48    1.13308E+00  -166.58
  -54.00     0.00      -9.61    0.82    1.19    0.20633    77.61  RIGHT     3.41127E-01  -120.50    1.13308E+00  -166.31
  -52.00     0.00      -9.13    0.82    1.24    0.21569    76.81  RIGHT     3.60465E-01  -120.52    1.13308E+00  -166.04
  -50.00     0.00      -8.68    0.82    1.28    0.22470    76.00  RIGHT     3.79725E-01  -120.54    1.13308E+00  -165.78
  -48.00     0.00      -8.25    0.82    1.32    0.23336    75.19  RIGHT     3.98870E-01  -120.57    1.13308E+00  -165.52
  -46.00     0.00      -7.85    0.82    1.37    0.24164    74.37  RIGHT     4.17857E-01  -120.59    1.13308E+00  -165.28
  -44.00     0.00      -7.47    0.82    1.42    0.24952    73.56  RIGHT     4.36643E-01  -120.61    1.13308E+00  -165.04
  -42.00     0.00      -7.10    0.82    1.47    0.25699    72.75  RIGHT     4.55177E-01  -120.63    1.13308E+00  -164.81
  -40.00     0.00      -6.76    0.82    1.52    0.26405    71.96  RIGHT     4.73410E-01  -120.65    1.13308E+00  -164.59
  -38.00     0.00      -6.44    0.82    1.56    0.27068    71.17  RIGHT     4.91286E-01  -120.67    1.13308E+00  -164.38
  -36.00     0.00      -6.14    0.82    1.61    0.27688    70.39  RIGHT     5.08748E-01  -120.69    1.13308E+00  -164.18
  -34.00     0.00      -5.85    0.82    1.66    0.28264    69.64  RIGHT     5.25737E-01  -120.71    1.13308E+00  -163.99
  -32.00     0.00      -5.59    0.82    1.71    0.28798    68.90  RIGHT     5.42194E-01  -120.73    1.13308E+00  -163.80
  -30.00     0.00      -5.33    0.82    1.76    0.29289    68.19  RIGHT     5.58056E-01  -120.75    1.13308E+00  -163.63
  -28.00     0.00      -5.10    0.82    1.81    0.29738    67.51  RIGHT     5.73261E-01  -120.76    1.13308E+00  -163.47
  -26.00     0.00      -4.88    0.82    1.85    0.30146    66.86  RIGHT     5.87748E-01  -120.78    1.13308E+00  -163.32
  -24.00     0.00      -4.68    0.82    1.89    0.30515    66.24  RIGHT     6.01455E-01  -120.79    1.13308E+00  -163.18
  -22.00     0.00      -4.50    0.82    1.94    0.30846    65.67  RIGHT     6.14322E-01  -120.81    1.13308E+00  -163.04
  -20.00     0.00      -4.33    0.82    1.97    0.31140    65.13  RIGHT     6.26292E-01  -120.82    1.13308E+00  -162.92
  -18.00     0.00      -4.18    0.82    2.01    0.31400    64.63  RIGHT     6.37308E-01  -120.83    1.13308E+00  -162.82
  -16.00     0.00      -4.05    0.82    2.04    0.31627    64.19  RIGHT     6.47317E-01  -120.84    1.13308E+00  -162.72
  -14.00     0.00      -3.93    0.82    2.07    0.31822    63.79  RIGHT     6.56273E-01  -120.85    1.13308E+00  -162.63
  -12.00     0.00      -3.82    0.82    2.10    0.31988    63.43  RIGHT     6.64129E-01  -120.86    1.13308E+00  -162.56
  -10.00     0.00      -3.74    0.82    2.12    0.32125    63.13  RIGHT     6.70847E-01  -120.87    1.13308E+00  -162.49
   -8.00     0.00      -3.66    0.82    2.14    0.32235    62.89  RIGHT     6.76392E-01  -120.87    1.13308E+00  -162.44
   -6.00     0.00      -3.61    0.82    2.16    0.32320    62.69  RIGHT     6.80735E-01  -120.88    1.13308E+00  -162.40
   -4.00     0.00      -3.57    0.82    2.17    0.32380    62.56  RIGHT     6.83853E-01  -120.88    1.13308E+00  -162.37
   -2.00     0.00      -3.55    0.82    2.17    0.32415    62.47  RIGHT     6.85731E-01  -120.88    1.13308E+00  -162.35
    0.00     0.00      -3.54    0.82    2.17    0.32427    62.44  RIGHT     6.86358E-01  -120.88    1.13308E+00  -162.35
    2.00     0.00      -3.55    0.82    2.17    0.32415    62.47  RIGHT     6.85731E-01  -120.88    1.13308E+00  -162.35
    4.00     0.00      -3.57    0.82    2.17    0.32380    62.56  RIGHT     6.83853E-01  -120.88    1.13308E+00  -162.37
    6.00     0.00      -3.61    0.82    2.16    0.32320    62.69  RIGHT     6.80735E-01  -120.88    1.13308E+00  -162.40
    8.00     0.00      -3.66    0.82    2.14    0.32235    62.89  RIGHT     6.76392E-01  -120.87    1.13308E+00  -162.44
   10.00     0.00      -3.74    0.82    2.12    0.32125    63.13  RIGHT     6.70847E-01  -120.87    1.13308E+00  -162.49
   12.00     0.00      -3.82    0.82    2.10    0.31988    63.43  RIGHT     6.64129E-01  -120.86    1.13308E+00  -162.56
   14.00     0.00      -3.93    0.82    2.07    0.31822    63.79  RIGHT     6.56273E-01  -120.85    1.13308E+00  -162.63
   16.00     0.00      -4.05    0.82    2.04    0.31627    64.19  RIGHT     6.47317E-01  -120.84    1.13308E+00  -162.72
   18.00     0.00      -4.18    0.82    2.01    0.31400    64.63  RIGHT     6.37308E-01  -120.83    1.13308E+00  -162.82
   20.00     0.00      -4.33    0.82    1.97    0.31140    65.13  RIGHT     6.26292E-01  -120.82    1.13308E+00  -162.92
   22.00     0.00      -4.50    0.82    1.94    0.30846    65.67  RIGHT     6.14322E-01  -120.81    1.13308E+00  -163.04
   24.00     0.00      -4.68    0.82    1.89    0.30515    66.24  RIGHT     6.01455E-01  -120.79    1.13308E+00  -163.18
   26.00     0.00      -4.88    0.82    1.85    0.30146    66.86  RIGHT     5.87748E-01  -120.78    1.13308E+00  -163.32
   28.00     0.00      -5.10    0.82    1.81    0.29738    67.51  RIGHT     5.73261E-01  -120.76    1.13308E+00  -163.47
   30.00     0.00      -5.33    0.82    1.76    0.29289    68.19  RIGHT     5.58056E-01  -120.75    1.13308E+00  -163.63
   32.00     0.00      -5.59    0.82    1.71    0.28798    68.90  RIGHT     5.42194E-01  -120.73    1.13308E+00  -163.80
   34.00     0.00      -5.85    0.82    1.66    0.28264    69.64  RIGHT     5.25737E-01  -120.71    1.13308E+00  -163.99
   36.00     0.00      -6.14    0.82    1.61    0.27688    70.39  RIGHT     5.08748E-01  -120.69    1.13308E+00  -164.18
   38.00     0.00      -6.44    0.82    1.56    0.27068    71.17  RIGHT     4.91286E-01  -120.67    1.13308E+00  -164.38
   40.00     0.00      -6.76    0.82    1.52    0.26405    71.96  RIGHT     4.73410E-01  -120.65    1.13308E+00  -164.59
   42.00     0.00      -7.10    0.82    1.47    0.25699    72.75  RIGHT     4.55177E-01  -120.63    1.13308E+00  -164.81
   44.00     0.00      -7.47    0.82    1.42    0.24952    73.56  RIGHT     4.36643E-01  -120.61    1.13308E+00  -165.04
   46.00     0.00      -7.85    0.82    1.37    0.24164    74.37  RIGHT     4.17857E-01  -120.59    1.13308E+00  -165.28
   48.00     0.00      -8.25    0.82    1.32    0.23336    75.19  RIGHT     3.98870E-01  -120.57    1.13308E+00  -165.52
   50.00     0.00      -8.68    0.82    1.28    0.22470    76.00  RIGHT     3.79725E-01  -120.54    1.13308E+00  -165.78
   52.00     0.00      -9.13    0.82    1.24    0.21569    76.81  RIGHT     3.60465E-01  -120.52    1.13308E+00  -166.04
   54.00     0.00      -9.61    0.82    1.19    0.20633    77.61  RIGHT     3.41127E-01  -120.50    1.13308E+00  -166.31
   56.00     0.00     -10.12    0.82    1.15    0.19665    78.41  RIGHT     3.21744E-01  -120.48    1.13308E+00  -166.58
   58.00     0.00     -10.66    0.82    1.12    0.18668    79.19  RIGHT     3.02347E-01  -120.46    1.13308E+00  -166.86
   60.00     0.00     -11.23    0.82    1.08    0.17642    79.97  RIGHT     2.82960E-01  -120.44    1.13308E+00  -167.15
   62.00     0.00     -11.85    0.82    1.05    0.16591    80.73  RIGHT     2.63607E-01  -120.42    1.13308E+00  -167.44
   64.00     0.00     -12.51    0.82    1.01    0.15515    81.48  RIGHT     2.44304E-01  -120.40    1.13308E+00  -167.74
   66.00     0.00     -13.22    0.82    0.98    0.14418    82.22  RIGHT     2.25065E-01  -120.38    1.13308E+00  -168.04
   68.00     0.00     -14.00    0.82    0.96    0.13301    82.94  RIGHT     2.05902E-01  -120.37    1.13308E+00  -168.35
   70.00     0.00     -14.84    0.82    0.93    0.12165    83.65  RIGHT     1.86820E-01  -120.35    1.13308E+00  -168.67
   72.00     0.00     -15.77    0.82    0.91    0.11011    84.34  RIGHT     1.67824E-01  -120.34    1.13308E+00  -168.98
   74.00     0.00     -16.81    0.82    0.89    0.09842    85.02  RIGHT     1.48913E-01  -120.32    1.13308E+00  -169.30
   76.00     0.00     -17.98    0.82    0.87    0.08657    85.69  RIGHT     1.30087E-01  -120.31    1.13308E+00  -169.63
   78.00     0.00     -19.34    0.82    0.86    0.07459    86.34  RIGHT     1.11339E-01  -120.30    1.13308E+00  -169.95
   80.00     0.00     -20.93    0.82    0.85    0.06247    86.98  RIGHT     9.26635E-02  -120.29    1.13308E+00  -170.28
   82.00     0.00     -22.88    0.82    0.84    0.05022    87.60  RIGHT     7.40508E-02  -120.28    1.13308E+00  -170.61
   84.00     0.00     -25.38    0.82    0.83    0.03784    88.22  RIGHT     5.54906E-02  -120.28    1.13308E+00  -170.95
   86.00     0.00     -28.91    0.82    0.82    0.02535    88.82  RIGHT     3.69707E-02  -120.27    1.13308E+00  -171.28
   88.00     0.00     -34.94    0.82    0.82    0.01273    89.42  RIGHT     1.84784E-02  -120.27    1.13308E+00  -171.62
   90.00     0.00    -999.99    0.82    0.82    0.00000   -90.00  LINEAR    2.70124E-12    59.73    1.13308E+00  -171.95
   92.00     0.00     -34.94    0.82    0.82    0.01285   -89.42  LEFT      1.84784E-02    59.73    1.13308E+00  -172.29
   94.00     0.00     -28.91    0.82    0.82    0.02582   -88.86  LEFT      3.69707E-02    59.73    1.13308E+00  -172.62
   96.00     0.00     -25.38    0.82    0.83    0.03891   -88.30  LEFT      5.54906E-02    59.72    1.13308E+00  -172.96
   98.00     0.00     -22.88    0.82    0.84    0.05212   -87.74  LEFT      7.40508E-02    59.72    1.13308E+00  -173.29
  100.00     0.00     -20.93    0.82    0.85    0.06544   -87.19  LEFT      9.26635E-02    59.71    1.13308E+00  -173.62
  102.00     0.00     -19.34    0.82    0.86    0.07887   -86.65  LEFT      1.11339E-01    59.70    1.13308E+00  -173.95
  104.00     0.00     -17.98    0.82    0.87    0.09241   -86.10  LEFT      1.30087E-01    59.69    1.13308E+00  -174.28
  106.00     0.00     -16.81    0.82    0.89    0.10606   -85.56  LEFT      1.48913E-01    59.68    1.13308E+00  -174.60
  108.00     0.00     -15.77    0.82    0.91    0.11981   -85.02  LEFT      1.67824E-01    59.66    1.13308E+00  -174.92
  110.00     0.00     -14.84    0.82    0.93    0.13365   -84.48  LEFT      1.86820E-01    59.65    1.13308E+00  -175.24
  112.00     0.00     -14.00    0.82    0.96    0.14756   -83.94  LEFT      2.05902E-01    59.63    1.13308E+00  -175.55
  114.00     0.00     -13.22    0.82    0.98    0.16154   -83.40  LEFT      2.25065E-01    59.62    1.13308E+00  -175.86
  116.00     0.00     -12.51    0.82    1.01    0.17557   -82.86  LEFT      2.44304E-01    59.60    1.13308E+00  -176.16
  118.00     0.00     -11.85    0.82    1.05    0.18964   -82.32  LEFT      2.63607E-01    59.58    1.13308E+00  -176.46
  120.00     0.00     -11.23    0.82    1.08    0.20371   -81.77  LEFT      2.82960E-01    59.56    1.13308E+00  -176.75
  122.00     0.00     -10.66    0.82    1.12    0.21778   -81.22  LEFT      3.02347E-01    59.54    1.13308E+00  -177.04
  124.00     0.00     -10.12    0.82    1.15    0.23180   -80.67  LEFT      3.21744E-01    59.52    1.13308E+00  -177.32
  126.00     0.00      -9.61    0.82    1.19    0.24576   -80.11  LEFT      3.41127E-01    59.50    1.13308E+00  -177.60
  128.00     0.00      -9.13    0.82    1.24    0.25961   -79.55  LEFT      3.60465E-01    59.48    1.13308E+00  -177.87
  130.00     0.00      -8.68    0.82    1.28    0.27334   -78.98  LEFT      3.79725E-01    59.46    1.13308E+00  -178.13
  132.00     0.00      -8.25    0.82    1.32    0.28689   -78.41  LEFT      3.98870E-01    59.43    1.13308E+00  -178.38
  134.00     0.00      -7.85    0.82    1.37    0.30024   -77.84  LEFT      4.17857E-01    59.41    1.13308E+00  -178.62
  136.00     0.00      -7.47    0.82    1.42    0.31334   -77.27  LEFT      4.36643E-01    59.39    1.13308E+00  -178.86
  138.00     0.00      -7.10    0.82    1.47    0.32616   -76.69  LEFT      4.55177E-01    59.37    1.13308E+00  -179.09
  140.00     0.00      -6.76    0.82    1.52    0.33866   -76.12  LEFT      4.73410E-01    59.35    1.13308E+00  -179.31
  142.00     0.00      -6.44    0.82    1.56    0.35079   -75.54  LEFT      4.91286E-01    59.33    1.13308E+00  -179.52
  144.00     0.00      -6.14    0.82    1.61    0.36251   -74.97  LEFT      5.08748E-01    59.31    1.13308E+00  -179.72
  146.00     0.00      -5.85    0.82    1.66    0.37379   -74.40  LEFT      5.25737E-01    59.29    1.13308E+00  -179.92
  148.00     0.00      -5.59    0.82    1.71    0.38459   -73.85  LEFT      5.42194E-01    59.27    1.13308E+00   179.90
  150.00     0.00      -5.33    0.82    1.76    0.39488   -73.30  LEFT      5.58056E-01    59.25    1.13308E+00   179.73
  152.00     0.00      -5.10    0.82    1.81    0.40462   -72.76  LEFT      5.73261E-01    59.24    1.13308E+00   179.57
  154.00     0.00      -4.88    0.82    1.85    0.41378   -72.24  LEFT      5.87748E-01    59.22    1.13308E+00   179.41
  156.00     0.00      -4.68    0.82    1.89    0.42234   -71.74  LEFT      6.01455E-01    59.21    1.13308E+00   179.27
  158.00     0.00      -4.50    0.82    1.94    0.43027   -71.26  LEFT      6.14322E-01    59.19    1.13308E+00   179.14
  160.00     0.00      -4.33    0.82    1.97    0.43756   -70.81  LEFT      6.26292E-01    59.18    1.13308E+00   179.02
  162.00     0.00      -4.18    0.82    2.01    0.44419   -70.39  LEFT      6.37308E-01    59.17    1.13308E+00   178.91
  164.00     0.00      -4.05    0.82    2.04    0.45014   -70.00  LEFT      6.47317E-01    59.16    1.13308E+00   178.81
  166.00     0.00      -3.93    0.82    2.07    0.45541   -69.64  LEFT      6.56273E-01    59.15    1.13308E+00   178.73
  168.00     0.00      -3.82    0.82    2.10    0.45998   -69.33  LEFT      6.64129E-01    59.14    1.13308E+00   178.65
  170.00     0.00      -3.74    0.82    2.12    0.46386   -69.06  LEFT      6.70847E-01    59.13    1.13308E+00   178.59
  172.00     0.00      -3.66    0.82    2.14    0.46703   -68.84  LEFT      6.76392E-01    59.13    1.13308E+00   178.54
  174.00     0.00      -3.61    0.82    2.16    0.46950   -68.66  LEFT      6.80735E-01    59.12    1.13308E+00   178.49
  176.00     0.00      -3.57    0.82    2.17    0.47127   -68.53  LEFT      6.83853E-01    59.12    1.13308E+00   178.47
  178.00     0.00      -3.55    0.82    2.17    0.47233   -68.45  LEFT      6.85731E-01    59.12    1.13308E+00   178.45
  180.00     0.00      -3.54    0.82    2.17    0.47268   -68.43  LEFT      6.86358E-01    59.12    1.13308E+00   178.44




                                 - - - - - - FREQUENCY - - - - - -

                                    FREQUENCY= 1.6100E+03 MHZ
                                    WAVELENGTH= 1.8621E-01 METERS




                    APPROXIMATE INTEGRATION EMPLOYED FOR SEGMENTS MORE THAN   1.000 WAVELENGTHS APART

                    THE EXTENDED THIN WIRE KERNEL WILL BE USED



                               - - - STRUCTURE IMPEDANCE LOADING - - -

                                   THIS STRUCTURE IS NOT LOADED



                                  - - - ANTENNA ENVIRONMENT - - -

                                            FREE SPACE



                                - - - MATRIX TIMING - - -

                        FILL=    0.000 SEC.,  FACTOR=    0.000 SEC.



                                            - - - NETWORK DATA - - -

      - FROM -    - TO -           TRANSMISSION LINE               -  -  SHUNT ADMITTANCES (MHOS)  -  -              LINE
      TAG  SEG.   TAG  SEG.      IMPEDANCE      LENGTH            - END ONE -                 - END TWO -            TYPE
      NO.   NO.   NO.   NO.         OHMS        METERS         REAL          IMAG.         REAL          IMAG.
        1    11     2    32     5.0000E+01    4.2500E-02    0.0000E+00    0.0000E+00    0.0000E+00    0.0000E+00   STRAIGHT



                           - - - STRUCTURE EXCITATION DATA AT NETWORK CONNECTION POINTS - - -

   TAG   SEG.    VOLTAGE (VOLTS)         CURRENT (AMPS)         IMPEDANCE (OHMS)        ADMITTANCE (MHOS)      POWER
   NO.   NO.    REAL        IMAG.       REAL        IMAG.       REAL        IMAG.       REAL        IMAG.     (WATTS)
     1    11 1.11952E+00-1.29749E+00 3.57092E-03-1.71073E-02 8.57669E+01 4.75385E+01 8.91931E-03-4.94375E-03 1.30971E-02
     2    32 1.00000E+00 0.00000E+00 8.91931E-03-4.94375E-03 8.57669E+01 4.75385E+01 8.91931E-03-4.94375E-03 4.45965E-03



                                          - - - ANTENNA INPUT PARAMETERS - - -

   TAG   SEG.    VOLTAGE (VOLTS)         CURRENT (AMPS)         IMPEDANCE (OHMS)        ADMITTANCE (MHOS)      POWER
   NO.   NO.    REAL        IMAG.       REAL        IMAG.       REAL        IMAG.       REAL        IMAG.     (WATTS)
     2    32 1.00000E+00 0.00000E+00 3.51136E-02 1.49055E-02 2.41307E+01-1.02434E+01 3.51136E-02 1.49055E-02 1.75568E-02



                             - - - CURRENTS AND LOCATION - - -

                                 DISTANCES IN WAVELENGTHS


  SEG.  TAG    COORD. OF SEG. CENTER     SEG.            - - - CURRENT (AMPS) - - -
  NO.   NO.     X        Y        Z      LENGTH     REAL        IMAG.       MAG.        PHASE
     1    1   0.0000  -0.2378   0.0269  0.02378   1.1986E-04 -2.1073E-03  2.1107E-03  -86.745
     2    1   0.0000  -0.2140   0.0269  0.02378   3.3985E-04 -5.1792E-03  5.1903E-03  -86.246
     3    1   0.0000  -0.1903   0.0269  0.02378   5.8629E-04 -7.8160E-03  7.8380E-03  -85.710
     4    1   0.0000  -0.1665   0.0269  0.02378   8.6505E-04 -1.0172E-02  1.0209E-02  -85.139
     5    1   0.0000  -0.1427   0.0269  0.02378   1.1741E-03 -1.2238E-02  1.2294E-02  -84.520
     6    1   0.0000  -0.1189   0.0269  0.02378   1.5107E-03 -1.3989E-02  1.4070E-02  -83.836
     7    1   0.0000  -0.0951   0.0269  0.02378   1.8719E-03 -1.5397E-02  1.5511E-02  -83.068
     8    1   0.0000  -0.0713   0.0269  0.02378   2.2562E-03 -1.6436E-02  1.6590E-02  -82.184
     9    1   0.0000  -0.0476   0.0269  0.02378   2.6662E-03 -1.7079E-02  1.7286E-02  -81.127
    10    1   0.0000  -0.0238   0.0269  0.02378   3.1283E-03 -1.7286E-02  1.7567E-02  -79.742
    11    1   0.0000   0.0000   0.0269  0.02378   3.5709E-03 -1.7107E-02  1.7476E-02  -78.210
    12    1   0.0000   0.0238   0.0269  0.02378   3.1283E-03 -1.7286E-02  1.7567E-02  -79.742
    13    1   0.0000   0.0476   0.0269  0.02378   2.6662E-03 -1.7079E-02  1.7286E-02  -81.127
    14    1   0.0000   0.0713   0.0269  0.02378   2.2562E-03 -1.6436E-02  1.6590E-02  -82.184
    15    1   0.0000   0.0951   0.0269  0.02378   1.8719E-03 -1.5397E-02  1.5511E-02  -83.068
    16    1   0.0000   0.1189   0.0269  0.02378   1.5107E-03 -1.3989E-02  1.4070E-02  -83.836
    17    1   0.0000   0.1427   0.0269  0.02378   1.1741E-03 -1.2238E-02  1.2294E-02  -84.520
    18    1   0.0000   0.1665   0.0269  0.02378   8.6505E-04 -1.0172E-02  1.0209E-02  -85.139
    19    1   0.0000   0.1903   0.0269  0.02378   5.8629E-04 -7.8160E-03  7.8380E-03  -85.710
    20    1   0.0000   0.2140   0.0269  0.02378   3.3985E-04 -5.1792E-03  5.1903E-03  -86.246
    21    1   0.0000   0.2378   0.0269  0.02378   1.1986E-04 -2.1073E-03  2.1107E-03  -86.745
    22    2  -0.2378   0.0000   0.0000  0.02378   9.7671E-04 -7.5037E-04  1.2317E-03  -37.534
    23    2  -0.2140   0.0000   0.0000  0.02378   2.4177E-03 -1.8242E-03  3.0287E-03  -37.035
    24    2  -0.1903   0.0000   0.0000  0.02378   3.6766E-03 -2.7205E-03  4.5737E-03  -36.499
    25    2  -0.1665   0.0000   0.0000  0.02378   4.8237E-03 -3.4954E-03  5.9570E-03  -35.928
    26    2  -0.1427   0.0000   0.0000  0.02378   5.8542E-03 -4.1463E-03  7.1739E-03  -35.309
    27    2  -0.1189   0.0000   0.0000  0.02378   6.7562E-03 -4.6652E-03  8.2104E-03  -34.625
    28    2  -0.0951   0.0000   0.0000  0.02378   7.5162E-03 -5.0426E-03  9.0510E-03  -33.857
    29    2  -0.0713   0.0000   0.0000  0.02378   8.1217E-03 -5.2688E-03  9.6810E-03  -32.973
    30    2  -0.0476   0.0000   0.0000  0.02378   8.5621E-03 -5.3328E-03  1.0087E-02  -31.916
    31    2  -0.0238   0.0000   0.0000  0.02378   8.8296E-03 -5.2075E-03  1.0251E-02  -30.531
    32    2   0.0000   0.0000   0.0000  0.02378   8.9193E-03 -4.9438E-03  1.0198E-02  -28.999
    33    2   0.0238   0.0000   0.0000  0.02378   8.8296E-03 -5.2075E-03  1.0251E-02  -30.531
    34    2   0.0476   0.0000   0.0000  0.02378   8.5621E-03 -5.3328E-03  1.0087E-02  -31.916
    35    2   0.0713   0.0000   0.0000  0.02378   8.1217E-03 -5.2688E-03  9.6810E-03  -32.973
    36    2   0.0951   0.0000   0.0000  0.02378   7.5162E-03 -5.0426E-03  9.0510E-03  -33.857
    37    2   0.1189   0.0000   0.0000  0.02378   6.7562E-03 -4.6652E-03  8.2104E-03  -34.625
    38    2   0.1427   0.0000   0.0000  0.02378   5.8542E-03 -4.1463E-03  7.1739E-03  -35.309
    39    2   0.1665   0.0000   0.0000  0.02378   4.8237E-03 -3.4954E-03  5.9570E-03  -35.928
    40    2   0.1903   0.0000   0.0000  0.02378   3.6766E-03 -2.7205E-03  4.5737E-03  -36.499
    41    2   0.2140   0.0000   0.0000  0.02378   2.4177E-03 -1.8242E-03  3.0287E-03  -37.035
    42    2   0.2378   0.0000   0.0000  0.02378   9.7671E-04 -7.5037E-04  1.2317E-03  -37.534



                                        - - - POWER BUDGET - - -

                                           INPUT POWER   = 1.7557E-02 WATTS
                                           RADIATED POWER= 1.7557E-02 WATTS
                                           STRUCTURE LOSS= 0.0000E+00 WATTS
                                           NETWORK LOSS  = 2.4286E-17 WATTS
                                           EFFICIENCY    = 100.00 PERCENT



                                                - - - RADIATION PATTERNS - - -

  - - ANGLES - -           - POWER GAINS -       - - - POLARIZATION - - -    - - - E(THETA) - - -    - - - E(PHI) - - -
  THETA     PHI        VERT.   HOR.    TOTAL      AXIAL     TILT   SENSE     MAGNITUDE    PHASE      MAGNITUDE    PHASE 
 DEGREES  DEGREES       DB      DB      DB        RATIO     DEG.              VOLTS/M    DEGREES      VOLTS/M    DEGREES
 -180.00     0.00      -3.77    0.91    2.18    0.44716   -68.78  LEFT      6.64622E-01    56.58    1.13897E+00   177.70
 -178.00     0.00      -3.78    0.91    2.18    0.44682   -68.80  LEFT      6.64012E-01    56.58    1.13897E+00   177.70
 -176.00     0.00      -3.80    0.91    2.17    0.44580   -68.87  LEFT      6.62184E-01    56.58    1.13897E+00   177.72
 -174.00     0.00      -3.84    0.91    2.16    0.44410   -68.99  LEFT      6.59150E-01    56.58    1.13897E+00   177.75
 -172.00     0.00      -3.90    0.91    2.15    0.44173   -69.16  LEFT      6.54924E-01    56.59    1.13897E+00   177.79
 -170.00     0.00      -3.97    0.91    2.13    0.43868   -69.38  LEFT      6.49530E-01    56.59    1.13897E+00   177.84
 -168.00     0.00      -4.06    0.91    2.11    0.43495   -69.63  LEFT      6.42995E-01    56.60    1.13897E+00   177.91
 -166.00     0.00      -4.16    0.91    2.08    0.43056   -69.93  LEFT      6.35353E-01    56.61    1.13897E+00   177.98
 -164.00     0.00      -4.28    0.91    2.06    0.42551   -70.26  LEFT      6.26642E-01    56.62    1.13897E+00   178.07
 -162.00     0.00      -4.42    0.91    2.02    0.41980   -70.64  LEFT      6.16908E-01    56.63    1.13897E+00   178.17
 -160.00     0.00      -4.57    0.91    1.99    0.41346   -71.04  LEFT      6.06196E-01    56.64    1.13897E+00   178.28
 -158.00     0.00      -4.74    0.91    1.95    0.40649   -71.47  LEFT      5.94559E-01    56.65    1.13897E+00   178.40
 -156.00     0.00      -4.92    0.91    1.91    0.39890   -71.93  LEFT      5.82051E-01    56.67    1.13897E+00   178.53
 -154.00     0.00      -5.12    0.91    1.87    0.39073   -72.41  LEFT      5.68729E-01    56.68    1.13897E+00   178.68
 -152.00     0.00      -5.34    0.91    1.83    0.38198   -72.91  LEFT      5.54652E-01    56.70    1.13897E+00   178.83
 -150.00     0.00      -5.58    0.91    1.79    0.37269   -73.43  LEFT      5.39879E-01    56.72    1.13897E+00   178.99
 -148.00     0.00      -5.83    0.91    1.74    0.36289   -73.96  LEFT      5.24472E-01    56.74    1.13897E+00   179.17
 -146.00     0.00      -6.10    0.91    1.70    0.35261   -74.50  LEFT      5.08491E-01    56.75    1.13897E+00   179.35
 -144.00     0.00      -6.38    0.91    1.65    0.34188   -75.05  LEFT      4.91997E-01    56.77    1.13897E+00   179.54
 -142.00     0.00      -6.69    0.91    1.60    0.33073   -75.61  LEFT      4.75048E-01    56.79    1.13897E+00   179.75
 -140.00     0.00      -7.01    0.91    1.56    0.31921   -76.17  LEFT      4.57702E-01    56.81    1.13897E+00   179.96
 -138.00     0.00      -7.35    0.91    1.51    0.30734   -76.74  LEFT      4.40014E-01    56.84    1.13897E+00  -179.82
 -136.00     0.00      -7.72    0.91    1.47    0.29518   -77.30  LEFT      4.22039E-01    56.86    1.13897E+00  -179.59
 -134.00     0.00      -8.10    0.91    1.42    0.28275   -77.87  LEFT      4.03826E-01    56.88    1.13897E+00  -179.35
 -132.00     0.00      -8.50    0.91    1.38    0.27010   -78.43  LEFT      3.85422E-01    56.90    1.13897E+00  -179.10
 -130.00     0.00      -8.93    0.91    1.34    0.25726   -78.99  LEFT      3.66872E-01    56.92    1.13897E+00  -178.85
 -128.00     0.00      -9.39    0.91    1.30    0.24427   -79.55  LEFT      3.48216E-01    56.95    1.13897E+00  -178.59
 -126.00     0.00      -9.87    0.91    1.26    0.23116   -80.11  LEFT      3.29489E-01    56.97    1.13897E+00  -178.32
 -124.00     0.00     -10.38    0.91    1.22    0.21796   -80.67  LEFT      3.10726E-01    56.99    1.13897E+00  -178.04
 -122.00     0.00     -10.92    0.91    1.18    0.20470   -81.22  LEFT      2.91954E-01    57.01    1.13897E+00  -177.76
 -120.00     0.00     -11.49    0.91    1.15    0.19142   -81.77  LEFT      2.73199E-01    57.03    1.13897E+00  -177.47
 -118.00     0.00     -12.11    0.91    1.12    0.17813   -82.31  LEFT      2.54482E-01    57.05    1.13897E+00  -177.17
 -116.00     0.00     -12.77    0.91    1.09    0.16487   -82.86  LEFT      2.35819E-01    57.07    1.13897E+00  -176.87
 -114.00     0.00     -13.48    0.91    1.06    0.15164   -83.40  LEFT      2.17224E-01    57.09    1.13897E+00  -176.57
 -112.00     0.00     -14.26    0.91    1.04    0.13846   -83.94  LEFT      1.98707E-01    57.11    1.13897E+00  -176.26
 -110.00     0.00     -15.10    0.91    1.01    0.12536   -84.48  LEFT      1.80274E-01    57.12    1.13897E+00  -175.94
 -108.00     0.00     -16.04    0.91    0.99    0.11234   -85.02  LEFT      1.61929E-01    57.14    1.13897E+00  -175.62
 -106.00     0.00     -17.08    0.91    0.98    0.09942   -85.56  LEFT      1.43670E-01    57.15    1.13897E+00  -175.30
 -104.00     0.00     -18.25    0.91    0.96    0.08659   -86.10  LEFT      1.25497E-01    57.16    1.13897E+00  -174.97
 -102.00     0.00     -19.60    0.91    0.95    0.07387   -86.65  LEFT      1.07404E-01    57.18    1.13897E+00  -174.65
 -100.00     0.00     -21.20    0.91    0.93    0.06127   -87.19  LEFT      8.93833E-02    57.19    1.13897E+00  -174.31
  -98.00     0.00     -23.15    0.91    0.92    0.04878   -87.74  LEFT      7.14262E-02    57.19    1.13897E+00  -173.98
  -96.00     0.00     -25.65    0.91    0.92    0.03641   -88.30  LEFT      5.35218E-02    57.20    1.13897E+00  -173.65
  -94.00     0.00     -29.18    0.91    0.91    0.02415   -88.86  LEFT      3.56581E-02    57.20    1.13897E+00  -173.31
  -92.00     0.00     -35.20    0.91    0.91    0.01202   -89.43  LEFT      1.78220E-02    57.21    1.13897E+00  -172.97
  -90.00     0.00    -999.99    0.91    0.91    0.00000   -90.00  LINEAR    2.60527E-12    57.21    1.13897E+00  -172.64
  -88.00     0.00     -35.20    0.91    0.91    0.01190    89.42  RIGHT     1.78220E-02  -122.79    1.13897E+00  -172.30
  -86.00     0.00     -29.18    0.91    0.91    0.02368    88.83  RIGHT     3.56581E-02  -122.80    1.13897E+00  -171.96
  -84.00     0.00     -25.65    0.91    0.92    0.03534    88.23  RIGHT     5.35218E-02  -122.80    1.13897E+00  -171.63
  -82.00     0.00     -23.15    0.91    0.92    0.04687    87.61  RIGHT     7.14262E-02  -122.81    1.13897E+00  -171.29
  -80.00     0.00     -21.20    0.91    0.93    0.05829    86.99  RIGHT     8.93833E-02  -122.81    1.13897E+00  -170.96
  -78.00     0.00     -19.60    0.91    0.95    0.06958    86.36  RIGHT     1.07404E-01  -122.82    1.13897E+00  -170.63
  -76.00     0.00     -18.25    0.91    0.96    0.08074    85.71  RIGHT     1.25497E-01  -122.84    1.13897E+00  -170.30
  -74.00     0.00     -17.08    0.91    0.98    0.09176    85.05  RIGHT     1.43670E-01  -122.85    1.13897E+00  -169.97
  -72.00     0.00     -16.04    0.91    0.99    0.10263    84.38  RIGHT     1.61929E-01  -122.86    1.13897E+00  -169.65
  -70.00     0.00     -15.10    0.91    1.01    0.11336    83.70  RIGHT     1.80274E-01  -122.88    1.13897E+00  -169.33
  -68.00     0.00     -14.26    0.91    1.04    0.12391    83.00  RIGHT     1.98707E-01  -122.89    1.13897E+00  -169.01
  -66.00     0.00     -13.48    0.91    1.06    0.13429    82.29  RIGHT     2.17224E-01  -122.91    1.13897E+00  -168.70
  -64.00     0.00     -12.77    0.91    1.09    0.14449    81.56  RIGHT     2.35819E-01  -122.93    1.13897E+00  -168.40
  -62.00     0.00     -12.11    0.91    1.12    0.15447    80.82  RIGHT     2.54482E-01  -122.95    1.13897E+00  -168.10
  -60.00     0.00     -11.49    0.91    1.15    0.16423    80.08  RIGHT     2.73199E-01  -122.97    1.13897E+00  -167.80
  -58.00     0.00     -10.92    0.91    1.18    0.17375    79.32  RIGHT     2.91954E-01  -122.99    1.13897E+00  -167.51
  -56.00     0.00     -10.38    0.91    1.22    0.18302    78.55  RIGHT     3.10726E-01  -123.01    1.13897E+00  -167.23
  -54.00     0.00      -9.87    0.91    1.26    0.19200    77.77  RIGHT     3.29489E-01  -123.03    1.13897E+00  -166.95
  -52.00     0.00      -9.39    0.91    1.30    0.20069    76.99  RIGHT     3.48216E-01  -123.05    1.13897E+00  -166.68
  -50.00     0.00      -8.93    0.91    1.34    0.20907    76.20  RIGHT     3.66872E-01  -123.08    1.13897E+00  -166.42
  -48.00     0.00      -8.50    0.91    1.38    0.21712    75.41  RIGHT     3.85422E-01  -123.10    1.13897E+00  -166.17
  -46.00     0.00      -8.10    0.91    1.42    0.22481    74.62  RIGHT     4.03826E-01  -123.12    1.13897E+00  -165.92
  -44.00     0.00      -7.72    0.91    1.47    0.23215    73.83  RIGHT     4.22039E-01  -123.14    1.13897E+00  -165.68
  -42.00     0.00      -7.35    0.91    1.51    0.23912    73.05  RIGHT     4.40014E-01  -123.16    1.13897E+00  -165.45
  -40.00     0.00      -7.01    0.91    1.56    0.24570    72.28  RIGHT     4.57702E-01  -123.19    1.13897E+00  -165.23
  -38.00     0.00      -6.69    0.91    1.60    0.25189    71.52  RIGHT     4.75048E-01  -123.21    1.13897E+00  -165.02
  -36.00     0.00      -6.38    0.91    1.65    0.25769    70.77  RIGHT     4.91997E-01  -123.23    1.13897E+00  -164.82
  -34.00     0.00      -6.10    0.91    1.70    0.26309    70.04  RIGHT     5.08491E-01  -123.25    1.13897E+00  -164.62
  -32.00     0.00      -5.83    0.91    1.74    0.26809    69.33  RIGHT     5.24472E-01  -123.26    1.13897E+00  -164.44
  -30.00     0.00      -5.58    0.91    1.79    0.27271    68.65  RIGHT     5.39879E-01  -123.28    1.13897E+00  -164.26
  -28.00     0.00      -5.34    0.91    1.83    0.27693    67.99  RIGHT     5.54652E-01  -123.30    1.13897E+00  -164.10
  -26.00     0.00      -5.12    0.91    1.87    0.28079    67.36  RIGHT     5.68729E-01  -123.32    1.13897E+00  -163.95
  -24.00     0.00      -4.92    0.91    1.91    0.28427    66.77  RIGHT     5.82051E-01  -123.33    1.13897E+00  -163.80
  -22.00     0.00      -4.74    0.91    1.95    0.28741    66.21  RIGHT     5.94559E-01  -123.35    1.13897E+00  -163.67
  -20.00     0.00      -4.57    0.91    1.99    0.29020    65.70  RIGHT     6.06196E-01  -123.36    1.13897E+00  -163.55
  -18.00     0.00      -4.42    0.91    2.02    0.29267    65.22  RIGHT     6.16908E-01  -123.37    1.13897E+00  -163.44
  -16.00     0.00      -4.28    0.91    2.06    0.29483    64.79  RIGHT     6.26642E-01  -123.38    1.13897E+00  -163.34
  -14.00     0.00      -4.16    0.91    2.08    0.29670    64.41  RIGHT     6.35353E-01  -123.39    1.13897E+00  -163.26
  -12.00     0.00      -4.06    0.91    2.11    0.29829    64.07  RIGHT     6.42995E-01  -123.40    1.13897E+00  -163.18
  -10.00     0.00      -3.97    0.91    2.13    0.29960    63.78  RIGHT     6.49530E-01  -123.41    1.13897E+00  -163.12
   -8.00     0.00      -3.90    0.91    2.15    0.30067    63.54  RIGHT     6.54924E-01  -123.41    1.13897E+00  -163.06
   -6.00     0.00      -3.84    0.91    2.16    0.30148    63.36  RIGHT     6.59150E-01  -123.42    1.13897E+00  -163.02
   -4.00     0.00      -3.80    0.91    2.17    0.30206    63.22  RIGHT     6.62184E-01  -123.42    1.13897E+00  -162.99
   -2.00     0.00      -3.78    0.91    2.18    0.30240    63.14  RIGHT     6.64012E-01  -123.42    1.13897E+00  -162.98
    0.00     0.00      -3.77    0.91    2.18    0.30251    63.12  RIGHT     6.64622E-01  -123.42    1.13897E+00  -162.97
    2.00     0.00      -3.78    0.91    2.18    0.30240    63.14  RIGHT     6.64012E-01  -123.42    1.13897E+00  -162.98
    4.00     0.00      -3.80    0.91    2.17    0.30206    63.22  RIGHT     6.62184E-01  -123.42    1.13897E+00  -162.99
    6.00     0.00      -3.84    0.91    2.16    0.30148    63.36  RIGHT     6.59150E-01  -123.42    1.13897E+00  -163.02
    8.00     0.00      -3.90    0.91    2.15    0.30067    63.54  RIGHT     6.54924E-01  -123.41    1.13897E+00  -163.06
   10.00     0.00      -3.97    0.91    2.13    0.29960    63.78  RIGHT     6.49530E-01  -123.41    1.13897E+00  -163.12
   12.00     0.00      -4.06    0.91    2.11    0.29829    64.07  RIGHT     6.42995E-01  -123.40    1.13897E+00  -163.18
   14.00     0.00      -4.16    0.91    2.08    0.29670    64.41  RIGHT     6.35353E-01  -123.39    1.13897E+00  -163.26
   16.00     0.00      -4.28    0.91    2.06    0.29483    64.79  RIGHT     6.26642E-01  -123.38    1.13897E+00  -163.34
   18.00     0.00      -4.42    0.91    2.02    0.29267    65.22  RIGHT     6.16908E-01  -123.37    1.13897E+00  -163.44
   20.00     0.00      -4.57    0.91    1.99    0.29020    65.70  RIGHT     6.06196E-01  -123.36    1.13897E+00  -163.55
   22.00     0.00      -4.74    0.91    1.95    0.28741    66.21  RIGHT     5.94559E-01  -123.35    1.13897E+00  -163.67
   24.00     0.00      -4.92    0.91    1.91    0.28427    66.77  RIGHT     5.82051E-01  -123.33    1.13897E+00  -163.80
   26.00     0.00      -5.12    0.91    1.87    0.28079    67.36  RIGHT     5.68729E-01  -123.32    1.13897E+00  -163.95
   28.00     0.00      -5.34    0.91    1.83    0.27693    67.99  RIGHT     5.54652E-01  -123.30    1.13897E+00  -164.10
   30.00     0.00      -5.58    0.91    1.79    0.27271    68.65  RIGHT     5.39879E-01  -123.28    1.13897E+00  -164.26
   32.00     0.00      -5.83    0.91    1.74    0.26809    69.33  RIGHT     5.24472E-01  -123.26    1.13897E+00  -164.44
   34.00     0.00      -6.10    0.91    1.70    0.26309    70.04  RIGHT     5.08491E-01  -123.25    1.13897E+00  -164.62
   36.00     0.00      -6.38    0.91    1.65    0.25769    70.77  RIGHT     4.91997E-01  -123.23    1.13897E+00  -164.82
   38.00     0.00      -6.69    0.91    1.60    0.25189    71.52  RIGHT     4.75048E-01  -123.21    1.13897E+00  -165.02
   40.00     0.00      -7.01    0.91    1.56    0.24570    72.28  RIGHT     4.57702E-01  -123.19    1.13897E+00  -165.23
   42.00     0.00      -7.35    0.91    1.51    0.23912    73.05  RIGHT     4.40014E-01  -123.16    1.13897E+00  -165.45
   44.00     0.00      -7.72    0.91    1.47    0.23215    73.83  RIGHT     4.22039E-01  -123.14    1.13897E+00  -165.68
   46.00     0.00      -8.10    0.91    1.42    0.22481    74.62  RIGHT     4.03826E-01  -123.12    1.13897E+00  -165.92
   48.00     0.00      -8.50    0.91    1.38    0.21712    75.41  RIGHT     3.85422E-01  -123.10    1.13897E+00  -166.17
   50.00     0.00      -8.93    0.91    1.34    0.20907    76.20  RIGHT     3.66872E-01  -123.08    1.13897E+00  -166.42
   52.00     0.00      -9.39    0.91    1.30    0.20069    76.99  RIGHT     3.48216E-01  -123.05    1.13897E+00  -166.68
   54.00     0.00      -9.87    0.91    1.26    0.19200    77.77  RIGHT     3.29489E-01  -123.03    1.13897E+00  -166.95
   56.00     0.00     -10.38    0.91    1.22    0.18302    78.55  RIGHT     3.10726E-01  -123.01    1.13897E+00  -167.23
   58.00     0.00     -10.92    0.91    1.18    0.17375    79.32  RIGHT     2.91954E-01  -122.99    1.13897E+00  -167.51
   60.00     0.00     -11.49    0.91    1.15    0.16423    80.08  RIGHT     2.73199E-01  -122.97    1.13897E+00  -167.80
   62.00     0.00     -12.11    0.91    1.12    0.15447    80.82  RIGHT     2.54482E-01  -122.95    1.13897E+00  -168.10
   64.00     0.00     -12.77    0.91    1.09    0.14449    81.56  RIGHT     2.35819E-01  -122.93    1.13897E+00  -168.40
   66.00     0.00     -13.48    0.91    1.06    0.13429    82.29  RIGHT     2.17224E-01  -122.91    1.13897E+00  -168.70
   68.00     0.00     -14.26    0.91    1.04    0.12391    83.00  RIGHT     1.98707E-01  -122.89    1.13897E+00  -169.01
   70.00     0.00     -15.10    0.91    1.01    0.11336    83.70  RIGHT     1.80274E-01  -122.88    1.13897E+00  -169.33
   72.00     0.00     -16.04    0.91    0.99    0.10263    84.38  RIGHT     1.61929E-01  -122.86    1.13897E+00  -169.65
   74.00     0.00     -17.08    0.91    0.98    0.09176    85.05  RIGHT     1.43670E-01  -122.85    1.13897E+00  -169.97
   76.00     0.00     -18.25    0.91    0.96    0.08074    85.71  RIGHT     1.25497E-01  -122.84    1.13897E+00  -170.30
   78.00     0.00     -19.60    0.91    0.95    0.06958    86.36  RIGHT     1.07404E-01  -122.82    1.13897E+00  -170.63
   80.00     0.00     -21.20    0.91    0.93    0.05829    86.99  RIGHT     8.93833E-02  -122.81    1.13897E+00  -170.96
   82.00     0.00     -23.15    0.91    0.92    0.04687    87.61  RIGHT     7.14262E-02  -122.81    1.13897E+00  -171.29
   84.00     0.00     -25.65    0.91    0.92    0.03534    88.23  RIGHT     5.35218E-02  -122.80    1.13897E+00  -171.63
   86.00     0.00     -29.18    0.91    0.91    0.02368    88.83  RIGHT     3.56581E-02  -122.80    1.13897E+00  -171.96
   88.00     0.00     -35.20    0.91    0.91    0.01190    89.42  RIGHT     1.78220E-02  -122.79    1.13897E+00  -172.30
   90.00     0.00    -999.99    0.91    0.91    0.00000   -90.00  LINEAR    2.60527E-12    57.21    1.13897E+00  -172.64
   92.00     0.00     -35.20    0.91    0.91    0.01202   -89.43  LEFT      1.78220E-02    57.21    1.13897E+00  -172.97
   94.00     0.00     -29.18    0.91    0.91    0.02415   -88.86  LEFT      3.56581E-02    57.20    1.13897E+00  -173.31
   96.00     0.00     -25.65    0.91    0.92    0.03641   -88.30  LEFT      5.35218E-02    57.20    1.13897E+00  -173.65
   98.00     0.00     -23.15    0.91    0.92    0.04878   -87.74  LEFT      7.14262E-02    57.19    1.13897E+00  -173.98
  100.00     0.00     -21.20    0.91    0.93    0.06127   -87.19  LEFT      8.93833E-02    57.19    1.13897E+00  -174.31
  102.00     0.00     -19.60    0.91    0.95    0.07387   -86.65  LEFT      1.07404E-01    57.18    1.13897E+00  -174.65
  104.00     0.00     -18.25    0.91    0.96    0.08659   -86.10  LEFT      1.25497E-01    57.16    1.13897E+00  -174.97
  106.00     0.00     -17.08    0.91    0.98    0.09942   -85.56  LEFT      1.43670E-01    57.15    1.13897E+00  -175.30
  108.00     0.00     -16.04    0.91    0.99    0.11234   -85.02  LEFT      1.61929E-01    57.14    1.13897E+00  -175.62
  110.00     0.00     -15.10    0.91    1.01    0.12536   -84.48  LEFT      1.80274E-01    57.12    1.13897E+00  -175.94
  112.00     0.00     -14.26    0.91    1.04    0.13846   -83.94  LEFT      1.98707E-01    57.11    1.13897E+00  -176.26
  114.00     0.00     -13.48    0.91    1.06    0.15164   -83.40  LEFT      2.17224E-01    57.09    1.13897E+00  -176.57
  116.00     0.00     -12.77    0.91    1.09    0.16487   -82.86  LEFT      2.35819E-01    57.07    1.13897E+00  -176.87
  118.00     0.00     -12.11    0.91    1.12    0.17813   -82.31  LEFT      2.54482E-01    57.05    1.13897E+00  -177.17
  120.00     0.00     -11.49    0.91    1.15    0.19142   -81.77  LEFT      2.73199E-01    57.03    1.13897E+00  -177.47
  122.00     0.00     -10.92    0.91    1.18    0.20470   -81.22  LEFT      2.91954E-01    57.01    1.13897E+00  -177.76
  124.00     0.00     -10.38    0.91    1.22    0.21796   -80.67  LEFT      3.10726E-01    56.99    1.13897E+00  -178.04
  126.00     0.00      -9.87    0.91    1.26    0.23116   -80.11  LEFT      3.29489E-01    56.97    1.13897E+00  -178.32
  128.00     0.00      -9.39    0.91    1.30    0.24427   -79.55  LEFT      3.48216E-01    56.95    1.13897E+00  -178.59
  130.00     0.00      -8.93    0.91    1.34    0.25726   -78.99  LEFT      3.66872E-01    56.92    1.13897E+00  -178.85
  132.00     0.00      -8.50    0.91    1.38    0.27010   -78.43  LEFT      3.85422E-01    56.90    1.13897E+00  -179.10
  134.00     0.00      -8.10    0.91    1.42    0.28275   -77.87  LEFT      4.03826E-01    56.88    1.13897E+00  -179.35
  136.00     0.00      -7.72    0.91    1.47    0.29518   -77.30  LEFT      4.22039E-01    56.86    1.13897E+00  -179.59
  138.00     0.00      -7.35    0.91    1.51    0.30734   -76.74  LEFT      4.40014E-01    56.84    1.13897E+00  -179.82
  140.00     0.00      -7.01    0.91    1.56    0.31921   -76.17  LEFT      4.57702E-01    56.81    1.13897E+00   179.96
  142.00     0.00      -6.69    0.91    1.60    0.33073   -75.61  LEFT      4.75048E-01    56.79    1.13897E+00   179.75
  144.00     0.00      -6.38    0.91    1.65    0.34188   -75.05  LEFT      4.91997E-01    56.77    1.13897E+00   179.54
  146.00     0.00      -6.10    0.91    1.70    0.35261   -74.50  LEFT      5.08491E-01    56.75    1.13897E+00   179.35
  148.00     0.00      -5.83    0.91    1.74    0.36289   -73.96  LEFT      5.24472E-01    56.74    1.13897E+00   179.17
  150.00     0.00      -5.58    0.91    1.79    0.37269   -73.43  LEFT      5.39879E-01    56.72    1.13897E+00   178.99
  152.00     0.00      -5.34    0.91    1.83    0.38198   -72.91  LEFT      5.54652E-01    56.70    1.13897E+00   178.83
  154.00     0.00      -5.12    0.91    1.87    0.39073   -72.41  LEFT      5.68729E-01    56.68    1.13897E+00   178.68
  156.00     0.00      -4.92    0.91    1.91    0.39890   -71.93  LEFT      5.82051E-01    56.67    1.13897E+00   178.53
  158.00     0.00      -4.74    0.91    1.95    0.40649   -71.47  LEFT      5.94559E-01    56.65    1.13897E+00   178.40
  160.00     0.00      -4.57    0.91    1.99    0.41346   -71.04  LEFT      6.06196E-01    56.64    1.13897E+00   178.28
  162.00     0.00      -4.42    0.91    2.02    0.41980   -70.64  LEFT      6.16908E-01    56.63    1.13897E+00   178.17
  164.00     0.00      -4.28    0.91    2.06    0.42551   -70.26  LEFT      6.26642E-01    56.62    1.13897E+00   178.07
  166.00     0.00      -4.16    0.91    2.08    0.43056   -69.93  LEFT      6.35353E-01    56.61    1.13897E+00   177.98
  168.00     0.00      -4.06    0.91    2.11    0.43495   -69.63  LEFT      6.42995E-01    56.60    1.13897E+00   177.91
  170.00     0.00      -3.97    0.91    2.13    0.43868   -69.38  LEFT      6.49530E-01    56.59    1.13897E+00   177.84
  172.00     0.00      -3.90    0.91    2.15    0.44173   -69.16  LEFT      6.54924E-01    56.59    1.13897E+00   177.79
  174.00     0.00      -3.84    0.91    2.16    0.44410   -68.99  LEFT      6.59150E-01    56.58    1.13897E+00   177.75
  176.00     0.00      -3.80    0.91    2.17    0.44580   -68.87  LEFT      6.62184E-01    56.58    1.13897E+00   177.72
  178.00     0.00      -3.78    0.91    2.18    0.44682   -68.80  LEFT      6.64012E-01    56.58    1.13897E+00   177.70
  180.00     0.00      -3.77    0.91    2.18    0.44716   -68.78  LEFT      6.64622E-01    56.58    1.13897E+00   177.70




                                 - - - - - - FREQUENCY - - - - - -

                                    FREQUENCY= 1.6200E+03 MHZ
                                    WAVELENGTH= 1.8506E-01 METERS




                    APPROXIMATE INTEGRATION EMPLOYED FOR SEGMENTS MORE THAN   1.000 WAVELENGTHS APART

                    THE EXTENDED THIN WIRE KERNEL WILL BE USED



                               - - - STRUCTURE IMPEDANCE LOADING - - -

                                   THIS STRUCTURE IS NOT LOADED



                                  - - - ANTENNA ENVIRONMENT - - -

                                            FREE SPACE



                                - - - MATRIX TIMING - - -

                        FILL=    0.000 SEC.,  FACTOR=    0.000 SEC.



                                            - - - NETWORK DATA - - -

      - FROM -    - TO -           TRANSMISSION LINE               -  -  SHUNT ADMITTANCES (MHOS)  -  -              LINE
      TAG  SEG.   TAG  SEG.      IMPEDANCE      LENGTH            - END ONE -                 - END TWO -            TYPE
      NO.   NO.   NO.   NO.         OHMS        METERS         REAL          IMAG.         REAL          IMAG.
        1    11     2    32     5.0000E+01    4.2500E-02    0.0000E+00    0.0000E+00    0.0000E+00    0.0000E+00   STRAIGHT



                           - - - STRUCTURE EXCITATION DATA AT NETWORK CONNECTION POINTS - - -

   TAG   SEG.    VOLTAGE (VOLTS)         CURRENT (AMPS)         IMPEDANCE (OHMS)        ADMITTANCE (MHOS)      POWER
   NO.   NO.    REAL        IMAG.       REAL        IMAG.       REAL        IMAG.       REAL        IMAG.     (WATTS)
     1    11 1.20265E+00-1.31544E+00 3.38185E-03-1.70727E-02 8.75672E+01 5.30969E+01 8.34984E-03-5.06297E-03 1.32627E-02
     2    32 1.00000E+00 0.00000E+00 8.34984E-03-5.06297E-03 8.75672E+01 5.30969E+01 8.34984E-03-5.06297E-03 4.17492E-03



                                          - - - ANTENNA INPUT PARAMETERS - - -

   TAG   SEG.    VOLTAGE (VOLTS)         CURRENT (AMPS)         IMPEDANCE (OHMS)        ADMITTANCE (MHOS)      POWER
   NO.   NO.    REAL        IMAG.       REAL        IMAG.       REAL        IMAG.       REAL        IMAG.     (WATTS)
     2    32 1.00000E+00 0.00000E+00 3.48751E-02 1.66170E-02 2.33685E+01-1.11344E+01 3.48751E-02 1.66170E-02 1.74376E-02



                             - - - CURRENTS AND LOCATION - - -

                                 DISTANCES IN WAVELENGTHS


  SEG.  TAG    COORD. OF SEG. CENTER     SEG.            - - - CURRENT (AMPS) - - -
  NO.   NO.     X        Y        Z      LENGTH     REAL        IMAG.       MAG.        PHASE
     1    1   0.0000  -0.2393   0.0270  0.02393   9.2808E-05 -2.1170E-03  2.1191E-03  -87.490
     2    1   0.0000  -0.2154   0.0270  0.02393   2.7405E-04 -5.2031E-03  5.2103E-03  -86.985
     3    1   0.0000  -0.1914   0.0270  0.02393   4.8809E-04 -7.8512E-03  7.8663E-03  -86.443
     4    1   0.0000  -0.1675   0.0270  0.02393   7.3871E-04 -1.0215E-02  1.0242E-02  -85.864
     5    1   0.0000  -0.1436   0.0270  0.02393   1.0240E-03 -1.2286E-02  1.2329E-02  -85.236
     6    1   0.0000  -0.1197   0.0270  0.02393   1.3412E-03 -1.4038E-02  1.4102E-02  -84.542
     7    1   0.0000  -0.0957   0.0270  0.02393   1.6880E-03 -1.5442E-02  1.5534E-02  -83.762
     8    1   0.0000  -0.0718   0.0270  0.02393   2.0629E-03 -1.6471E-02  1.6600E-02  -82.861
     9    1   0.0000  -0.0479   0.0270  0.02393   2.4688E-03 -1.7098E-02  1.7275E-02  -81.784
    10    1   0.0000  -0.0239   0.0270  0.02393   2.9328E-03 -1.7280E-02  1.7527E-02  -80.367
    11    1   0.0000   0.0000   0.0270  0.02393   3.3819E-03 -1.7073E-02  1.7404E-02  -78.796
    12    1   0.0000   0.0239   0.0270  0.02393   2.9328E-03 -1.7280E-02  1.7527E-02  -80.367
    13    1   0.0000   0.0479   0.0270  0.02393   2.4688E-03 -1.7098E-02  1.7275E-02  -81.784
    14    1   0.0000   0.0718   0.0270  0.02393   2.0629E-03 -1.6471E-02  1.6600E-02  -82.861
    15    1   0.0000   0.0957   0.0270  0.02393   1.6880E-03 -1.5442E-02  1.5534E-02  -83.762
    16    1   0.0000   0.1197   0.0270  0.02393   1.3412E-03 -1.4038E-02  1.4102E-02  -84.542
    17    1   0.0000   0.1436   0.0270  0.02393   1.0240E-03 -1.2286E-02  1.2329E-02  -85.236
    18    1   0.0000   0.1675   0.0270  0.02393   7.3871E-04 -1.0215E-02  1.0242E-02  -85.864
    19    1   0.0000   0.1914   0.0270  0.02393   4.8809E-04 -7.8512E-03  7.8663E-03  -86.443
    20    1   0.0000   0.2154   0.0270  0.02393   2.7405E-04 -5.2031E-03  5.2103E-03  -86.985
    21    1   0.0000   0.2393   0.0270  0.02393   9.2808E-05 -2.1170E-03  2.1191E-03  -87.490
    22    2  -0.2393   0.0000   0.0000  0.02393   9.1177E-04 -7.6304E-04  1.1889E-03  -39.925
    23    2  -0.2154   0.0000   0.0000  0.02393   2.2583E-03 -1.8563E-03  2.9233E-03  -39.420
    24    2  -0.1914   0.0000   0.0000  0.02393   3.4358E-03 -2.7702E-03  4.4135E-03  -38.878
    25    2  -0.1675   0.0000   0.0000  0.02393   4.5097E-03 -3.5615E-03  5.7465E-03  -38.299
    26    2  -0.1436   0.0000   0.0000  0.02393   5.4752E-03 -4.2272E-03  6.9171E-03  -37.671
    27    2  -0.1197   0.0000   0.0000  0.02393   6.3206E-03 -4.7590E-03  7.9119E-03  -36.977
    28    2  -0.0957   0.0000   0.0000  0.02393   7.0333E-03 -5.1470E-03  8.7155E-03  -36.197
    29    2  -0.0718   0.0000   0.0000  0.02393   7.6013E-03 -5.3813E-03  9.3133E-03  -35.296
    30    2  -0.0479   0.0000   0.0000  0.02393   8.0146E-03 -5.4506E-03  9.6924E-03  -34.219
    31    2  -0.0239   0.0000   0.0000  0.02393   8.2656E-03 -5.3274E-03  9.8337E-03  -32.803
    32    2   0.0000   0.0000   0.0000  0.02393   8.3498E-03 -5.0630E-03  9.7649E-03  -31.231
    33    2   0.0239   0.0000   0.0000  0.02393   8.2656E-03 -5.3274E-03  9.8337E-03  -32.803
    34    2   0.0479   0.0000   0.0000  0.02393   8.0146E-03 -5.4506E-03  9.6924E-03  -34.219
    35    2   0.0718   0.0000   0.0000  0.02393   7.6013E-03 -5.3813E-03  9.3133E-03  -35.296
    36    2   0.0957   0.0000   0.0000  0.02393   7.0333E-03 -5.1470E-03  8.7155E-03  -36.197
    37    2   0.1197   0.0000   0.0000  0.02393   6.3206E-03 -4.7590E-03  7.9119E-03  -36.977
    38    2   0.1436   0.0000   0.0000  0.02393   5.4752E-03 -4.2272E-03  6.9171E-03  -37.671
    39    2   0.1675   0.0000   0.0000  0.02393   4.5097E-03 -3.5615E-03  5.7465E-03  -38.299
    40    2   0.1914   0.0000   0.0000  0.02393   3.4358E-03 -2.7702E-03  4.4135E-03  -38.878
    41    2   0.2154   0.0000   0.0000  0.02393   2.2583E-03 -1.8563E-03  2.9233E-03  -39.420
    42    2   0.2393   0.0000   0.0000  0.02393   9.1177E-04 -7.6304E-04  1.1889E-03  -39.925



                                        - - - POWER BUDGET - - -

                                           INPUT POWER   = 1.7438E-02 WATTS
                                           RADIATED POWER= 1.7438E-02 WATTS
                                           STRUCTURE LOSS= 0.0000E+00 WATTS
                                           NETWORK LOSS  =-9.0206E-17 WATTS
                                           EFFICIENCY    = 100.00 PERCENT



                                                - - - RADIATION PATTERNS - - -

  - - ANGLES - -           - POWER GAINS -       - - - POLARIZATION - - -    - - - E(THETA) - - -    - - - E(PHI) - - -
  THETA     PHI        VERT.   HOR.    TOTAL      AXIAL     TILT   SENSE     MAGNITUDE    PHASE      MAGNITUDE    PHASE 
 DEGREES  DEGREES       DB      DB      DB        RATIO     DEG.              VOLTS/M    DEGREES      VOLTS/M    DEGREES
 -180.00     0.00      -4.02    1.00    2.19    0.42344   -69.25  LEFT      6.43491E-01    54.24    1.14692E+00   176.95
 -178.00     0.00      -4.03    1.00    2.18    0.42312   -69.27  LEFT      6.42898E-01    54.24    1.14692E+00   176.96
 -176.00     0.00      -4.05    1.00    2.18    0.42213   -69.34  LEFT      6.41120E-01    54.25    1.14692E+00   176.98
 -174.00     0.00      -4.09    1.00    2.17    0.42049   -69.45  LEFT      6.38168E-01    54.25    1.14692E+00   177.01
 -172.00     0.00      -4.15    1.00    2.16    0.41820   -69.61  LEFT      6.34057E-01    54.25    1.14692E+00   177.05
 -170.00     0.00      -4.22    1.00    2.14    0.41525   -69.81  LEFT      6.28809E-01    54.26    1.14692E+00   177.10
 -168.00     0.00      -4.31    1.00    2.12    0.41166   -70.06  LEFT      6.22452E-01    54.27    1.14692E+00   177.16
 -166.00     0.00      -4.42    1.00    2.09    0.40743   -70.34  LEFT      6.15019E-01    54.28    1.14692E+00   177.24
 -164.00     0.00      -4.54    1.00    2.07    0.40257   -70.66  LEFT      6.06548E-01    54.29    1.14692E+00   177.33
 -162.00     0.00      -4.67    1.00    2.04    0.39709   -71.01  LEFT      5.97082E-01    54.30    1.14692E+00   177.43
 -160.00     0.00      -4.83    1.00    2.01    0.39099   -71.40  LEFT      5.86667E-01    54.31    1.14692E+00   177.54
 -158.00     0.00      -4.99    1.00    1.97    0.38430   -71.81  LEFT      5.75355E-01    54.32    1.14692E+00   177.66
 -156.00     0.00      -5.18    1.00    1.94    0.37702   -72.25  LEFT      5.63197E-01    54.34    1.14692E+00   177.79
 -154.00     0.00      -5.38    1.00    1.90    0.36919   -72.71  LEFT      5.50251E-01    54.35    1.14692E+00   177.94
 -152.00     0.00      -5.60    1.00    1.86    0.36082   -73.19  LEFT      5.36573E-01    54.37    1.14692E+00   178.09
 -150.00     0.00      -5.84    1.00    1.82    0.35194   -73.69  LEFT      5.22223E-01    54.39    1.14692E+00   178.25
 -148.00     0.00      -6.09    1.00    1.77    0.34258   -74.20  LEFT      5.07259E-01    54.41    1.14692E+00   178.43
 -146.00     0.00      -6.36    1.00    1.73    0.33277   -74.72  LEFT      4.91742E-01    54.43    1.14692E+00   178.61
 -144.00     0.00      -6.65    1.00    1.69    0.32253   -75.26  LEFT      4.75730E-01    54.45    1.14692E+00   178.81
 -142.00     0.00      -6.95    1.00    1.64    0.31191   -75.80  LEFT      4.59280E-01    54.47    1.14692E+00   179.01
 -140.00     0.00      -7.28    1.00    1.60    0.30094   -76.34  LEFT      4.42451E-01    54.49    1.14692E+00   179.23
 -138.00     0.00      -7.62    1.00    1.56    0.28966   -76.89  LEFT      4.25294E-01    54.51    1.14692E+00   179.45
 -136.00     0.00      -7.98    1.00    1.51    0.27810   -77.44  LEFT      4.07863E-01    54.53    1.14692E+00   179.68
 -134.00     0.00      -8.37    1.00    1.47    0.26630   -78.00  LEFT      3.90207E-01    54.56    1.14692E+00   179.92
 -132.00     0.00      -8.77    1.00    1.43    0.25429   -78.55  LEFT      3.72372E-01    54.58    1.14692E+00  -179.83
 -130.00     0.00      -9.20    1.00    1.39    0.24211   -79.10  LEFT      3.54400E-01    54.60    1.14692E+00  -179.57
 -128.00     0.00      -9.66    1.00    1.36    0.22980   -79.65  LEFT      3.36330E-01    54.63    1.14692E+00  -179.31
 -126.00     0.00     -10.14    1.00    1.32    0.21739   -80.20  LEFT      3.18199E-01    54.65    1.14692E+00  -179.04
 -124.00     0.00     -10.65    1.00    1.28    0.20490   -80.75  LEFT      3.00038E-01    54.67    1.14692E+00  -178.76
 -122.00     0.00     -11.19    1.00    1.25    0.19237   -81.29  LEFT      2.81874E-01    54.69    1.14692E+00  -178.48
 -120.00     0.00     -11.77    1.00    1.22    0.17982   -81.84  LEFT      2.63733E-01    54.71    1.14692E+00  -178.18
 -118.00     0.00     -12.39    1.00    1.19    0.16728   -82.38  LEFT      2.45633E-01    54.73    1.14692E+00  -177.89
 -116.00     0.00     -13.05    1.00    1.17    0.15476   -82.92  LEFT      2.27592E-01    54.75    1.14692E+00  -177.59
 -114.00     0.00     -13.76    1.00    1.14    0.14229   -83.45  LEFT      2.09622E-01    54.77    1.14692E+00  -177.28
 -112.00     0.00     -14.54    1.00    1.12    0.12988   -83.99  LEFT      1.91732E-01    54.79    1.14692E+00  -176.97
 -110.00     0.00     -15.39    1.00    1.10    0.11755   -84.53  LEFT      1.73929E-01    54.81    1.14692E+00  -176.65
 -108.00     0.00     -16.32    1.00    1.08    0.10530   -85.06  LEFT      1.56214E-01    54.82    1.14692E+00  -176.33
 -106.00     0.00     -17.36    1.00    1.06    0.09315   -85.60  LEFT      1.38589E-01    54.84    1.14692E+00  -176.00
 -104.00     0.00     -18.53    1.00    1.05    0.08110   -86.14  LEFT      1.21049E-01    54.85    1.14692E+00  -175.67
 -102.00     0.00     -19.89    1.00    1.03    0.06917   -86.68  LEFT      1.03590E-01    54.86    1.14692E+00  -175.34
 -100.00     0.00     -21.48    1.00    1.02    0.05734   -87.22  LEFT      8.62044E-02    54.87    1.14692E+00  -175.01
  -98.00     0.00     -23.43    1.00    1.01    0.04564   -87.76  LEFT      6.88826E-02    54.88    1.14692E+00  -174.68
  -96.00     0.00     -25.94    1.00    1.01    0.03405   -88.31  LEFT      5.16139E-02    54.89    1.14692E+00  -174.34
  -94.00     0.00     -29.47    1.00    1.00    0.02258   -88.87  LEFT      3.43861E-02    54.89    1.14692E+00  -174.00
  -92.00     0.00     -35.49    1.00    1.00    0.01123   -89.43  LEFT      1.71860E-02    54.89    1.14692E+00  -173.66
  -90.00     0.00    -999.99    1.00    1.00    0.00000   -90.00  LINEAR    2.51228E-12    54.90    1.14692E+00  -173.32
  -88.00     0.00     -35.49    1.00    1.00    0.01111    89.42  RIGHT     1.71860E-02  -125.11    1.14692E+00  -172.98
  -86.00     0.00     -29.47    1.00    1.00    0.02211    88.84  RIGHT     3.43861E-02  -125.11    1.14692E+00  -172.64
  -84.00     0.00     -25.94    1.00    1.01    0.03298    88.25  RIGHT     5.16139E-02  -125.11    1.14692E+00  -172.31
  -82.00     0.00     -23.43    1.00    1.01    0.04374    87.64  RIGHT     6.88826E-02  -125.12    1.14692E+00  -171.97
  -80.00     0.00     -21.48    1.00    1.02    0.05438    87.03  RIGHT     8.62044E-02  -125.13    1.14692E+00  -171.63
  -78.00     0.00     -19.89    1.00    1.03    0.06489    86.41  RIGHT     1.03590E-01  -125.14    1.14692E+00  -171.30
  -76.00     0.00     -18.53    1.00    1.05    0.07528    85.77  RIGHT     1.21049E-01  -125.15    1.14692E+00  -170.97
  -74.00     0.00     -17.36    1.00    1.06    0.08554    85.12  RIGHT     1.38589E-01  -125.16    1.14692E+00  -170.64
  -72.00     0.00     -16.32    1.00    1.08    0.09566    84.46  RIGHT     1.56214E-01  -125.18    1.14692E+00  -170.32
  -70.00     0.00     -15.39    1.00    1.10    0.10563    83.79  RIGHT     1.73929E-01  -125.19    1.14692E+00  -170.00
  -68.00     0.00     -14.54    1.00    1.12    0.11544    83.10  RIGHT     1.91732E-01  -125.21    1.14692E+00  -169.68
  -66.00     0.00     -13.76    1.00    1.14    0.12510    82.41  RIGHT     2.09622E-01  -125.23    1.14692E+00  -169.37
  -64.00     0.00     -13.05    1.00    1.17    0.13457    81.70  RIGHT     2.27592E-01  -125.25    1.14692E+00  -169.06
  -62.00     0.00     -12.39    1.00    1.19    0.14385    80.98  RIGHT     2.45633E-01  -125.27    1.14692E+00  -168.76
  -60.00     0.00     -11.77    1.00    1.22    0.15292    80.25  RIGHT     2.63733E-01  -125.29    1.14692E+00  -168.46
  -58.00     0.00     -11.19    1.00    1.25    0.16178    79.51  RIGHT     2.81874E-01  -125.31    1.14692E+00  -168.17
  -56.00     0.00     -10.65    1.00    1.28    0.17039    78.76  RIGHT     3.00038E-01  -125.33    1.14692E+00  -167.88
  -54.00     0.00     -10.14    1.00    1.32    0.17875    78.01  RIGHT     3.18199E-01  -125.35    1.14692E+00  -167.60
  -52.00     0.00      -9.66    1.00    1.36    0.18684    77.25  RIGHT     3.36330E-01  -125.37    1.14692E+00  -167.33
  -50.00     0.00      -9.20    1.00    1.39    0.19464    76.48  RIGHT     3.54400E-01  -125.40    1.14692E+00  -167.07
  -48.00     0.00      -8.77    1.00    1.43    0.20214    75.72  RIGHT     3.72372E-01  -125.42    1.14692E+00  -166.81
  -46.00     0.00      -8.37    1.00    1.47    0.20933    74.95  RIGHT     3.90207E-01  -125.44    1.14692E+00  -166.57
  -44.00     0.00      -7.98    1.00    1.51    0.21618    74.19  RIGHT     4.07863E-01  -125.47    1.14692E+00  -166.33
  -42.00     0.00      -7.62    1.00    1.56    0.22269    73.43  RIGHT     4.25294E-01  -125.49    1.14692E+00  -166.09
  -40.00     0.00      -7.28    1.00    1.60    0.22885    72.68  RIGHT     4.42451E-01  -125.51    1.14692E+00  -165.87
  -38.00     0.00      -6.95    1.00    1.64    0.23466    71.95  RIGHT     4.59280E-01  -125.53    1.14692E+00  -165.66
  -36.00     0.00      -6.65    1.00    1.69    0.24010    71.23  RIGHT     4.75730E-01  -125.55    1.14692E+00  -165.45
  -34.00     0.00      -6.36    1.00    1.73    0.24518    70.52  RIGHT     4.91742E-01  -125.57    1.14692E+00  -165.26
  -32.00     0.00      -6.09    1.00    1.77    0.24989    69.84  RIGHT     5.07259E-01  -125.59    1.14692E+00  -165.07
  -30.00     0.00      -5.84    1.00    1.82    0.25424    69.18  RIGHT     5.22223E-01  -125.61    1.14692E+00  -164.90
  -28.00     0.00      -5.60    1.00    1.86    0.25824    68.55  RIGHT     5.36573E-01  -125.63    1.14692E+00  -164.73
  -26.00     0.00      -5.38    1.00    1.90    0.26189    67.94  RIGHT     5.50251E-01  -125.65    1.14692E+00  -164.58
  -24.00     0.00      -5.18    1.00    1.94    0.26521    67.37  RIGHT     5.63197E-01  -125.66    1.14692E+00  -164.44
  -22.00     0.00      -4.99    1.00    1.97    0.26819    66.84  RIGHT     5.75355E-01  -125.68    1.14692E+00  -164.30
  -20.00     0.00      -4.83    1.00    2.01    0.27086    66.34  RIGHT     5.86667E-01  -125.69    1.14692E+00  -164.18
  -18.00     0.00      -4.67    1.00    2.04    0.27322    65.88  RIGHT     5.97082E-01  -125.70    1.14692E+00  -164.07
  -16.00     0.00      -4.54    1.00    2.07    0.27529    65.47  RIGHT     6.06548E-01  -125.71    1.14692E+00  -163.97
  -14.00     0.00      -4.42    1.00    2.09    0.27708    65.10  RIGHT     6.15019E-01  -125.72    1.14692E+00  -163.88
  -12.00     0.00      -4.31    1.00    2.12    0.27861    64.77  RIGHT     6.22452E-01  -125.73    1.14692E+00  -163.81
  -10.00     0.00      -4.22    1.00    2.14    0.27988    64.49  RIGHT     6.28809E-01  -125.74    1.14692E+00  -163.74
   -8.00     0.00      -4.15    1.00    2.16    0.28090    64.27  RIGHT     6.34057E-01  -125.75    1.14692E+00  -163.69
   -6.00     0.00      -4.09    1.00    2.17    0.28169    64.09  RIGHT     6.38168E-01  -125.75    1.14692E+00  -163.65
   -4.00     0.00      -4.05    1.00    2.18    0.28225    63.96  RIGHT     6.41120E-01  -125.75    1.14692E+00  -163.62
   -2.00     0.00      -4.03    1.00    2.18    0.28258    63.88  RIGHT     6.42898E-01  -125.76    1.14692E+00  -163.60
    0.00     0.00      -4.02    1.00    2.19    0.28269    63.86  RIGHT     6.43491E-01  -125.76    1.14692E+00  -163.60
    2.00     0.00      -4.03    1.00    2.18    0.28258    63.88  RIGHT     6.42898E-01  -125.76    1.14692E+00  -163.60
    4.00     0.00      -4.05    1.00    2.18    0.28225    63.96  RIGHT     6.41120E-01  -125.75    1.14692E+00  -163.62
    6.00     0.00      -4.09    1.00    2.17    0.28169    64.09  RIGHT     6.38168E-01  -125.75    1.14692E+00  -163.65
    8.00     0.00      -4.15    1.00    2.16    0.28090    64.27  RIGHT     6.34057E-01  -125.75    1.14692E+00  -163.69
   10.00     0.00      -4.22    1.00    2.14    0.27988    64.49  RIGHT     6.28809E-01  -125.74    1.14692E+00  -163.74
   12.00     0.00      -4.31    1.00    2.12    0.27861    64.77  RIGHT     6.22452E-01  -125.73    1.14692E+00  -163.81
   14.00     0.00      -4.42    1.00    2.09    0.27708    65.10  RIGHT     6.15019E-01  -125.72    1.14692E+00  -163.88
   16.00     0.00      -4.54    1.00    2.07    0.27529    65.47  RIGHT     6.06548E-01  -125.71    1.14692E+00  -163.97
   18.00     0.00      -4.67    1.00    2.04    0.27322    65.88  RIGHT     5.97082E-01  -125.70    1.14692E+00  -164.07
   20.00     0.00      -4.83    1.00    2.01    0.27086    66.34  RIGHT     5.86667E-01  -125.69    1.14692E+00  -164.18
   22.00     0.00      -4.99    1.00    1.97    0.26819    66.84  RIGHT     5.75355E-01  -125.68    1.14692E+00  -164.30
   24.00     0.00      -5.18    1.00    1.94    0.26521    67.37  RIGHT     5.63197E-01  -125.66    1.14692E+00  -164.44
   26.00     0.00      -5.38    1.00    1.90    0.26189    67.94  RIGHT     5.50251E-01  -125.65    1.14692E+00  -164.58
   28.00     0.00      -5.60    1.00    1.86    0.25824    68.55  RIGHT     5.36573E-01  -125.63    1.14692E+00  -164.73
   30.00     0.00      -5.84    1.00    1.82    0.25424    69.18  RIGHT     5.22223E-01  -125.61    1.14692E+00  -164.90
   32.00     0.00      -6.09    1.00    1.77    0.24989    69.84  RIGHT     5.07259E-01  -125.59    1.14692E+00  -165.07
   34.00     0.00      -6.36    1.00    1.73    0.24518    70.52  RIGHT     4.91742E-01  -125.57    1.14692E+00  -165.26
   36.00     0.00      -6.65    1.00    1.69    0.24010    71.23  RIGHT     4.75730E-01  -125.55    1.14692E+00  -165.45
   38.00     0.00      -6.95    1.00    1.64    0.23466    71.95  RIGHT     4.59280E-01  -125.53    1.14692E+00  -165.66
   40.00     0.00      -7.28    1.00    1.60    0.22885    72.68  RIGHT     4.42451E-01  -125.51    1.14692E+00  -165.87
   42.00     0.00      -7.62    1.00    1.56    0.22269    73.43  RIGHT     4.25294E-01  -125.49    1.14692E+00  -166.09
   44.00     0.00      -7.98    1.00    1.51    0.21618    74.19  RIGHT     4.07863E-01  -125.47    1.14692E+00  -166.33
   46.00     0.00      -8.37    1.00    1.47    0.20933    74.95  RIGHT     3.90207E-01  -125.44    1.14692E+00  -166.57
   48.00     0.00      -8.77    1.00    1.43    0.20214    75.72  RIGHT     3.72372E-01  -125.42    1.14692E+00  -166.81
   50.00     0.00      -9.20    1.00    1.39    0.19464    76.48  RIGHT     3.54400E-01  -125.40    1.14692E+00  -167.07
   52.00     0.00      -9.66    1.00    1.36    0.18684    77.25  RIGHT     3.36330E-01  -125.37    1.14692E+00  -167.33
   54.00     0.00     -10.14    1.00    1.32    0.17875    78.01  RIGHT     3.18199E-01  -125.35    1.14692E+00  -167.60
   56.00     0.00     -10.65    1.00    1.28    0.17039    78.76  RIGHT     3.00038E-01  -125.33    1.14692E+00  -167.88
   58.00     0.00     -11.19    1.00    1.25    0.16178    79.51  RIGHT     2.81874E-01  -125.31    1.14692E+00  -168.17
   60.00     0.00     -11.77    1.00    1.22    0.15292    80.25  RIGHT     2.63733E-01  -125.29    1.14692E+00  -168.46
   62.00     0.00     -12.39    1.00    1.19    0.14385    80.98  RIGHT     2.45633E-01  -125.27    1.14692E+00  -168.76
   64.00     0.00     -13.05    1.00    1.17    0.13457    81.70  RIGHT     2.27592E-01  -125.25    1.14692E+00  -169.06
   66.00     0.00     -13.76    1.00    1.14    0.12510    82.41  RIGHT     2.09622E-01  -125.23    1.14692E+00  -169.37
   68.00     0.00     -14.54    1.00    1.12    0.11544    83.10  RIGHT     1.91732E-01  -125.21    1.14692E+00  -169.68
   70.00     0.00     -15.39    1.00    1.10    0.10563    83.79  RIGHT     1.73929E-01  -125.19    1.14692E+00  -170.00
   72.00     0.00     -16.32    1.00    1.08    0.09566    84.46  RIGHT     1.56214E-01  -125.18    1.14692E+00  -170.32
   74.00     0.00     -17.36    1.00    1.06    0.08554    85.12  RIGHT     1.38589E-01  -125.16    1.14692E+00  -170.64
   76.00     0.00     -18.53    1.00    1.05    0.07528    85.77  RIGHT     1.21049E-01  -125.15    1.14692E+00  -170.97
   78.00     0.00     -19.89    1.00    1.03    0.06489    86.41  RIGHT     1.03590E-01  -125.14    1.14692E+00  -171.30
   80.00     0.00     -21.48    1.00    1.02    0.05438    87.03  RIGHT     8.62044E-02  -125.13    1.14692E+00  -171.63
   82.00     0.00     -23.43    1.00    1.01    0.04374    87.64  RIGHT     6.88826E-02  -125.12    1.14692E+00  -171.97
   84.00     0.00     -25.94    1.00    1.01    0.03298    88.25  RIGHT     5.16139E-02  -125.11    1.14692E+00  -172.31
   86.00     0.00     -29.47    1.00    1.00    0.02211    88.84  RIGHT     3.43861E-02  -125.11    1.14692E+00  -172.64
   88.00     0.00     -35.49    1.00    1.00    0.01111    89.42  RIGHT     1.71860E-02  -125.11    1.14692E+00  -172.98
   90.00     0.00    -999.99    1.00    1.00    0.00000   -90.00  LINEAR    2.51228E-12    54.90    1.14692E+00  -173.32
   92.00     0.00     -35.49    1.00    1.00    0.01123   -89.43  LEFT      1.71860E-02    54.89    1.14692E+00  -173.66
   94.00     0.00     -29.47    1.00    1.00    0.02258   -88.87  LEFT      3.43861E-02    54.89    1.14692E+00  -174.00
   96.00     0.00     -25.94    1.00    1.01    0.03405   -88.31  LEFT      5.16139E-02    54.89    1.14692E+00  -174.34
   98.00     0.00     -23.43    1.00    1.01    0.04564   -87.76  LEFT      6.88826E-02    54.88    1.14692E+00  -174.68
  100.00     0.00     -21.48    1.00    1.02    0.05734   -87.22  LEFT      8.62044E-02    54.87    1.14692E+00  -175.01
  102.00     0.00     -19.89    1.00    1.03    0.06917   -86.68  LEFT      1.03590E-01    54.86    1.14692E+00  -175.34
  104.00     0.00     -18.53    1.00    1.05    0.08110   -86.14  LEFT      1.21049E-01    54.85    1.14692E+00  -175.67
  106.00     0.00     -17.36    1.00    1.06    0.09315   -85.60  LEFT      1.38589E-01    54.84    1.14692E+00  -176.00
  108.00     0.00     -16.32    1.00    1.08    0.10530   -85.06  LEFT      1.56214E-01    54.82    1.14692E+00  -176.33
  110.00     0.00     -15.39    1.00    1.10    0.11755   -84.53  LEFT      1.73929E-01    54.81    1.14692E+00  -176.65
  112.00     0.00     -14.54    1.00    1.12    0.12988   -83.99  LEFT      1.91732E-01    54.79    1.14692E+00  -176.97
  114.00     0.00     -13.76    1.00    1.14    0.14229   -83.45  LEFT      2.09622E-01    54.77    1.14692E+00  -177.28
  116.00     0.00     -13.05    1.00    1.17    0.15476   -82.92  LEFT      2.27592E-01    54.75    1.14692E+00  -177.59
  118.00     0.00     -12.39    1.00    1.19    0.16728   -82.38  LEFT      2.45633E-01    54.73    1.14692E+00  -177.89
  120.00     0.00     -11.77    1.00    1.22    0.17982   -81.84  LEFT      2.63733E-01    54.71    1.14692E+00  -178.18
  122.00     0.00     -11.19    1.00    1.25    0.19237   -81.29  LEFT      2.81874E-01    54.69    1.14692E+00  -178.48
  124.00     0.00     -10.65    1.00    1.28    0.20490   -80.75  LEFT      3.00038E-01    54.67    1.14692E+00  -178.76
  126.00     0.00     -10.14    1.00    1.32    0.21739   -80.20  LEFT      3.18199E-01    54.65    1.14692E+00  -179.04
  128.00     0.00      -9.66    1.00    1.36    0.22980   -79.65  LEFT      3.36330E-01    54.63    1.14692E+00  -179.31
  130.00     0.00      -9.20    1.00    1.39    0.24211   -79.10  LEFT      3.54400E-01    54.60    1.14692E+00  -179.57
  132.00     0.00      -8.77    1.00    1.43    0.25429   -78.55  LEFT      3.72372E-01    54.58    1.14692E+00  -179.83
  134.00     0.00      -8.37    1.00    1.47    0.26630   -78.00  LEFT      3.90207E-01    54.56    1.14692E+00   179.92
  136.00     0.00      -7.98    1.00    1.51    0.27810   -77.44  LEFT      4.07863E-01    54.53    1.14692E+00   179.68
  138.00     0.00      -7.62    1.00    1.56    0.28966   -76.89  LEFT      4.25294E-01    54.51    1.14692E+00   179.45
  140.00     0.00      -7.28    1.00    1.60    0.30094   -76.34  LEFT      4.42451E-01    54.49    1.14692E+00   179.23
  142.00     0.00      -6.95    1.00    1.64    0.31191   -75.80  LEFT      4.59280E-01    54.47    1.14692E+00   179.01
  144.00     0.00      -6.65    1.00    1.69    0.32253   -75.26  LEFT      4.75730E-01    54.45    1.14692E+00   178.81
  146.00     0.00      -6.36    1.00    1.73    0.33277   -74.72  LEFT      4.91742E-01    54.43    1.14692E+00   178.61
  148.00     0.00      -6.09    1.00    1.77    0.34258   -74.20  LEFT      5.07259E-01    54.41    1.14692E+00   178.43
  150.00     0.00      -5.84    1.00    1.82    0.35194   -73.69  LEFT      5.22223E-01    54.39    1.14692E+00   178.25
  152.00     0.00      -5.60    1.00    1.86    0.36082   -73.19  LEFT      5.36573E-01    54.37    1.14692E+00   178.09
  154.00     0.00      -5.38    1.00    1.90    0.36919   -72.71  LEFT      5.50251E-01    54.35    1.14692E+00   177.94
  156.00     0.00      -5.18    1.00    1.94    0.37702   -72.25  LEFT      5.63197E-01    54.34    1.14692E+00   177.79
  158.00     0.00      -4.99    1.00    1.97    0.38430   -71.81  LEFT      5.75355E-01    54.32    1.14692E+00   177.66
  160.00     0.00      -4.83    1.00    2.01    0.39099   -71.40  LEFT      5.86667E-01    54.31    1.14692E+00   177.54
  162.00     0.00      -4.67    1.00    2.04    0.39709   -71.01  LEFT      5.97082E-01    54.30    1.14692E+00   177.43
  164.00     0.00      -4.54    1.00    2.07    0.40257   -70.66  LEFT      6.06548E-01    54.29    1.14692E+00   177.33
  166.00     0.00      -4.42    1.00    2.09    0.40743   -70.34  LEFT      6.15019E-01    54.28    1.14692E+00   177.24
  168.00     0.00      -4.31    1.00    2.12    0.41166   -70.06  LEFT      6.22452E-01    54.27    1.14692E+00   177.16
  170.00     0.00      -4.22    1.00    2.14    0.41525   -69.81  LEFT      6.28809E-01    54.26    1.14692E+00   177.10
  172.00     0.00      -4.15    1.00    2.16    0.41820   -69.61  LEFT      6.34057E-01    54.25    1.14692E+00   177.05
  174.00     0.00      -4.09    1.00    2.17    0.42049   -69.45  LEFT      6.38168E-01    54.25    1.14692E+00   177.01
  176.00     0.00      -4.05    1.00    2.18    0.42213   -69.34  LEFT      6.41120E-01    54.25    1.14692E+00   176.98
  178.00     0.00      -4.03    1.00    2.18    0.42312   -69.27  LEFT      6.42898E-01    54.24    1.14692E+00   176.96
  180.00     0.00      -4.02    1.00    2.19    0.42344   -69.25  LEFT      6.43491E-01    54.24    1.14692E+00   176.95




                                 - - - - - - FREQUENCY - - - - - -

                                    FREQUENCY= 1.6300E+03 MHZ
                                    WAVELENGTH= 1.8393E-01 METERS




                    APPROXIMATE INTEGRATION EMPLOYED FOR SEGMENTS MORE THAN   1.000 WAVELENGTHS APART

                    THE EXTENDED THIN WIRE KERNEL WILL BE USED



                               - - - STRUCTURE IMPEDANCE LOADING - - -

                                   THIS STRUCTURE IS NOT LOADED



                                  - - - ANTENNA ENVIRONMENT - - -

                                            FREE SPACE



                                - - - MATRIX TIMING - - -

                        FILL=    0.000 SEC.,  FACTOR=    0.000 SEC.



                                            - - - NETWORK DATA - - -

      - FROM -    - TO -           TRANSMISSION LINE               -  -  SHUNT ADMITTANCES (MHOS)  -  -              LINE
      TAG  SEG.   TAG  SEG.      IMPEDANCE      LENGTH            - END ONE -                 - END TWO -            TYPE
      NO.   NO.   NO.   NO.         OHMS        METERS         REAL          IMAG.         REAL          IMAG.
        1    11     2    32     5.0000E+01    4.2500E-02    0.0000E+00    0.0000E+00    0.0000E+00    0.0000E+00   STRAIGHT



                           - - - STRUCTURE EXCITATION DATA AT NETWORK CONNECTION POINTS - - -

   TAG   SEG.    VOLTAGE (VOLTS)         CURRENT (AMPS)         IMPEDANCE (OHMS)        ADMITTANCE (MHOS)      POWER
   NO.   NO.    REAL        IMAG.       REAL        IMAG.       REAL        IMAG.       REAL        IMAG.     (WATTS)
     1    11 1.28704E+00-1.33822E+00 3.19834E-03-1.70663E-02 8.94061E+01 5.86590E+01 7.81910E-03-5.13008E-03 1.34774E-02
     2    32 1.00000E+00 0.00000E+00 7.81910E-03-5.13008E-03 8.94061E+01 5.86590E+01 7.81910E-03-5.13008E-03 3.90955E-03



                                          - - - ANTENNA INPUT PARAMETERS - - -

   TAG   SEG.    VOLTAGE (VOLTS)         CURRENT (AMPS)         IMPEDANCE (OHMS)        ADMITTANCE (MHOS)      POWER
   NO.   NO.    REAL        IMAG.       REAL        IMAG.       REAL        IMAG.       REAL        IMAG.     (WATTS)
     2    32 1.00000E+00 0.00000E+00 3.47738E-02 1.84039E-02 2.24648E+01-1.18894E+01 3.47738E-02 1.84039E-02 1.73869E-02



                             - - - CURRENTS AND LOCATION - - -

                                 DISTANCES IN WAVELENGTHS


  SEG.  TAG    COORD. OF SEG. CENTER     SEG.            - - - CURRENT (AMPS) - - -
  NO.   NO.     X        Y        Z      LENGTH     REAL        IMAG.       MAG.        PHASE
     1    1   0.0000  -0.2408   0.0272  0.02408   6.5418E-05 -2.1303E-03  2.1313E-03  -88.241
     2    1   0.0000  -0.2167   0.0272  0.02408   2.0752E-04 -5.2356E-03  5.2397E-03  -87.730
     3    1   0.0000  -0.1926   0.0272  0.02408   3.8895E-04 -7.8995E-03  7.9091E-03  -87.181
     4    1   0.0000  -0.1685   0.0272  0.02408   6.1143E-04 -1.0276E-02  1.0294E-02  -86.595
     5    1   0.0000  -0.1445   0.0272  0.02408   8.7307E-04 -1.2355E-02  1.2386E-02  -85.958
     6    1   0.0000  -0.1204   0.0272  0.02408   1.1715E-03 -1.4110E-02  1.4159E-02  -85.254
     7    1   0.0000  -0.0963   0.0272  0.02408   1.5044E-03 -1.5512E-02  1.5585E-02  -84.461
     8    1   0.0000  -0.0722   0.0272  0.02408   1.8708E-03 -1.6533E-02  1.6638E-02  -83.544
     9    1   0.0000  -0.0482   0.0272  0.02408   2.2737E-03 -1.7145E-02  1.7295E-02  -82.446
    10    1   0.0000  -0.0241   0.0272  0.02408   2.7412E-03 -1.7302E-02  1.7518E-02  -80.998
    11    1   0.0000   0.0000   0.0272  0.02408   3.1983E-03 -1.7066E-02  1.7363E-02  -79.385
    12    1   0.0000   0.0241   0.0272  0.02408   2.7412E-03 -1.7302E-02  1.7518E-02  -80.998
    13    1   0.0000   0.0482   0.0272  0.02408   2.2737E-03 -1.7145E-02  1.7295E-02  -82.446
    14    1   0.0000   0.0722   0.0272  0.02408   1.8708E-03 -1.6533E-02  1.6638E-02  -83.544
    15    1   0.0000   0.0963   0.0272  0.02408   1.5044E-03 -1.5512E-02  1.5585E-02  -84.461
    16    1   0.0000   0.1204   0.0272  0.02408   1.1715E-03 -1.4110E-02  1.4159E-02  -85.254
    17    1   0.0000   0.1445   0.0272  0.02408   8.7307E-04 -1.2355E-02  1.2386E-02  -85.958
    18    1   0.0000   0.1685   0.0272  0.02408   6.1143E-04 -1.0276E-02  1.0294E-02  -86.595
    19    1   0.0000   0.1926   0.0272  0.02408   3.8895E-04 -7.8995E-03  7.9091E-03  -87.181
    20    1   0.0000   0.2167   0.0272  0.02408   2.0752E-04 -5.2356E-03  5.2397E-03  -87.730
    21    1   0.0000   0.2408   0.0272  0.02408   6.5418E-05 -2.1303E-03  2.1313E-03  -88.241
    22    2  -0.2408   0.0000   0.0000  0.02408   8.5140E-04 -7.6995E-04  1.1479E-03  -42.124
    23    2  -0.2167   0.0000   0.0000  0.02408   2.1099E-03 -1.8742E-03  2.8221E-03  -41.613
    24    2  -0.1926   0.0000   0.0000  0.02408   3.2118E-03 -2.7983E-03  4.2598E-03  -41.064
    25    2  -0.1685   0.0000   0.0000  0.02408   4.2174E-03 -3.5992E-03  5.5445E-03  -40.478
    26    2  -0.1445   0.0000   0.0000  0.02408   5.1221E-03 -4.2739E-03  6.6710E-03  -39.841
    27    2  -0.1204   0.0000   0.0000  0.02408   5.9149E-03 -4.8133E-03  7.6258E-03  -39.137
    28    2  -0.0963   0.0000   0.0000  0.02408   6.5834E-03 -5.2075E-03  8.3940E-03  -38.344
    29    2  -0.0722   0.0000   0.0000  0.02408   7.1164E-03 -5.4463E-03  8.9614E-03  -37.427
    30    2  -0.0482   0.0000   0.0000  0.02408   7.5044E-03 -5.5183E-03  9.3149E-03  -36.329
    31    2  -0.0241   0.0000   0.0000  0.02408   7.7400E-03 -5.3957E-03  9.4351E-03  -34.881
    32    2   0.0000   0.0000   0.0000  0.02408   7.8191E-03 -5.1301E-03  9.3518E-03  -33.269
    33    2   0.0241   0.0000   0.0000  0.02408   7.7400E-03 -5.3957E-03  9.4351E-03  -34.881
    34    2   0.0482   0.0000   0.0000  0.02408   7.5044E-03 -5.5183E-03  9.3149E-03  -36.329
    35    2   0.0722   0.0000   0.0000  0.02408   7.1164E-03 -5.4463E-03  8.9614E-03  -37.427
    36    2   0.0963   0.0000   0.0000  0.02408   6.5834E-03 -5.2075E-03  8.3940E-03  -38.344
    37    2   0.1204   0.0000   0.0000  0.02408   5.9149E-03 -4.8133E-03  7.6259E-03  -39.137
    38    2   0.1445   0.0000   0.0000  0.02408   5.1221E-03 -4.2739E-03  6.6710E-03  -39.841
    39    2   0.1685   0.0000   0.0000  0.02408   4.2174E-03 -3.5992E-03  5.5445E-03  -40.478
    40    2   0.1926   0.0000   0.0000  0.02408   3.2118E-03 -2.7983E-03  4.2598E-03  -41.064
    41    2   0.2167   0.0000   0.0000  0.02408   2.1099E-03 -1.8742E-03  2.8221E-03  -41.613
    42    2   0.2408   0.0000   0.0000  0.02408   8.5140E-04 -7.6995E-04  1.1479E-03  -42.124



                                        - - - POWER BUDGET - - -

                                           INPUT POWER   = 1.7387E-02 WATTS
                                           RADIATED POWER= 1.7387E-02 WATTS
                                           STRUCTURE LOSS= 0.0000E+00 WATTS
                                           NETWORK LOSS  =-1.7347E-17 WATTS
                                           EFFICIENCY    = 100.00 PERCENT



                                                - - - RADIATION PATTERNS - - -

  - - ANGLES - -           - POWER GAINS -       - - - POLARIZATION - - -    - - - E(THETA) - - -    - - - E(PHI) - - -
  THETA     PHI        VERT.   HOR.    TOTAL      AXIAL     TILT   SENSE     MAGNITUDE    PHASE      MAGNITUDE    PHASE 
 DEGREES  DEGREES       DB      DB      DB        RATIO     DEG.              VOLTS/M    DEGREES      VOLTS/M    DEGREES
 -180.00     0.00      -4.29    1.09    2.19    0.40143   -69.81  LEFT      6.23131E-01    52.10    1.15696E+00   176.20
 -178.00     0.00      -4.30    1.09    2.19    0.40111   -69.83  LEFT      6.22553E-01    52.10    1.15696E+00   176.21
 -176.00     0.00      -4.32    1.09    2.18    0.40016   -69.90  LEFT      6.20823E-01    52.11    1.15696E+00   176.22
 -174.00     0.00      -4.36    1.09    2.18    0.39857   -70.00  LEFT      6.17951E-01    52.11    1.15696E+00   176.25
 -172.00     0.00      -4.42    1.09    2.16    0.39635   -70.15  LEFT      6.13951E-01    52.11    1.15696E+00   176.30
 -170.00     0.00      -4.49    1.09    2.15    0.39350   -70.35  LEFT      6.08845E-01    52.12    1.15696E+00   176.35
 -168.00     0.00      -4.58    1.09    2.13    0.39003   -70.58  LEFT      6.02660E-01    52.13    1.15696E+00   176.41
 -166.00     0.00      -4.68    1.09    2.11    0.38595   -70.84  LEFT      5.95429E-01    52.14    1.15696E+00   176.49
 -164.00     0.00      -4.81    1.09    2.08    0.38125   -71.15  LEFT      5.87190E-01    52.15    1.15696E+00   176.58
 -162.00     0.00      -4.94    1.09    2.05    0.37596   -71.48  LEFT      5.77983E-01    52.16    1.15696E+00   176.68
 -160.00     0.00      -5.10    1.09    2.02    0.37009   -71.85  LEFT      5.67855E-01    52.17    1.15696E+00   176.79
 -158.00     0.00      -5.27    1.09    1.99    0.36365   -72.24  LEFT      5.56855E-01    52.19    1.15696E+00   176.91
 -156.00     0.00      -5.45    1.09    1.96    0.35666   -72.66  LEFT      5.45037E-01    52.20    1.15696E+00   177.05
 -154.00     0.00      -5.66    1.09    1.92    0.34914   -73.10  LEFT      5.32453E-01    52.22    1.15696E+00   177.19
 -152.00     0.00      -5.87    1.09    1.88    0.34111   -73.56  LEFT      5.19161E-01    52.24    1.15696E+00   177.35
 -150.00     0.00      -6.11    1.09    1.84    0.33260   -74.04  LEFT      5.05218E-01    52.25    1.15696E+00   177.51
 -148.00     0.00      -6.36    1.09    1.80    0.32364   -74.53  LEFT      4.90683E-01    52.27    1.15696E+00   177.69
 -146.00     0.00      -6.64    1.09    1.76    0.31425   -75.04  LEFT      4.75613E-01    52.29    1.15696E+00   177.87
 -144.00     0.00      -6.92    1.09    1.72    0.30447   -75.55  LEFT      4.60067E-01    52.31    1.15696E+00   178.07
 -142.00     0.00      -7.23    1.09    1.68    0.29434   -76.07  LEFT      4.44100E-01    52.34    1.15696E+00   178.27
 -140.00     0.00      -7.56    1.09    1.64    0.28388   -76.60  LEFT      4.27768E-01    52.36    1.15696E+00   178.49
 -138.00     0.00      -7.90    1.09    1.60    0.27313   -77.13  LEFT      4.11124E-01    52.38    1.15696E+00   178.71
 -136.00     0.00      -8.27    1.09    1.56    0.26213   -77.67  LEFT      3.94218E-01    52.40    1.15696E+00   178.95
 -134.00     0.00      -8.65    1.09    1.52    0.25091   -78.21  LEFT      3.77099E-01    52.43    1.15696E+00   179.19
 -132.00     0.00      -9.06    1.09    1.49    0.23950   -78.75  LEFT      3.59812E-01    52.45    1.15696E+00   179.44
 -130.00     0.00      -9.49    1.09    1.45    0.22794   -79.29  LEFT      3.42397E-01    52.47    1.15696E+00   179.70
 -128.00     0.00      -9.95    1.09    1.42    0.21627   -79.83  LEFT      3.24893E-01    52.50    1.15696E+00   179.96
 -126.00     0.00     -10.43    1.09    1.38    0.20450   -80.36  LEFT      3.07336E-01    52.52    1.15696E+00  -179.77
 -124.00     0.00     -10.94    1.09    1.35    0.19268   -80.90  LEFT      2.89755E-01    52.54    1.15696E+00  -179.49
 -122.00     0.00     -11.48    1.09    1.32    0.18082   -81.43  LEFT      2.72177E-01    52.57    1.15696E+00  -179.20
 -120.00     0.00     -12.06    1.09    1.29    0.16896   -81.97  LEFT      2.54626E-01    52.59    1.15696E+00  -178.91
 -118.00     0.00     -12.68    1.09    1.26    0.15711   -82.50  LEFT      2.37121E-01    52.61    1.15696E+00  -178.61
 -116.00     0.00     -13.34    1.09    1.24    0.14530   -83.03  LEFT      2.19678E-01    52.63    1.15696E+00  -178.30
 -114.00     0.00     -14.06    1.09    1.22    0.13354   -83.56  LEFT      2.02310E-01    52.65    1.15696E+00  -177.99
 -112.00     0.00     -14.84    1.09    1.20    0.12184   -84.09  LEFT      1.85024E-01    52.67    1.15696E+00  -177.68
 -110.00     0.00     -15.68    1.09    1.18    0.11023   -84.61  LEFT      1.67826E-01    52.69    1.15696E+00  -177.36
 -108.00     0.00     -16.62    1.09    1.16    0.09871   -85.14  LEFT      1.50719E-01    52.70    1.15696E+00  -177.04
 -106.00     0.00     -17.66    1.09    1.14    0.08729   -85.67  LEFT      1.33702E-01    52.72    1.15696E+00  -176.71
 -104.00     0.00     -18.83    1.09    1.13    0.07597   -86.20  LEFT      1.16772E-01    52.73    1.15696E+00  -176.38
 -102.00     0.00     -20.19    1.09    1.12    0.06477   -86.73  LEFT      9.99230E-02    52.74    1.15696E+00  -176.05
 -100.00     0.00     -21.78    1.09    1.11    0.05368   -87.26  LEFT      8.31479E-02    52.75    1.15696E+00  -175.71
  -98.00     0.00     -23.73    1.09    1.10    0.04270   -87.80  LEFT      6.64371E-02    52.76    1.15696E+00  -175.38
  -96.00     0.00     -26.24    1.09    1.09    0.03185   -88.34  LEFT      4.97795E-02    52.77    1.15696E+00  -175.04
  -94.00     0.00     -29.77    1.09    1.09    0.02112   -88.89  LEFT      3.31631E-02    52.77    1.15696E+00  -174.70
  -92.00     0.00     -35.79    1.09    1.09    0.01050   -89.44  LEFT      1.65745E-02    52.78    1.15696E+00  -174.36
  -90.00     0.00    -999.99    1.09    1.09    0.00000   -90.00  LINEAR    2.42288E-12    52.78    1.15696E+00  -174.01
  -88.00     0.00     -35.79    1.09    1.09    0.01038    89.43  RIGHT     1.65745E-02  -127.22    1.15696E+00  -173.67
  -86.00     0.00     -29.77    1.09    1.09    0.02065    88.86  RIGHT     3.31631E-02  -127.23    1.15696E+00  -173.33
  -84.00     0.00     -26.24    1.09    1.09    0.03080    88.28  RIGHT     4.97795E-02  -127.23    1.15696E+00  -172.99
  -82.00     0.00     -23.73    1.09    1.10    0.04083    87.69  RIGHT     6.64371E-02  -127.24    1.15696E+00  -172.65
  -80.00     0.00     -21.78    1.09    1.11    0.05075    87.09  RIGHT     8.31479E-02  -127.25    1.15696E+00  -172.31
  -78.00     0.00     -20.19    1.09    1.12    0.06055    86.48  RIGHT     9.99230E-02  -127.26    1.15696E+00  -171.98
  -76.00     0.00     -18.83    1.09    1.13    0.07022    85.85  RIGHT     1.16772E-01  -127.27    1.15696E+00  -171.65
  -74.00     0.00     -17.66    1.09    1.14    0.07977    85.22  RIGHT     1.33702E-01  -127.28    1.15696E+00  -171.32
  -72.00     0.00     -16.62    1.09    1.16    0.08919    84.58  RIGHT     1.50719E-01  -127.30    1.15696E+00  -170.99
  -70.00     0.00     -15.68    1.09    1.18    0.09848    83.92  RIGHT     1.67826E-01  -127.31    1.15696E+00  -170.67
  -68.00     0.00     -14.84    1.09    1.20    0.10761    83.25  RIGHT     1.85024E-01  -127.33    1.15696E+00  -170.35
  -66.00     0.00     -14.06    1.09    1.22    0.11660    82.57  RIGHT     2.02310E-01  -127.35    1.15696E+00  -170.03
  -64.00     0.00     -13.34    1.09    1.24    0.12541    81.88  RIGHT     2.19678E-01  -127.37    1.15696E+00  -169.72
  -62.00     0.00     -12.68    1.09    1.26    0.13405    81.18  RIGHT     2.37121E-01  -127.39    1.15696E+00  -169.42
  -60.00     0.00     -12.06    1.09    1.29    0.14250    80.47  RIGHT     2.54626E-01  -127.41    1.15696E+00  -169.12
  -58.00     0.00     -11.48    1.09    1.32    0.15075    79.76  RIGHT     2.72177E-01  -127.43    1.15696E+00  -168.83
  -56.00     0.00     -10.94    1.09    1.35    0.15878    79.03  RIGHT     2.89755E-01  -127.46    1.15696E+00  -168.54
  -54.00     0.00     -10.43    1.09    1.38    0.16657    78.30  RIGHT     3.07336E-01  -127.48    1.15696E+00  -168.26
  -52.00     0.00      -9.95    1.09    1.42    0.17412    77.56  RIGHT     3.24893E-01  -127.50    1.15696E+00  -167.99
  -50.00     0.00      -9.49    1.09    1.45    0.18141    76.82  RIGHT     3.42397E-01  -127.53    1.15696E+00  -167.72
  -48.00     0.00      -9.06    1.09    1.49    0.18842    76.08  RIGHT     3.59812E-01  -127.55    1.15696E+00  -167.47
  -46.00     0.00      -8.65    1.09    1.52    0.19514    75.34  RIGHT     3.77099E-01  -127.57    1.15696E+00  -167.22
  -44.00     0.00      -8.27    1.09    1.56    0.20155    74.60  RIGHT     3.94218E-01  -127.60    1.15696E+00  -166.97
  -42.00     0.00      -7.90    1.09    1.60    0.20766    73.87  RIGHT     4.11124E-01  -127.62    1.15696E+00  -166.74
  -40.00     0.00      -7.56    1.09    1.64    0.21344    73.15  RIGHT     4.27768E-01  -127.64    1.15696E+00  -166.52
  -38.00     0.00      -7.23    1.09    1.68    0.21890    72.44  RIGHT     4.44100E-01  -127.66    1.15696E+00  -166.30
  -36.00     0.00      -6.92    1.09    1.72    0.22403    71.74  RIGHT     4.60067E-01  -127.69    1.15696E+00  -166.10
  -34.00     0.00      -6.64    1.09    1.76    0.22882    71.07  RIGHT     4.75613E-01  -127.71    1.15696E+00  -165.90
  -32.00     0.00      -6.36    1.09    1.80    0.23328    70.41  RIGHT     4.90683E-01  -127.73    1.15696E+00  -165.71
  -30.00     0.00      -6.11    1.09    1.84    0.23741    69.77  RIGHT     5.05218E-01  -127.75    1.15696E+00  -165.54
  -28.00     0.00      -5.87    1.09    1.88    0.24120    69.16  RIGHT     5.19161E-01  -127.76    1.15696E+00  -165.37
  -26.00     0.00      -5.66    1.09    1.92    0.24468    68.58  RIGHT     5.32453E-01  -127.78    1.15696E+00  -165.22
  -24.00     0.00      -5.45    1.09    1.96    0.24783    68.03  RIGHT     5.45037E-01  -127.80    1.15696E+00  -165.07
  -22.00     0.00      -5.27    1.09    1.99    0.25069    67.52  RIGHT     5.56855E-01  -127.81    1.15696E+00  -164.94
  -20.00     0.00      -5.10    1.09    2.02    0.25324    67.04  RIGHT     5.67855E-01  -127.83    1.15696E+00  -164.82
  -18.00     0.00      -4.94    1.09    2.05    0.25551    66.60  RIGHT     5.77983E-01  -127.84    1.15696E+00  -164.71
  -16.00     0.00      -4.81    1.09    2.08    0.25750    66.20  RIGHT     5.87190E-01  -127.85    1.15696E+00  -164.61
  -14.00     0.00      -4.68    1.09    2.11    0.25923    65.84  RIGHT     5.95429E-01  -127.86    1.15696E+00  -164.52
  -12.00     0.00      -4.58    1.09    2.13    0.26070    65.53  RIGHT     6.02660E-01  -127.87    1.15696E+00  -164.44
  -10.00     0.00      -4.49    1.09    2.15    0.26193    65.26  RIGHT     6.08845E-01  -127.88    1.15696E+00  -164.38
   -8.00     0.00      -4.42    1.09    2.16    0.26293    65.04  RIGHT     6.13951E-01  -127.89    1.15696E+00  -164.32
   -6.00     0.00      -4.36    1.09    2.18    0.26369    64.87  RIGHT     6.17951E-01  -127.89    1.15696E+00  -164.28
   -4.00     0.00      -4.32    1.09    2.18    0.26423    64.74  RIGHT     6.20823E-01  -127.89    1.15696E+00  -164.25
   -2.00     0.00      -4.30    1.09    2.19    0.26455    64.67  RIGHT     6.22553E-01  -127.90    1.15696E+00  -164.23
    0.00     0.00      -4.29    1.09    2.19    0.26466    64.64  RIGHT     6.23131E-01  -127.90    1.15696E+00  -164.23
    2.00     0.00      -4.30    1.09    2.19    0.26455    64.67  RIGHT     6.22553E-01  -127.90    1.15696E+00  -164.23
    4.00     0.00      -4.32    1.09    2.18    0.26423    64.74  RIGHT     6.20823E-01  -127.89    1.15696E+00  -164.25
    6.00     0.00      -4.36    1.09    2.18    0.26369    64.87  RIGHT     6.17951E-01  -127.89    1.15696E+00  -164.28
    8.00     0.00      -4.42    1.09    2.16    0.26293    65.04  RIGHT     6.13951E-01  -127.89    1.15696E+00  -164.32
   10.00     0.00      -4.49    1.09    2.15    0.26193    65.26  RIGHT     6.08845E-01  -127.88    1.15696E+00  -164.38
   12.00     0.00      -4.58    1.09    2.13    0.26070    65.53  RIGHT     6.02660E-01  -127.87    1.15696E+00  -164.44
   14.00     0.00      -4.68    1.09    2.11    0.25923    65.84  RIGHT     5.95429E-01  -127.86    1.15696E+00  -164.52
   16.00     0.00      -4.81    1.09    2.08    0.25750    66.20  RIGHT     5.87190E-01  -127.85    1.15696E+00  -164.61
   18.00     0.00      -4.94    1.09    2.05    0.25551    66.60  RIGHT     5.77983E-01  -127.84    1.15696E+00  -164.71
   20.00     0.00      -5.10    1.09    2.02    0.25324    67.04  RIGHT     5.67855E-01  -127.83    1.15696E+00  -164.82
   22.00     0.00      -5.27    1.09    1.99    0.25069    67.52  RIGHT     5.56855E-01  -127.81    1.15696E+00  -164.94
   24.00     0.00      -5.45    1.09    1.96    0.24783    68.03  RIGHT     5.45037E-01  -127.80    1.15696E+00  -165.07
   26.00     0.00      -5.66    1.09    1.92    0.24468    68.58  RIGHT     5.32453E-01  -127.78    1.15696E+00  -165.22
   28.00     0.00      -5.87    1.09    1.88    0.24120    69.16  RIGHT     5.19161E-01  -127.76    1.15696E+00  -165.37
   30.00     0.00      -6.11    1.09    1.84    0.23741    69.77  RIGHT     5.05218E-01  -127.75    1.15696E+00  -165.54
   32.00     0.00      -6.36    1.09    1.80    0.23328    70.41  RIGHT     4.90683E-01  -127.73    1.15696E+00  -165.71
   34.00     0.00      -6.64    1.09    1.76    0.22882    71.07  RIGHT     4.75613E-01  -127.71    1.15696E+00  -165.90
   36.00     0.00      -6.92    1.09    1.72    0.22403    71.74  RIGHT     4.60067E-01  -127.69    1.15696E+00  -166.10
   38.00     0.00      -7.23    1.09    1.68    0.21890    72.44  RIGHT     4.44100E-01  -127.66    1.15696E+00  -166.30
   40.00     0.00      -7.56    1.09    1.64    0.21344    73.15  RIGHT     4.27768E-01  -127.64    1.15696E+00  -166.52
   42.00     0.00      -7.90    1.09    1.60    0.20766    73.87  RIGHT     4.11124E-01  -127.62    1.15696E+00  -166.74
   44.00     0.00      -8.27    1.09    1.56    0.20155    74.60  RIGHT     3.94218E-01  -127.60    1.15696E+00  -166.97
   46.00     0.00      -8.65    1.09    1.52    0.19514    75.34  RIGHT     3.77099E-01  -127.57    1.15696E+00  -167.22
   48.00     0.00      -9.06    1.09    1.49    0.18842    76.08  RIGHT     3.59812E-01  -127.55    1.15696E+00  -167.47
   50.00     0.00      -9.49    1.09    1.45    0.18141    76.82  RIGHT     3.42397E-01  -127.53    1.15696E+00  -167.72
   52.00     0.00      -9.95    1.09    1.42    0.17412    77.56  RIGHT     3.24893E-01  -127.50    1.15696E+00  -167.99
   54.00     0.00     -10.43    1.09    1.38    0.16657    78.30  RIGHT     3.07336E-01  -127.48    1.15696E+00  -168.26
   56.00     0.00     -10.94    1.09    1.35    0.15878    79.03  RIGHT     2.89755E-01  -127.46    1.15696E+00  -168.54
   58.00     0.00     -11.48    1.09    1.32    0.15075    79.76  RIGHT     2.72177E-01  -127.43    1.15696E+00  -168.83
   60.00     0.00     -12.06    1.09    1.29    0.14250    80.47  RIGHT     2.54626E-01  -127.41    1.15696E+00  -169.12
   62.00     0.00     -12.68    1.09    1.26    0.13405    81.18  RIGHT     2.37121E-01  -127.39    1.15696E+00  -169.42
   64.00     0.00     -13.34    1.09    1.24    0.12541    81.88  RIGHT     2.19678E-01  -127.37    1.15696E+00  -169.72
   66.00     0.00     -14.06    1.09    1.22    0.11660    82.57  RIGHT     2.02310E-01  -127.35    1.15696E+00  -170.03
   68.00     0.00     -14.84    1.09    1.20    0.10761    83.25  RIGHT     1.85024E-01  -127.33    1.15696E+00  -170.35
   70.00     0.00     -15.68    1.09    1.18    0.09848    83.92  RIGHT     1.67826E-01  -127.31    1.15696E+00  -170.67
   72.00     0.00     -16.62    1.09    1.16    0.08919    84.58  RIGHT     1.50719E-01  -127.30    1.15696E+00  -170.99
   74.00     0.00     -17.66    1.09    1.14    0.07977    85.22  RIGHT     1.33702E-01  -127.28    1.15696E+00  -171.32
   76.00     0.00     -18.83    1.09    1.13    0.07022    85.85  RIGHT     1.16772E-01  -127.27    1.15696E+00  -171.65
   78.00     0.00     -20.19    1.09    1.12    0.06055    86.48  RIGHT     9.99230E-02  -127.26    1.15696E+00  -171.98
   80.00     0.00     -21.78    1.09    1.11    0.05075    87.09  RIGHT     8.31479E-02  -127.25    1.15696E+00  -172.31
   82.00     0.00     -23.73    1.09    1.10    0.04083    87.69  RIGHT     6.64371E-02  -127.24    1.15696E+00  -172.65
   84.00     0.00     -26.24    1.09    1.09    0.03080    88.28  RIGHT     4.97795E-02  -127.23    1.15696E+00  -172.99
   86.00     0.00     -29.77    1.09    1.09    0.02065    88.86  RIGHT     3.31631E-02  -127.23    1.15696E+00  -173.33
   88.00     0.00     -35.79    1.09    1.09    0.01038    89.43  RIGHT     1.65745E-02  -127.22    1.15696E+00  -173.67
   90.00     0.00    -999.99    1.09    1.09    0.00000   -90.00  LINEAR    2.42288E-12    52.78    1.15696E+00  -174.01
   92.00     0.00     -35.79    1.09    1.09    0.01050   -89.44  LEFT      1.65745E-02    52.78    1.15696E+00  -174.36
   94.00     0.00     -29.77    1.09    1.09    0.02112   -88.89  LEFT      3.31631E-02    52.77    1.15696E+00  -174.70
   96.00     0.00     -26.24    1.09    1.09    0.03185   -88.34  LEFT      4.97795E-02    52.77    1.15696E+00  -175.04
   98.00     0.00     -23.73    1.09    1.10    0.04270   -87.80  LEFT      6.64371E-02    52.76    1.15696E+00  -175.38
  100.00     0.00     -21.78    1.09    1.11    0.05368   -87.26  LEFT      8.31479E-02    52.75    1.15696E+00  -175.71
  102.00     0.00     -20.19    1.09    1.12    0.06477   -86.73  LEFT      9.99230E-02    52.74    1.15696E+00  -176.05
  104.00     0.00     -18.83    1.09    1.13    0.07597   -86.20  LEFT      1.16772E-01    52.73    1.15696E+00  -176.38
  106.00     0.00     -17.66    1.09    1.14    0.08729   -85.67  LEFT      1.33702E-01    52.72    1.15696E+00  -176.71
  108.00     0.00     -16.62    1.09    1.16    0.09871   -85.14  LEFT      1.50719E-01    52.70    1.15696E+00  -177.04
  110.00     0.00     -15.68    1.09    1.18    0.11023   -84.61  LEFT      1.67826E-01    52.69    1.15696E+00  -177.36
  112.00     0.00     -14.84    1.09    1.20    0.12184   -84.09  LEFT      1.85024E-01    52.67    1.15696E+00  -177.68
  114.00     0.00     -14.06    1.09    1.22    0.13354   -83.56  LEFT      2.02310E-01    52.65    1.15696E+00  -177.99
  116.00     0.00     -13.34    1.09    1.24    0.14530   -83.03  LEFT      2.19678E-01    52.63    1.15696E+00  -178.30
  118.00     0.00     -12.68    1.09    1.26    0.15711   -82.50  LEFT      2.37121E-01    52.61    1.15696E+00  -178.61
  120.00     0.00     -12.06    1.09    1.29    0.16896   -81.97  LEFT      2.54626E-01    52.59    1.15696E+00  -178.91
  122.00     0.00     -11.48    1.09    1.32    0.18082   -81.43  LEFT      2.72177E-01    52.57    1.15696E+00  -179.20
  124.00     0.00     -10.94    1.09    1.35    0.19268   -80.90  LEFT      2.89755E-01    52.54    1.15696E+00  -179.49
  126.00     0.00     -10.43    1.09    1.38    0.20450   -80.36  LEFT      3.07336E-01    52.52    1.15696E+00  -179.77
  128.00     0.00      -9.95    1.09    1.42    0.21627   -79.83  LEFT      3.24893E-01    52.50    1.15696E+00   179.96
  130.00     0.00      -9.49    1.09    1.45    0.22794   -79.29  LEFT      3.42397E-01    52.47    1.15696E+00   179.70
  132.00     0.00      -9.06    1.09    1.49    0.23950   -78.75  LEFT      3.59812E-01    52.45    1.15696E+00   179.44
  134.00     0.00      -8.65    1.09    1.52    0.25091   -78.21  LEFT      3.77099E-01    52.43    1.15696E+00   179.19
  136.00     0.00      -8.27    1.09    1.56    0.26213   -77.67  LEFT      3.94218E-01    52.40    1.15696E+00   178.95
  138.00     0.00      -7.90    1.09    1.60    0.27313   -77.13  LEFT      4.11124E-01    52.38    1.15696E+00   178.71
  140.00     0.00      -7.56    1.09    1.64    0.28388   -76.60  LEFT      4.27768E-01    52.36    1.15696E+00   178.49
  142.00     0.00      -7.23    1.09    1.68    0.29434   -76.07  LEFT      4.44100E-01    52.34    1.15696E+00   178.27
  144.00     0.00      -6.92    1.09    1.72    0.30447   -75.55  LEFT      4.60067E-01    52.31    1.15696E+00   178.07
  146.00     0.00      -6.64    1.09    1.76    0.31425   -75.04  LEFT      4.75613E-01    52.29    1.15696E+00   177.87
  148.00     0.00      -6.36    1.09    1.80    0.32364   -74.53  LEFT      4.90683E-01    52.27    1.15696E+00   177.69
  150.00     0.00      -6.11    1.09    1.84    0.33260   -74.04  LEFT      5.05218E-01    52.25    1.15696E+00   177.51
  152.00     0.00      -5.87    1.09    1.88    0.34111   -73.56  LEFT      5.19161E-01    52.24    1.15696E+00   177.35
  154.00     0.00      -5.66    1.09    1.92    0.34914   -73.10  LEFT      5.32453E-01    52.22    1.15696E+00   177.19
  156.00     0.00      -5.45    1.09    1.96    0.35666   -72.66  LEFT      5.45037E-01    52.20    1.15696E+00   177.05
  158.00     0.00      -5.27    1.09    1.99    0.36365   -72.24  LEFT      5.56855E-01    52.19    1.15696E+00   176.91
  160.00     0.00      -5.10    1.09    2.02    0.37009   -71.85  LEFT      5.67855E-01    52.17    1.15696E+00   176.79
  162.00     0.00      -4.94    1.09    2.05    0.37596   -71.48  LEFT      5.77983E-01    52.16    1.15696E+00   176.68
  164.00     0.00      -4.81    1.09    2.08    0.38125   -71.15  LEFT      5.87190E-01    52.15    1.15696E+00   176.58
  166.00     0.00      -4.68    1.09    2.11    0.38595   -70.84  LEFT      5.95429E-01    52.14    1.15696E+00   176.49
  168.00     0.00      -4.58    1.09    2.13    0.39003   -70.58  LEFT      6.02660E-01    52.13    1.15696E+00   176.41
  170.00     0.00      -4.49    1.09    2.15    0.39350   -70.35  LEFT      6.08845E-01    52.12    1.15696E+00   176.35
  172.00     0.00      -4.42    1.09    2.16    0.39635   -70.15  LEFT      6.13951E-01    52.11    1.15696E+00   176.30
  174.00     0.00      -4.36    1.09    2.18    0.39857   -70.00  LEFT      6.17951E-01    52.11    1.15696E+00   176.25
  176.00     0.00      -4.32    1.09    2.18    0.40016   -69.90  LEFT      6.20823E-01    52.11    1.15696E+00   176.22
  178.00     0.00      -4.30    1.09    2.19    0.40111   -69.83  LEFT      6.22553E-01    52.10    1.15696E+00   176.21
  180.00     0.00      -4.29    1.09    2.19    0.40143   -69.81  LEFT      6.23131E-01    52.10    1.15696E+00   176.20




                                 - - - - - - FREQUENCY - - - - - -

                                    FREQUENCY= 1.6400E+03 MHZ
                                    WAVELENGTH= 1.8280E-01 METERS




                    APPROXIMATE INTEGRATION EMPLOYED FOR SEGMENTS MORE THAN   1.000 WAVELENGTHS APART

                    THE EXTENDED THIN WIRE KERNEL WILL BE USED



                               - - - STRUCTURE IMPEDANCE LOADING - - -

                                   THIS STRUCTURE IS NOT LOADED



                                  - - - ANTENNA ENVIRONMENT - - -

                                            FREE SPACE



                                - - - MATRIX TIMING - - -

                        FILL=    0.000 SEC.,  FACTOR=    0.000 SEC.



                                            - - - NETWORK DATA - - -

      - FROM -    - TO -           TRANSMISSION LINE               -  -  SHUNT ADMITTANCES (MHOS)  -  -              LINE
      TAG  SEG.   TAG  SEG.      IMPEDANCE      LENGTH            - END ONE -                 - END TWO -            TYPE
      NO.   NO.   NO.   NO.         OHMS        METERS         REAL          IMAG.         REAL          IMAG.
        1    11     2    32     5.0000E+01    4.2500E-02    0.0000E+00    0.0000E+00    0.0000E+00    0.0000E+00   STRAIGHT



                           - - - STRUCTURE EXCITATION DATA AT NETWORK CONNECTION POINTS - - -

   TAG   SEG.    VOLTAGE (VOLTS)         CURRENT (AMPS)         IMPEDANCE (OHMS)        ADMITTANCE (MHOS)      POWER
   NO.   NO.    REAL        IMAG.       REAL        IMAG.       REAL        IMAG.       REAL        IMAG.     (WATTS)
     1    11 1.37301E+00-1.36602E+00 3.01824E-03-1.70880E-02 9.12846E+01 6.42256E+01 7.32750E-03-5.15545E-03 1.37433E-02
     2    32 1.00000E+00 0.00000E+00 7.32750E-03-5.15545E-03 9.12846E+01 6.42256E+01 7.32750E-03-5.15545E-03 3.66375E-03



                                          - - - ANTENNA INPUT PARAMETERS - - -

   TAG   SEG.    VOLTAGE (VOLTS)         CURRENT (AMPS)         IMPEDANCE (OHMS)        ADMITTANCE (MHOS)      POWER
   NO.   NO.    REAL        IMAG.       REAL        IMAG.       REAL        IMAG.       REAL        IMAG.     (WATTS)
     2    32 1.00000E+00 0.00000E+00 3.48142E-02 2.02622E-02 2.14560E+01-1.24876E+01 3.48142E-02 2.02622E-02 1.74071E-02



                             - - - CURRENTS AND LOCATION - - -

                                 DISTANCES IN WAVELENGTHS


  SEG.  TAG    COORD. OF SEG. CENTER     SEG.            - - - CURRENT (AMPS) - - -
  NO.   NO.     X        Y        Z      LENGTH     REAL        IMAG.       MAG.        PHASE
     1    1   0.0000  -0.2423   0.0274  0.02423   3.7387E-05 -2.1472E-03  2.1475E-03  -89.002
     2    1   0.0000  -0.2180   0.0274  0.02423   1.3951E-04 -5.2770E-03  5.2789E-03  -88.486
     3    1   0.0000  -0.1938   0.0274  0.02423   2.8776E-04 -7.9612E-03  7.9664E-03  -87.930
     4    1   0.0000  -0.1696   0.0274  0.02423   4.8177E-04 -1.0354E-02  1.0365E-02  -87.336
     5    1   0.0000  -0.1454   0.0274  0.02423   7.1971E-04 -1.2445E-02  1.2466E-02  -86.690
     6    1   0.0000  -0.1211   0.0274  0.02423   9.9945E-04 -1.4207E-02  1.4242E-02  -85.976
     7    1   0.0000  -0.0969   0.0274  0.02423   1.3190E-03 -1.5609E-02  1.5664E-02  -85.170
     8    1   0.0000  -0.0727   0.0274  0.02423   1.6777E-03 -1.6623E-02  1.6707E-02  -84.237
     9    1   0.0000  -0.0485   0.0274  0.02423   2.0788E-03 -1.7220E-02  1.7345E-02  -83.117
    10    1   0.0000  -0.0242   0.0274  0.02423   2.5512E-03 -1.7353E-02  1.7540E-02  -81.636
    11    1   0.0000   0.0000   0.0274  0.02423   3.0182E-03 -1.7088E-02  1.7353E-02  -79.983
    12    1   0.0000   0.0242   0.0274  0.02423   2.5512E-03 -1.7353E-02  1.7540E-02  -81.636
    13    1   0.0000   0.0485   0.0274  0.02423   2.0788E-03 -1.7220E-02  1.7345E-02  -83.117
    14    1   0.0000   0.0727   0.0274  0.02423   1.6777E-03 -1.6623E-02  1.6707E-02  -84.237
    15    1   0.0000   0.0969   0.0274  0.02423   1.3190E-03 -1.5609E-02  1.5664E-02  -85.170
    16    1   0.0000   0.1211   0.0274  0.02423   9.9945E-04 -1.4207E-02  1.4242E-02  -85.976
    17    1   0.0000   0.1454   0.0274  0.02423   7.1971E-04 -1.2445E-02  1.2466E-02  -86.690
    18    1   0.0000   0.1696   0.0274  0.02423   4.8177E-04 -1.0354E-02  1.0365E-02  -87.336
    19    1   0.0000   0.1938   0.0274  0.02423   2.8776E-04 -7.9612E-03  7.9664E-03  -87.930
    20    1   0.0000   0.2180   0.0274  0.02423   1.3951E-04 -5.2770E-03  5.2789E-03  -88.486
    21    1   0.0000   0.2423   0.0274  0.02423   3.7387E-05 -2.1472E-03  2.1475E-03  -89.002
    22    2  -0.2423   0.0000   0.0000  0.02423   7.9559E-04 -7.7229E-04  1.1088E-03  -44.149
    23    2  -0.2180   0.0000   0.0000  0.02423   1.9727E-03 -1.8807E-03  2.7256E-03  -43.632
    24    2  -0.1938   0.0000   0.0000  0.02423   3.0045E-03 -2.8092E-03  4.1132E-03  -43.076
    25    2  -0.1696   0.0000   0.0000  0.02423   3.9470E-03 -3.6144E-03  5.3519E-03  -42.482
    26    2  -0.1454   0.0000   0.0000  0.02423   4.7954E-03 -4.2931E-03  6.4363E-03  -41.836
    27    2  -0.1211   0.0000   0.0000  0.02423   5.5393E-03 -4.8359E-03  7.3532E-03  -41.122
    28    2  -0.0969   0.0000   0.0000  0.02423   6.1669E-03 -5.2328E-03  8.0878E-03  -40.316
    29    2  -0.0727   0.0000   0.0000  0.02423   6.6674E-03 -5.4734E-03  8.6262E-03  -39.383
    30    2  -0.0485   0.0000   0.0000  0.02423   7.0318E-03 -5.5460E-03  8.9557E-03  -38.263
    31    2  -0.0242   0.0000   0.0000  0.02423   7.2532E-03 -5.4227E-03  9.0562E-03  -36.783
    32    2   0.0000   0.0000   0.0000  0.02423   7.3275E-03 -5.1555E-03  8.9594E-03  -35.129
    33    2   0.0242   0.0000   0.0000  0.02423   7.2532E-03 -5.4227E-03  9.0562E-03  -36.783
    34    2   0.0485   0.0000   0.0000  0.02423   7.0318E-03 -5.5460E-03  8.9557E-03  -38.263
    35    2   0.0727   0.0000   0.0000  0.02423   6.6674E-03 -5.4734E-03  8.6262E-03  -39.383
    36    2   0.0969   0.0000   0.0000  0.02423   6.1669E-03 -5.2328E-03  8.0878E-03  -40.316
    37    2   0.1211   0.0000   0.0000  0.02423   5.5393E-03 -4.8359E-03  7.3532E-03  -41.122
    38    2   0.1454   0.0000   0.0000  0.02423   4.7954E-03 -4.2931E-03  6.4363E-03  -41.836
    39    2   0.1696   0.0000   0.0000  0.02423   3.9470E-03 -3.6144E-03  5.3519E-03  -42.482
    40    2   0.1938   0.0000   0.0000  0.02423   3.0045E-03 -2.8092E-03  4.1132E-03  -43.076
    41    2   0.2180   0.0000   0.0000  0.02423   1.9727E-03 -1.8807E-03  2.7256E-03  -43.632
    42    2   0.2423   0.0000   0.0000  0.02423   7.9559E-04 -7.7229E-04  1.1088E-03  -44.149



                                        - - - POWER BUDGET - - -

                                           INPUT POWER   = 1.7407E-02 WATTS
                                           RADIATED POWER= 1.7407E-02 WATTS
                                           STRUCTURE LOSS= 0.0000E+00 WATTS
                                           NETWORK LOSS  =-5.5511E-17 WATTS
                                           EFFICIENCY    = 100.00 PERCENT



                                                - - - RADIATION PATTERNS - - -

  - - ANGLES - -           - POWER GAINS -       - - - POLARIZATION - - -    - - - E(THETA) - - -    - - - E(PHI) - - -
  THETA     PHI        VERT.   HOR.    TOTAL      AXIAL     TILT   SENSE     MAGNITUDE    PHASE      MAGNITUDE    PHASE 
 DEGREES  DEGREES       DB      DB      DB        RATIO     DEG.              VOLTS/M    DEGREES      VOLTS/M    DEGREES
 -180.00     0.00      -4.57    1.17    2.20    0.38099   -70.43  LEFT      6.03641E-01    50.14    1.16913E+00   175.44
 -178.00     0.00      -4.58    1.17    2.20    0.38068   -70.45  LEFT      6.03079E-01    50.14    1.16913E+00   175.44
 -176.00     0.00      -4.60    1.17    2.19    0.37975   -70.52  LEFT      6.01395E-01    50.14    1.16913E+00   175.46
 -174.00     0.00      -4.64    1.17    2.18    0.37821   -70.62  LEFT      5.98598E-01    50.15    1.16913E+00   175.49
 -172.00     0.00      -4.70    1.17    2.17    0.37606   -70.76  LEFT      5.94705E-01    50.15    1.16913E+00   175.53
 -170.00     0.00      -4.77    1.17    2.16    0.37330   -70.94  LEFT      5.89735E-01    50.16    1.16913E+00   175.59
 -168.00     0.00      -4.86    1.17    2.14    0.36994   -71.16  LEFT      5.83715E-01    50.16    1.16913E+00   175.65
 -166.00     0.00      -4.97    1.17    2.12    0.36599   -71.42  LEFT      5.76678E-01    50.17    1.16913E+00   175.73
 -164.00     0.00      -5.09    1.17    2.09    0.36145   -71.70  LEFT      5.68660E-01    50.18    1.16913E+00   175.82
 -162.00     0.00      -5.23    1.17    2.07    0.35634   -72.02  LEFT      5.59702E-01    50.20    1.16913E+00   175.92
 -160.00     0.00      -5.38    1.17    2.04    0.35067   -72.37  LEFT      5.49850E-01    50.21    1.16913E+00   176.03
 -158.00     0.00      -5.55    1.17    2.01    0.34446   -72.75  LEFT      5.39150E-01    50.22    1.16913E+00   176.16
 -156.00     0.00      -5.74    1.17    1.98    0.33773   -73.15  LEFT      5.27656E-01    50.24    1.16913E+00   176.29
 -154.00     0.00      -5.94    1.17    1.94    0.33049   -73.57  LEFT      5.15420E-01    50.26    1.16913E+00   176.43
 -152.00     0.00      -6.16    1.17    1.91    0.32278   -74.01  LEFT      5.02498E-01    50.27    1.16913E+00   176.59
 -150.00     0.00      -6.40    1.17    1.87    0.31461   -74.47  LEFT      4.88946E-01    50.29    1.16913E+00   176.76
 -148.00     0.00      -6.66    1.17    1.83    0.30601   -74.94  LEFT      4.74821E-01    50.31    1.16913E+00   176.93
 -146.00     0.00      -6.93    1.17    1.80    0.29702   -75.42  LEFT      4.60181E-01    50.33    1.16913E+00   177.12
 -144.00     0.00      -7.22    1.17    1.76    0.28767   -75.92  LEFT      4.45080E-01    50.36    1.16913E+00   177.32
 -142.00     0.00      -7.52    1.17    1.72    0.27798   -76.42  LEFT      4.29576E-01    50.38    1.16913E+00   177.53
 -140.00     0.00      -7.85    1.17    1.68    0.26799   -76.93  LEFT      4.13721E-01    50.40    1.16913E+00   177.74
 -138.00     0.00      -8.20    1.17    1.65    0.25774   -77.45  LEFT      3.97568E-01    50.42    1.16913E+00   177.97
 -136.00     0.00      -8.56    1.17    1.61    0.24725   -77.96  LEFT      3.81165E-01    50.45    1.16913E+00   178.20
 -134.00     0.00      -8.95    1.17    1.57    0.23657   -78.49  LEFT      3.64561E-01    50.47    1.16913E+00   178.44
 -132.00     0.00      -9.36    1.17    1.54    0.22572   -79.01  LEFT      3.47797E-01    50.50    1.16913E+00   178.70
 -130.00     0.00      -9.79    1.17    1.51    0.21474   -79.53  LEFT      3.30917E-01    50.52    1.16913E+00   178.96
 -128.00     0.00     -10.25    1.17    1.47    0.20365   -80.06  LEFT      3.13955E-01    50.55    1.16913E+00   179.22
 -126.00     0.00     -10.73    1.17    1.44    0.19249   -80.58  LEFT      2.96946E-01    50.57    1.16913E+00   179.50
 -124.00     0.00     -11.25    1.17    1.41    0.18129   -81.10  LEFT      2.79920E-01    50.59    1.16913E+00   179.78
 -122.00     0.00     -11.79    1.17    1.39    0.17007   -81.62  LEFT      2.62903E-01    50.62    1.16913E+00  -179.93
 -120.00     0.00     -12.37    1.17    1.36    0.15884   -82.14  LEFT      2.45918E-01    50.64    1.16913E+00  -179.64
 -118.00     0.00     -12.99    1.17    1.33    0.14764   -82.66  LEFT      2.28982E-01    50.66    1.16913E+00  -179.34
 -116.00     0.00     -13.65    1.17    1.31    0.13649   -83.18  LEFT      2.12112E-01    50.68    1.16913E+00  -179.03
 -114.00     0.00     -14.37    1.17    1.29    0.12539   -83.70  LEFT      1.95319E-01    50.70    1.16913E+00  -178.72
 -112.00     0.00     -15.15    1.17    1.27    0.11436   -84.22  LEFT      1.78610E-01    50.72    1.16913E+00  -178.40
 -110.00     0.00     -16.00    1.17    1.25    0.10342   -84.73  LEFT      1.61992E-01    50.74    1.16913E+00  -178.08
 -108.00     0.00     -16.93    1.17    1.24    0.09258   -85.25  LEFT      1.45466E-01    50.76    1.16913E+00  -177.76
 -106.00     0.00     -17.97    1.17    1.22    0.08183   -85.76  LEFT      1.29030E-01    50.77    1.16913E+00  -177.43
 -104.00     0.00     -19.15    1.17    1.21    0.07120   -86.28  LEFT      1.12683E-01    50.79    1.16913E+00  -177.10
 -102.00     0.00     -20.50    1.17    1.20    0.06068   -86.80  LEFT      9.64174E-02    50.80    1.16913E+00  -176.76
 -100.00     0.00     -22.10    1.17    1.19    0.05027   -87.33  LEFT      8.02261E-02    50.81    1.16913E+00  -176.43
  -98.00     0.00     -24.05    1.17    1.18    0.03998   -87.85  LEFT      6.40994E-02    50.82    1.16913E+00  -176.09
  -96.00     0.00     -26.56    1.17    1.18    0.02981   -88.38  LEFT      4.80262E-02    50.83    1.16913E+00  -175.74
  -94.00     0.00     -30.08    1.17    1.17    0.01976   -88.92  LEFT      3.19941E-02    50.83    1.16913E+00  -175.40
  -92.00     0.00     -36.11    1.17    1.17    0.00982   -89.45  LEFT      1.59900E-02    50.83    1.16913E+00  -175.06
  -90.00     0.00    -999.99    1.17    1.17    0.00000   -90.00  LINEAR    2.33742E-12    50.83    1.16913E+00  -174.72
  -88.00     0.00     -36.11    1.17    1.17    0.00970    89.45  RIGHT     1.59900E-02  -129.17    1.16913E+00  -174.37
  -86.00     0.00     -30.08    1.17    1.17    0.01930    88.89  RIGHT     3.19941E-02  -129.17    1.16913E+00  -174.03
  -84.00     0.00     -26.56    1.17    1.18    0.02877    88.32  RIGHT     4.80262E-02  -129.17    1.16913E+00  -173.69
  -82.00     0.00     -24.05    1.17    1.18    0.03814    87.74  RIGHT     6.40994E-02  -129.18    1.16913E+00  -173.34
  -80.00     0.00     -22.10    1.17    1.19    0.04739    87.16  RIGHT     8.02261E-02  -129.19    1.16913E+00  -173.01
  -78.00     0.00     -20.50    1.17    1.20    0.05653    86.56  RIGHT     9.64174E-02  -129.20    1.16913E+00  -172.67
  -76.00     0.00     -19.15    1.17    1.21    0.06556    85.96  RIGHT     1.12683E-01  -129.21    1.16913E+00  -172.33
  -74.00     0.00     -17.97    1.17    1.22    0.07446    85.34  RIGHT     1.29030E-01  -129.23    1.16913E+00  -172.00
  -72.00     0.00     -16.93    1.17    1.24    0.08324    84.72  RIGHT     1.45466E-01  -129.24    1.16913E+00  -171.67
  -70.00     0.00     -16.00    1.17    1.25    0.09189    84.08  RIGHT     1.61992E-01  -129.26    1.16913E+00  -171.35
  -68.00     0.00     -15.15    1.17    1.27    0.10041    83.43  RIGHT     1.78610E-01  -129.28    1.16913E+00  -171.03
  -66.00     0.00     -14.37    1.17    1.29    0.10879    82.77  RIGHT     1.95319E-01  -129.30    1.16913E+00  -170.71
  -64.00     0.00     -13.65    1.17    1.31    0.11701    82.10  RIGHT     2.12112E-01  -129.32    1.16913E+00  -170.40
  -62.00     0.00     -12.99    1.17    1.33    0.12506    81.43  RIGHT     2.28982E-01  -129.34    1.16913E+00  -170.09
  -60.00     0.00     -12.37    1.17    1.36    0.13295    80.74  RIGHT     2.45918E-01  -129.36    1.16913E+00  -169.79
  -58.00     0.00     -11.79    1.17    1.39    0.14064    80.04  RIGHT     2.62903E-01  -129.38    1.16913E+00  -169.50
  -56.00     0.00     -11.25    1.17    1.41    0.14814    79.34  RIGHT     2.79920E-01  -129.41    1.16913E+00  -169.21
  -54.00     0.00     -10.73    1.17    1.44    0.15543    78.63  RIGHT     2.96946E-01  -129.43    1.16913E+00  -168.93
  -52.00     0.00     -10.25    1.17    1.47    0.16248    77.92  RIGHT     3.13955E-01  -129.45    1.16913E+00  -168.65
  -50.00     0.00      -9.79    1.17    1.51    0.16930    77.21  RIGHT     3.30917E-01  -129.48    1.16913E+00  -168.39
  -48.00     0.00      -9.36    1.17    1.54    0.17587    76.49  RIGHT     3.47797E-01  -129.50    1.16913E+00  -168.13
  -46.00     0.00      -8.95    1.17    1.57    0.18217    75.78  RIGHT     3.64561E-01  -129.53    1.16913E+00  -167.88
  -44.00     0.00      -8.56    1.17    1.61    0.18820    75.07  RIGHT     3.81165E-01  -129.55    1.16913E+00  -167.63
  -42.00     0.00      -8.20    1.17    1.65    0.19394    74.36  RIGHT     3.97568E-01  -129.58    1.16913E+00  -167.40
  -40.00     0.00      -7.85    1.17    1.68    0.19939    73.67  RIGHT     4.13721E-01  -129.60    1.16913E+00  -167.17
  -38.00     0.00      -7.52    1.17    1.72    0.20454    72.98  RIGHT     4.29576E-01  -129.62    1.16913E+00  -166.96
  -36.00     0.00      -7.22    1.17    1.76    0.20939    72.31  RIGHT     4.45080E-01  -129.64    1.16913E+00  -166.75
  -34.00     0.00      -6.93    1.17    1.80    0.21393    71.66  RIGHT     4.60181E-01  -129.67    1.16913E+00  -166.55
  -32.00     0.00      -6.66    1.17    1.83    0.21816    71.02  RIGHT     4.74821E-01  -129.69    1.16913E+00  -166.36
  -30.00     0.00      -6.40    1.17    1.87    0.22208    70.41  RIGHT     4.88946E-01  -129.71    1.16913E+00  -166.19
  -28.00     0.00      -6.16    1.17    1.91    0.22569    69.82  RIGHT     5.02498E-01  -129.73    1.16913E+00  -166.02
  -26.00     0.00      -5.94    1.17    1.94    0.22901    69.26  RIGHT     5.15420E-01  -129.74    1.16913E+00  -165.87
  -24.00     0.00      -5.74    1.17    1.98    0.23203    68.73  RIGHT     5.27656E-01  -129.76    1.16913E+00  -165.72
  -22.00     0.00      -5.55    1.17    2.01    0.23477    68.23  RIGHT     5.39150E-01  -129.78    1.16913E+00  -165.59
  -20.00     0.00      -5.38    1.17    2.04    0.23722    67.77  RIGHT     5.49850E-01  -129.79    1.16913E+00  -165.46
  -18.00     0.00      -5.23    1.17    2.07    0.23941    67.35  RIGHT     5.59702E-01  -129.80    1.16913E+00  -165.35
  -16.00     0.00      -5.09    1.17    2.09    0.24133    66.96  RIGHT     5.68660E-01  -129.82    1.16913E+00  -165.25
  -14.00     0.00      -4.97    1.17    2.12    0.24300    66.62  RIGHT     5.76678E-01  -129.83    1.16913E+00  -165.16
  -12.00     0.00      -4.86    1.17    2.14    0.24443    66.32  RIGHT     5.83715E-01  -129.84    1.16913E+00  -165.08
  -10.00     0.00      -4.77    1.17    2.16    0.24562    66.06  RIGHT     5.89735E-01  -129.84    1.16913E+00  -165.02
   -8.00     0.00      -4.70    1.17    2.17    0.24659    65.85  RIGHT     5.94705E-01  -129.85    1.16913E+00  -164.96
   -6.00     0.00      -4.64    1.17    2.18    0.24733    65.68  RIGHT     5.98598E-01  -129.85    1.16913E+00  -164.92
   -4.00     0.00      -4.60    1.17    2.19    0.24785    65.56  RIGHT     6.01395E-01  -129.86    1.16913E+00  -164.89
   -2.00     0.00      -4.58    1.17    2.20    0.24817    65.49  RIGHT     6.03079E-01  -129.86    1.16913E+00  -164.87
    0.00     0.00      -4.57    1.17    2.20    0.24827    65.46  RIGHT     6.03641E-01  -129.86    1.16913E+00  -164.87
    2.00     0.00      -4.58    1.17    2.20    0.24817    65.49  RIGHT     6.03079E-01  -129.86    1.16913E+00  -164.87
    4.00     0.00      -4.60    1.17    2.19    0.24785    65.56  RIGHT     6.01395E-01  -129.86    1.16913E+00  -164.89
    6.00     0.00      -4.64    1.17    2.18    0.24733    65.68  RIGHT     5.98598E-01  -129.85    1.16913E+00  -164.92
    8.00     0.00      -4.70    1.17    2.17    0.24659    65.85  RIGHT     5.94705E-01  -129.85    1.16913E+00  -164.96
   10.00     0.00      -4.77    1.17    2.16    0.24562    66.06  RIGHT     5.89735E-01  -129.84    1.16913E+00  -165.02
   12.00     0.00      -4.86    1.17    2.14    0.24443    66.32  RIGHT     5.83715E-01  -129.84    1.16913E+00  -165.08
   14.00     0.00      -4.97    1.17    2.12    0.24300    66.62  RIGHT     5.76678E-01  -129.83    1.16913E+00  -165.16
   16.00     0.00      -5.09    1.17    2.09    0.24133    66.96  RIGHT     5.68660E-01  -129.82    1.16913E+00  -165.25
   18.00     0.00      -5.23    1.17    2.07    0.23941    67.35  RIGHT     5.59702E-01  -129.80    1.16913E+00  -165.35
   20.00     0.00      -5.38    1.17    2.04    0.23722    67.77  RIGHT     5.49850E-01  -129.79    1.16913E+00  -165.46
   22.00     0.00      -5.55    1.17    2.01    0.23477    68.23  RIGHT     5.39150E-01  -129.78    1.16913E+00  -165.59
   24.00     0.00      -5.74    1.17    1.98    0.23203    68.73  RIGHT     5.27656E-01  -129.76    1.16913E+00  -165.72
   26.00     0.00      -5.94    1.17    1.94    0.22901    69.26  RIGHT     5.15420E-01  -129.74    1.16913E+00  -165.87
   28.00     0.00      -6.16    1.17    1.91    0.22569    69.82  RIGHT     5.02498E-01  -129.73    1.16913E+00  -166.02
   30.00     0.00      -6.40    1.17    1.87    0.22208    70.41  RIGHT     4.88946E-01  -129.71    1.16913E+00  -166.19
   32.00     0.00      -6.66    1.17    1.83    0.21816    71.02  RIGHT     4.74821E-01  -129.69    1.16913E+00  -166.36
   34.00     0.00      -6.93    1.17    1.80    0.21393    71.66  RIGHT     4.60181E-01  -129.67    1.16913E+00  -166.55
   36.00     0.00      -7.22    1.17    1.76    0.20939    72.31  RIGHT     4.45080E-01  -129.64    1.16913E+00  -166.75
   38.00     0.00      -7.52    1.17    1.72    0.20454    72.98  RIGHT     4.29576E-01  -129.62    1.16913E+00  -166.96
   40.00     0.00      -7.85    1.17    1.68    0.19939    73.67  RIGHT     4.13721E-01  -129.60    1.16913E+00  -167.17
   42.00     0.00      -8.20    1.17    1.65    0.19394    74.36  RIGHT     3.97568E-01  -129.58    1.16913E+00  -167.40
   44.00     0.00      -8.56    1.17    1.61    0.18820    75.07  RIGHT     3.81165E-01  -129.55    1.16913E+00  -167.63
   46.00     0.00      -8.95    1.17    1.57    0.18217    75.78  RIGHT     3.64561E-01  -129.53    1.16913E+00  -167.88
   48.00     0.00      -9.36    1.17    1.54    0.17587    76.49  RIGHT     3.47797E-01  -129.50    1.16913E+00  -168.13
   50.00     0.00      -9.79    1.17    1.51    0.16930    77.21  RIGHT     3.30917E-01  -129.48    1.16913E+00  -168.39
   52.00     0.00     -10.25    1.17    1.47    0.16248    77.92  RIGHT     3.13955E-01  -129.45    1.16913E+00  -168.65
   54.00     0.00     -10.73    1.17    1.44    0.15543    78.63  RIGHT     2.96946E-01  -129.43    1.16913E+00  -168.93
   56.00     0.00     -11.25    1.17    1.41    0.14814    79.34  RIGHT     2.79920E-01  -129.41    1.16913E+00  -169.21
   58.00     0.00     -11.79    1.17    1.39    0.14064    80.04  RIGHT     2.62903E-01  -129.38    1.16913E+00  -169.50
   60.00     0.00     -12.37    1.17    1.36    0.13295    80.74  RIGHT     2.45918E-01  -129.36    1.16913E+00  -169.79
   62.00     0.00     -12.99    1.17    1.33    0.12506    81.43  RIGHT     2.28982E-01  -129.34    1.16913E+00  -170.09
   64.00     0.00     -13.65    1.17    1.31    0.11701    82.10  RIGHT     2.12112E-01  -129.32    1.16913E+00  -170.40
   66.00     0.00     -14.37    1.17    1.29    0.10879    82.77  RIGHT     1.95319E-01  -129.30    1.16913E+00  -170.71
   68.00     0.00     -15.15    1.17    1.27    0.10041    83.43  RIGHT     1.78610E-01  -129.28    1.16913E+00  -171.03
   70.00     0.00     -16.00    1.17    1.25    0.09189    84.08  RIGHT     1.61992E-01  -129.26    1.16913E+00  -171.35
   72.00     0.00     -16.93    1.17    1.24    0.08324    84.72  RIGHT     1.45466E-01  -129.24    1.16913E+00  -171.67
   74.00     0.00     -17.97    1.17    1.22    0.07446    85.34  RIGHT     1.29030E-01  -129.23    1.16913E+00  -172.00
   76.00     0.00     -19.15    1.17    1.21    0.06556    85.96  RIGHT     1.12683E-01  -129.21    1.16913E+00  -172.33
   78.00     0.00     -20.50    1.17    1.20    0.05653    86.56  RIGHT     9.64174E-02  -129.20    1.16913E+00  -172.67
   80.00     0.00     -22.10    1.17    1.19    0.04739    87.16  RIGHT     8.02261E-02  -129.19    1.16913E+00  -173.01
   82.00     0.00     -24.05    1.17    1.18    0.03814    87.74  RIGHT     6.40994E-02  -129.18    1.16913E+00  -173.34
   84.00     0.00     -26.56    1.17    1.18    0.02877    88.32  RIGHT     4.80262E-02  -129.17    1.16913E+00  -173.69
   86.00     0.00     -30.08    1.17    1.17    0.01930    88.89  RIGHT     3.19941E-02  -129.17    1.16913E+00  -174.03
   88.00     0.00     -36.11    1.17    1.17    0.00970    89.45  RIGHT     1.59900E-02  -129.17    1.16913E+00  -174.37
   90.00     0.00    -999.99    1.17    1.17    0.00000   -90.00  LINEAR    2.33742E-12    50.83    1.16913E+00  -174.72
   92.00     0.00     -36.11    1.17    1.17    0.00982   -89.45  LEFT      1.59900E-02    50.83    1.16913E+00  -175.06
   94.00     0.00     -30.08    1.17    1.17    0.01976   -88.92  LEFT      3.19941E-02    50.83    1.16913E+00  -175.40
   96.00     0.00     -26.56    1.17    1.18    0.02981   -88.38  LEFT      4.80262E-02    50.83    1.16913E+00  -175.74
   98.00     0.00     -24.05    1.17    1.18    0.03998   -87.85  LEFT      6.40994E-02    50.82    1.16913E+00  -176.09
  100.00     0.00     -22.10    1.17    1.19    0.05027   -87.33  LEFT      8.02261E-02    50.81    1.16913E+00  -176.43
  102.00     0.00     -20.50    1.17    1.20    0.06068   -86.80  LEFT      9.64174E-02    50.80    1.16913E+00  -176.76
  104.00     0.00     -19.15    1.17    1.21    0.07120   -86.28  LEFT      1.12683E-01    50.79    1.16913E+00  -177.10
  106.00     0.00     -17.97    1.17    1.22    0.08183   -85.76  LEFT      1.29030E-01    50.77    1.16913E+00  -177.43
  108.00     0.00     -16.93    1.17    1.24    0.09258   -85.25  LEFT      1.45466E-01    50.76    1.16913E+00  -177.76
  110.00     0.00     -16.00    1.17    1.25    0.10342   -84.73  LEFT      1.61992E-01    50.74    1.16913E+00  -178.08
  112.00     0.00     -15.15    1.17    1.27    0.11436   -84.22  LEFT      1.78610E-01    50.72    1.16913E+00  -178.40
  114.00     0.00     -14.37    1.17    1.29    0.12539   -83.70  LEFT      1.95319E-01    50.70    1.16913E+00  -178.72
  116.00     0.00     -13.65    1.17    1.31    0.13649   -83.18  LEFT      2.12112E-01    50.68    1.16913E+00  -179.03
  118.00     0.00     -12.99    1.17    1.33    0.14764   -82.66  LEFT      2.28982E-01    50.66    1.16913E+00  -179.34
  120.00     0.00     -12.37    1.17    1.36    0.15884   -82.14  LEFT      2.45918E-01    50.64    1.16913E+00  -179.64
  122.00     0.00     -11.79    1.17    1.39    0.17007   -81.62  LEFT      2.62903E-01    50.62    1.16913E+00  -179.93
  124.00     0.00     -11.25    1.17    1.41    0.18129   -81.10  LEFT      2.79920E-01    50.59    1.16913E+00   179.78
  126.00     0.00     -10.73    1.17    1.44    0.19249   -80.58  LEFT      2.96946E-01    50.57    1.16913E+00   179.50
  128.00     0.00     -10.25    1.17    1.47    0.20365   -80.06  LEFT      3.13955E-01    50.55    1.16913E+00   179.22
  130.00     0.00      -9.79    1.17    1.51    0.21474   -79.53  LEFT      3.30917E-01    50.52    1.16913E+00   178.96
  132.00     0.00      -9.36    1.17    1.54    0.22572   -79.01  LEFT      3.47797E-01    50.50    1.16913E+00   178.70
  134.00     0.00      -8.95    1.17    1.57    0.23657   -78.49  LEFT      3.64561E-01    50.47    1.16913E+00   178.44
  136.00     0.00      -8.56    1.17    1.61    0.24725   -77.96  LEFT      3.81165E-01    50.45    1.16913E+00   178.20
  138.00     0.00      -8.20    1.17    1.65    0.25774   -77.45  LEFT      3.97568E-01    50.42    1.16913E+00   177.97
  140.00     0.00      -7.85    1.17    1.68    0.26799   -76.93  LEFT      4.13721E-01    50.40    1.16913E+00   177.74
  142.00     0.00      -7.52    1.17    1.72    0.27798   -76.42  LEFT      4.29576E-01    50.38    1.16913E+00   177.53
  144.00     0.00      -7.22    1.17    1.76    0.28767   -75.92  LEFT      4.45080E-01    50.36    1.16913E+00   177.32
  146.00     0.00      -6.93    1.17    1.80    0.29702   -75.42  LEFT      4.60181E-01    50.33    1.16913E+00   177.12
  148.00     0.00      -6.66    1.17    1.83    0.30601   -74.94  LEFT      4.74821E-01    50.31    1.16913E+00   176.93
  150.00     0.00      -6.40    1.17    1.87    0.31461   -74.47  LEFT      4.88946E-01    50.29    1.16913E+00   176.76
  152.00     0.00      -6.16    1.17    1.91    0.32278   -74.01  LEFT      5.02498E-01    50.27    1.16913E+00   176.59
  154.00     0.00      -5.94    1.17    1.94    0.33049   -73.57  LEFT      5.15420E-01    50.26    1.16913E+00   176.43
  156.00     0.00      -5.74    1.17    1.98    0.33773   -73.15  LEFT      5.27656E-01    50.24    1.16913E+00   176.29
  158.00     0.00      -5.55    1.17    2.01    0.34446   -72.75  LEFT      5.39150E-01    50.22    1.16913E+00   176.16
  160.00     0.00      -5.38    1.17    2.04    0.35067   -72.37  LEFT      5.49850E-01    50.21    1.16913E+00   176.03
  162.00     0.00      -5.23    1.17    2.07    0.35634   -72.02  LEFT      5.59702E-01    50.20    1.16913E+00   175.92
  164.00     0.00      -5.09    1.17    2.09    0.36145   -71.70  LEFT      5.68660E-01    50.18    1.16913E+00   175.82
  166.00     0.00      -4.97    1.17    2.12    0.36599   -71.42  LEFT      5.76678E-01    50.17    1.16913E+00   175.73
  168.00     0.00      -4.86    1.17    2.14    0.36994   -71.16  LEFT      5.83715E-01    50.16    1.16913E+00   175.65
  170.00     0.00      -4.77    1.17    2.16    0.37330   -70.94  LEFT      5.89735E-01    50.16    1.16913E+00   175.59
  172.00     0.00      -4.70    1.17    2.17    0.37606   -70.76  LEFT      5.94705E-01    50.15    1.16913E+00   175.53
  174.00     0.00      -4.64    1.17    2.18    0.37821   -70.62  LEFT      5.98598E-01    50.15    1.16913E+00   175.49
  176.00     0.00      -4.60    1.17    2.19    0.37975   -70.52  LEFT      6.01395E-01    50.14    1.16913E+00   175.46
  178.00     0.00      -4.58    1.17    2.20    0.38068   -70.45  LEFT      6.03079E-01    50.14    1.16913E+00   175.44
  180.00     0.00      -4.57    1.17    2.20    0.38099   -70.43  LEFT      6.03641E-01    50.14    1.16913E+00   175.44




                                 - - - - - - FREQUENCY - - - - - -

                                    FREQUENCY= 1.6500E+03 MHZ
                                    WAVELENGTH= 1.8170E-01 METERS




                    APPROXIMATE INTEGRATION EMPLOYED FOR SEGMENTS MORE THAN   1.000 WAVELENGTHS APART

                    THE EXTENDED THIN WIRE KERNEL WILL BE USED



                               - - - STRUCTURE IMPEDANCE LOADING - - -

                                   THIS STRUCTURE IS NOT LOADED



                                  - - - ANTENNA ENVIRONMENT - - -

                                            FREE SPACE



                                - - - MATRIX TIMING - - -

                        FILL=    0.000 SEC.,  FACTOR=    0.000 SEC.



                                            - - - NETWORK DATA - - -

      - FROM -    - TO -           TRANSMISSION LINE               -  -  SHUNT ADMITTANCES (MHOS)  -  -              LINE
      TAG  SEG.   TAG  SEG.      IMPEDANCE      LENGTH            - END ONE -                 - END TWO -            TYPE
      NO.   NO.   NO.   NO.         OHMS        METERS         REAL          IMAG.         REAL          IMAG.
        1    11     2    32     5.0000E+01    4.2500E-02    0.0000E+00    0.0000E+00    0.0000E+00    0.0000E+00   STRAIGHT



                           - - - STRUCTURE EXCITATION DATA AT NETWORK CONNECTION POINTS - - -

   TAG   SEG.    VOLTAGE (VOLTS)         CURRENT (AMPS)         IMPEDANCE (OHMS)        ADMITTANCE (MHOS)      POWER
   NO.   NO.    REAL        IMAG.       REAL        IMAG.       REAL        IMAG.       REAL        IMAG.     (WATTS)
     1    11 1.46084E+00-1.39915E+00 2.83939E-03-1.71381E-02 9.32037E+01 6.97976E+01 6.87412E-03-5.14783E-03 1.40634E-02
     2    32 1.00000E+00 0.00000E+00 6.87412E-03-5.14783E-03 9.32037E+01 6.97976E+01 6.87412E-03-5.14783E-03 3.43706E-03



                                          - - - ANTENNA INPUT PARAMETERS - - -

   TAG   SEG.    VOLTAGE (VOLTS)         CURRENT (AMPS)         IMPEDANCE (OHMS)        ADMITTANCE (MHOS)      POWER
   NO.   NO.    REAL        IMAG.       REAL        IMAG.       REAL        IMAG.       REAL        IMAG.     (WATTS)
     2    32 1.00000E+00 0.00000E+00 3.50009E-02 2.21896E-02 2.03797E+01-1.29202E+01 3.50009E-02 2.21896E-02 1.75004E-02



                             - - - CURRENTS AND LOCATION - - -

                                 DISTANCES IN WAVELENGTHS


  SEG.  TAG    COORD. OF SEG. CENTER     SEG.            - - - CURRENT (AMPS) - - -
  NO.   NO.     X        Y        Z      LENGTH     REAL        IMAG.       MAG.        PHASE
     1    1   0.0000  -0.2437   0.0275  0.02437   8.3985E-06 -2.1676E-03  2.1677E-03  -89.778
     2    1   0.0000  -0.2194   0.0275  0.02437   6.9258E-05 -5.3274E-03  5.3279E-03  -89.255
     3    1   0.0000  -0.1950   0.0275  0.02437   1.8339E-04 -8.0364E-03  8.0385E-03  -88.693
     4    1   0.0000  -0.1706   0.0275  0.02437   3.4826E-04 -1.0450E-02  1.0456E-02  -88.091
     5    1   0.0000  -0.1462   0.0275  0.02437   5.6213E-04 -1.2556E-02  1.2569E-02  -87.437
     6    1   0.0000  -0.1219   0.0275  0.02437   8.2316E-04 -1.4327E-02  1.4351E-02  -86.712
     7    1   0.0000  -0.0975   0.0275  0.02437   1.1297E-03 -1.5732E-02  1.5772E-02  -85.893
     8    1   0.0000  -0.0731   0.0275  0.02437   1.4813E-03 -1.6741E-02  1.6806E-02  -84.943
     9    1   0.0000  -0.0487   0.0275  0.02437   1.8817E-03 -1.7325E-02  1.7427E-02  -83.801
    10    1   0.0000  -0.0244   0.0275  0.02437   2.3607E-03 -1.7434E-02  1.7593E-02  -82.288
    11    1   0.0000   0.0000   0.0275  0.02437   2.8394E-03 -1.7138E-02  1.7372E-02  -80.593
    12    1   0.0000   0.0244   0.0275  0.02437   2.3607E-03 -1.7434E-02  1.7593E-02  -82.288
    13    1   0.0000   0.0487   0.0275  0.02437   1.8817E-03 -1.7325E-02  1.7427E-02  -83.801
    14    1   0.0000   0.0731   0.0275  0.02437   1.4813E-03 -1.6741E-02  1.6806E-02  -84.943
    15    1   0.0000   0.0975   0.0275  0.02437   1.1297E-03 -1.5732E-02  1.5772E-02  -85.893
    16    1   0.0000   0.1219   0.0275  0.02437   8.2316E-04 -1.4327E-02  1.4351E-02  -86.712
    17    1   0.0000   0.1462   0.0275  0.02437   5.6213E-04 -1.2556E-02  1.2569E-02  -87.437
    18    1   0.0000   0.1706   0.0275  0.02437   3.4826E-04 -1.0450E-02  1.0456E-02  -88.091
    19    1   0.0000   0.1950   0.0275  0.02437   1.8339E-04 -8.0364E-03  8.0385E-03  -88.693
    20    1   0.0000   0.2194   0.0275  0.02437   6.9258E-05 -5.3274E-03  5.3279E-03  -89.255
    21    1   0.0000   0.2437   0.0275  0.02437   8.3985E-06 -2.1676E-03  2.1677E-03  -89.778
    22    2  -0.2437   0.0000   0.0000  0.02437   7.4422E-04 -7.7103E-04  1.0716E-03  -46.014
    23    2  -0.2194   0.0000   0.0000  0.02437   1.8464E-03 -1.8783E-03  2.6339E-03  -45.491
    24    2  -0.1950   0.0000   0.0000  0.02437   2.8135E-03 -2.8065E-03  3.9740E-03  -44.928
    25    2  -0.1706   0.0000   0.0000  0.02437   3.6977E-03 -3.6118E-03  5.1690E-03  -44.327
    26    2  -0.1462   0.0000   0.0000  0.02437   4.4943E-03 -4.2906E-03  6.2135E-03  -43.672
    27    2  -0.1219   0.0000   0.0000  0.02437   5.1930E-03 -4.8336E-03  7.0945E-03  -42.947
    28    2  -0.0975   0.0000   0.0000  0.02437   5.7828E-03 -5.2304E-03  7.7973E-03  -42.128
    29    2  -0.0731   0.0000   0.0000  0.02437   6.2534E-03 -5.4704E-03  8.3084E-03  -41.179
    30    2  -0.0487   0.0000   0.0000  0.02437   6.5960E-03 -5.5420E-03  8.6151E-03  -40.037
    31    2  -0.0244   0.0000   0.0000  0.02437   6.8043E-03 -5.4170E-03  8.6972E-03  -38.524
    32    2   0.0000   0.0000   0.0000  0.02437   6.8741E-03 -5.1478E-03  8.5880E-03  -36.828
    33    2   0.0244   0.0000   0.0000  0.02437   6.8043E-03 -5.4170E-03  8.6972E-03  -38.524
    34    2   0.0487   0.0000   0.0000  0.02437   6.5960E-03 -5.5420E-03  8.6151E-03  -40.037
    35    2   0.0731   0.0000   0.0000  0.02437   6.2534E-03 -5.4704E-03  8.3084E-03  -41.179
    36    2   0.0975   0.0000   0.0000  0.02437   5.7828E-03 -5.2304E-03  7.7973E-03  -42.128
    37    2   0.1219   0.0000   0.0000  0.02437   5.1930E-03 -4.8336E-03  7.0945E-03  -42.947
    38    2   0.1462   0.0000   0.0000  0.02437   4.4943E-03 -4.2906E-03  6.2135E-03  -43.672
    39    2   0.1706   0.0000   0.0000  0.02437   3.6977E-03 -3.6118E-03  5.1690E-03  -44.327
    40    2   0.1950   0.0000   0.0000  0.02437   2.8135E-03 -2.8065E-03  3.9740E-03  -44.928
    41    2   0.2194   0.0000   0.0000  0.02437   1.8464E-03 -1.8783E-03  2.6339E-03  -45.491
    42    2   0.2437   0.0000   0.0000  0.02437   7.4422E-04 -7.7103E-04  1.0716E-03  -46.014



                                        - - - POWER BUDGET - - -

                                           INPUT POWER   = 1.7500E-02 WATTS
                                           RADIATED POWER= 1.7500E-02 WATTS
                                           STRUCTURE LOSS= 0.0000E+00 WATTS
                                           NETWORK LOSS  =-5.2042E-17 WATTS
                                           EFFICIENCY    = 100.00 PERCENT



                                                - - - RADIATION PATTERNS - - -

  - - ANGLES - -           - POWER GAINS -       - - - POLARIZATION - - -    - - - E(THETA) - - -    - - - E(PHI) - - -
  THETA     PHI        VERT.   HOR.    TOTAL      AXIAL     TILT   SENSE     MAGNITUDE    PHASE      MAGNITUDE    PHASE 
 DEGREES  DEGREES       DB      DB      DB        RATIO     DEG.              VOLTS/M    DEGREES      VOLTS/M    DEGREES
 -180.00     0.00      -4.86    1.25    2.20    0.36199   -71.11  LEFT      5.85075E-01    48.33    1.18349E+00   174.66
 -178.00     0.00      -4.87    1.25    2.20    0.36169   -71.13  LEFT      5.84528E-01    48.33    1.18349E+00   174.67
 -176.00     0.00      -4.90    1.25    2.20    0.36080   -71.19  LEFT      5.82887E-01    48.34    1.18349E+00   174.69
 -174.00     0.00      -4.94    1.25    2.19    0.35930   -71.28  LEFT      5.80164E-01    48.34    1.18349E+00   174.72
 -172.00     0.00      -4.99    1.25    2.18    0.35721   -71.42  LEFT      5.76371E-01    48.35    1.18349E+00   174.76
 -170.00     0.00      -5.07    1.25    2.16    0.35453   -71.59  LEFT      5.71531E-01    48.35    1.18349E+00   174.81
 -168.00     0.00      -5.16    1.25    2.15    0.35127   -71.80  LEFT      5.65669E-01    48.36    1.18349E+00   174.88
 -166.00     0.00      -5.26    1.25    2.13    0.34744   -72.04  LEFT      5.58817E-01    48.37    1.18349E+00   174.96
 -164.00     0.00      -5.39    1.25    2.11    0.34305   -72.31  LEFT      5.51011E-01    48.38    1.18349E+00   175.05
 -162.00     0.00      -5.52    1.25    2.08    0.33811   -72.62  LEFT      5.42290E-01    48.39    1.18349E+00   175.15
 -160.00     0.00      -5.68    1.25    2.06    0.33263   -72.95  LEFT      5.32699E-01    48.41    1.18349E+00   175.26
 -158.00     0.00      -5.85    1.25    2.03    0.32663   -73.31  LEFT      5.22286E-01    48.42    1.18349E+00   175.38
 -156.00     0.00      -6.04    1.25    2.00    0.32014   -73.69  LEFT      5.11101E-01    48.44    1.18349E+00   175.52
 -154.00     0.00      -6.24    1.25    1.97    0.31316   -74.09  LEFT      4.99197E-01    48.46    1.18349E+00   175.67
 -152.00     0.00      -6.47    1.25    1.93    0.30574   -74.51  LEFT      4.86628E-01    48.47    1.18349E+00   175.82
 -150.00     0.00      -6.70    1.25    1.90    0.29788   -74.95  LEFT      4.73448E-01    48.49    1.18349E+00   175.99
 -148.00     0.00      -6.96    1.25    1.86    0.28963   -75.40  LEFT      4.59715E-01    48.51    1.18349E+00   176.17
 -146.00     0.00      -7.23    1.25    1.83    0.28101   -75.86  LEFT      4.45483E-01    48.54    1.18349E+00   176.36
 -144.00     0.00      -7.52    1.25    1.79    0.27204   -76.34  LEFT      4.30808E-01    48.56    1.18349E+00   176.55
 -142.00     0.00      -7.83    1.25    1.76    0.26277   -76.82  LEFT      4.15744E-01    48.58    1.18349E+00   176.76
 -140.00     0.00      -8.16    1.25    1.72    0.25322   -77.31  LEFT      4.00344E-01    48.60    1.18349E+00   176.98
 -138.00     0.00      -8.51    1.25    1.69    0.24343   -77.81  LEFT      3.84658E-01    48.63    1.18349E+00   177.21
 -136.00     0.00      -8.87    1.25    1.66    0.23342   -78.31  LEFT      3.68735E-01    48.65    1.18349E+00   177.44
 -134.00     0.00      -9.26    1.25    1.62    0.22324   -78.81  LEFT      3.52621E-01    48.68    1.18349E+00   177.69
 -132.00     0.00      -9.67    1.25    1.59    0.21291   -79.32  LEFT      3.36357E-01    48.70    1.18349E+00   177.94
 -130.00     0.00     -10.11    1.25    1.56    0.20246   -79.83  LEFT      3.19985E-01    48.73    1.18349E+00   178.20
 -128.00     0.00     -10.56    1.25    1.53    0.19193   -80.33  LEFT      3.03540E-01    48.75    1.18349E+00   178.47
 -126.00     0.00     -11.05    1.25    1.50    0.18134   -80.84  LEFT      2.87054E-01    48.78    1.18349E+00   178.75
 -124.00     0.00     -11.56    1.25    1.48    0.17071   -81.35  LEFT      2.70557E-01    48.80    1.18349E+00   179.03
 -122.00     0.00     -12.11    1.25    1.45    0.16007   -81.85  LEFT      2.54074E-01    48.83    1.18349E+00   179.32
 -120.00     0.00     -12.69    1.25    1.43    0.14945   -82.36  LEFT      2.37627E-01    48.85    1.18349E+00   179.62
 -118.00     0.00     -13.31    1.25    1.40    0.13885   -82.86  LEFT      2.21234E-01    48.87    1.18349E+00   179.92
 -116.00     0.00     -13.98    1.25    1.38    0.12831   -83.37  LEFT      2.04909E-01    48.90    1.18349E+00  -179.77
 -114.00     0.00     -14.70    1.25    1.36    0.11783   -83.87  LEFT      1.88663E-01    48.92    1.18349E+00  -179.46
 -112.00     0.00     -15.47    1.25    1.35    0.10743   -84.37  LEFT      1.72505E-01    48.94    1.18349E+00  -179.14
 -110.00     0.00     -16.32    1.25    1.33    0.09711   -84.88  LEFT      1.56438E-01    48.96    1.18349E+00  -178.82
 -108.00     0.00     -17.26    1.25    1.32    0.08689   -85.38  LEFT      1.40465E-01    48.97    1.18349E+00  -178.49
 -106.00     0.00     -18.30    1.25    1.30    0.07678   -85.88  LEFT      1.24584E-01    48.99    1.18349E+00  -178.16
 -104.00     0.00     -19.48    1.25    1.29    0.06678   -86.39  LEFT      1.08791E-01    49.00    1.18349E+00  -177.83
 -102.00     0.00     -20.83    1.25    1.28    0.05689   -86.89  LEFT      9.30807E-02    49.02    1.18349E+00  -177.49
 -100.00     0.00     -22.43    1.25    1.27    0.04712   -87.40  LEFT      7.74451E-02    49.03    1.18349E+00  -177.15
  -98.00     0.00     -24.38    1.25    1.27    0.03746   -87.91  LEFT      6.18743E-02    49.04    1.18349E+00  -176.81
  -96.00     0.00     -26.89    1.25    1.26    0.02792   -88.43  LEFT      4.63572E-02    49.04    1.18349E+00  -176.47
  -94.00     0.00     -30.42    1.25    1.26    0.01850   -88.95  LEFT      3.08814E-02    49.05    1.18349E+00  -176.12
  -92.00     0.00     -36.44    1.25    1.26    0.00919   -89.47  LEFT      1.54336E-02    49.05    1.18349E+00  -175.78
  -90.00     0.00    -999.99    1.25    1.25    0.00000   -90.00  LINEAR    2.25608E-12    49.05    1.18349E+00  -175.43
  -88.00     0.00     -36.44    1.25    1.26    0.00908    89.46  RIGHT     1.54336E-02  -130.95    1.18349E+00  -175.09
  -86.00     0.00     -30.42    1.25    1.26    0.01805    88.92  RIGHT     3.08814E-02  -130.95    1.18349E+00  -174.74
  -84.00     0.00     -26.89    1.25    1.26    0.02691    88.37  RIGHT     4.63572E-02  -130.96    1.18349E+00  -174.40
  -82.00     0.00     -24.38    1.25    1.27    0.03566    87.81  RIGHT     6.18743E-02  -130.96    1.18349E+00  -174.05
  -80.00     0.00     -22.43    1.25    1.27    0.04431    87.24  RIGHT     7.74451E-02  -130.97    1.18349E+00  -173.71
  -78.00     0.00     -20.83    1.25    1.28    0.05284    86.67  RIGHT     9.30807E-02  -130.98    1.18349E+00  -173.37
  -76.00     0.00     -19.48    1.25    1.29    0.06127    86.08  RIGHT     1.08791E-01  -131.00    1.18349E+00  -173.03
  -74.00     0.00     -18.30    1.25    1.30    0.06958    85.48  RIGHT     1.24584E-01  -131.01    1.18349E+00  -172.70
  -72.00     0.00     -17.26    1.25    1.32    0.07778    84.88  RIGHT     1.40465E-01  -131.03    1.18349E+00  -172.37
  -70.00     0.00     -16.32    1.25    1.33    0.08586    84.26  RIGHT     1.56438E-01  -131.04    1.18349E+00  -172.04
  -68.00     0.00     -15.47    1.25    1.35    0.09381    83.63  RIGHT     1.72505E-01  -131.06    1.18349E+00  -171.72
  -66.00     0.00     -14.70    1.25    1.36    0.10163    83.00  RIGHT     1.88663E-01  -131.08    1.18349E+00  -171.40
  -64.00     0.00     -13.98    1.25    1.38    0.10931    82.35  RIGHT     2.04909E-01  -131.10    1.18349E+00  -171.09
  -62.00     0.00     -13.31    1.25    1.40    0.11684    81.70  RIGHT     2.21234E-01  -131.13    1.18349E+00  -170.78
  -60.00     0.00     -12.69    1.25    1.43    0.12421    81.03  RIGHT     2.37627E-01  -131.15    1.18349E+00  -170.48
  -58.00     0.00     -12.11    1.25    1.45    0.13141    80.36  RIGHT     2.54074E-01  -131.17    1.18349E+00  -170.18
  -56.00     0.00     -11.56    1.25    1.48    0.13842    79.68  RIGHT     2.70557E-01  -131.20    1.18349E+00  -169.89
  -54.00     0.00     -11.05    1.25    1.50    0.14525    79.00  RIGHT     2.87054E-01  -131.22    1.18349E+00  -169.61
  -52.00     0.00     -10.56    1.25    1.53    0.15186    78.31  RIGHT     3.03540E-01  -131.25    1.18349E+00  -169.33
  -50.00     0.00     -10.11    1.25    1.56    0.15826    77.62  RIGHT     3.19985E-01  -131.27    1.18349E+00  -169.06
  -48.00     0.00      -9.67    1.25    1.59    0.16443    76.93  RIGHT     3.36357E-01  -131.30    1.18349E+00  -168.80
  -46.00     0.00      -9.26    1.25    1.62    0.17036    76.25  RIGHT     3.52621E-01  -131.32    1.18349E+00  -168.55
  -44.00     0.00      -8.87    1.25    1.66    0.17604    75.56  RIGHT     3.68735E-01  -131.35    1.18349E+00  -168.30
  -42.00     0.00      -8.51    1.25    1.69    0.18146    74.88  RIGHT     3.84658E-01  -131.37    1.18349E+00  -168.07
  -40.00     0.00      -8.16    1.25    1.72    0.18660    74.21  RIGHT     4.00344E-01  -131.40    1.18349E+00  -167.84
  -38.00     0.00      -7.83    1.25    1.76    0.19148    73.55  RIGHT     4.15744E-01  -131.42    1.18349E+00  -167.62
  -36.00     0.00      -7.52    1.25    1.79    0.19607    72.91  RIGHT     4.30808E-01  -131.44    1.18349E+00  -167.42
  -34.00     0.00      -7.23    1.25    1.83    0.20038    72.28  RIGHT     4.45483E-01  -131.46    1.18349E+00  -167.22
  -32.00     0.00      -6.96    1.25    1.86    0.20440    71.67  RIGHT     4.59715E-01  -131.49    1.18349E+00  -167.03
  -30.00     0.00      -6.70    1.25    1.90    0.20814    71.08  RIGHT     4.73448E-01  -131.51    1.18349E+00  -166.85
  -28.00     0.00      -6.47    1.25    1.93    0.21160    70.51  RIGHT     4.86628E-01  -131.53    1.18349E+00  -166.68
  -26.00     0.00      -6.24    1.25    1.97    0.21477    69.97  RIGHT     4.99197E-01  -131.54    1.18349E+00  -166.53
  -24.00     0.00      -6.04    1.25    2.00    0.21767    69.46  RIGHT     5.11101E-01  -131.56    1.18349E+00  -166.38
  -22.00     0.00      -5.85    1.25    2.03    0.22030    68.98  RIGHT     5.22286E-01  -131.58    1.18349E+00  -166.25
  -20.00     0.00      -5.68    1.25    2.06    0.22267    68.54  RIGHT     5.32699E-01  -131.59    1.18349E+00  -166.12
  -18.00     0.00      -5.52    1.25    2.08    0.22478    68.13  RIGHT     5.42290E-01  -131.61    1.18349E+00  -166.01
  -16.00     0.00      -5.39    1.25    2.11    0.22664    67.76  RIGHT     5.51011E-01  -131.62    1.18349E+00  -165.91
  -14.00     0.00      -5.26    1.25    2.13    0.22826    67.42  RIGHT     5.58817E-01  -131.63    1.18349E+00  -165.82
  -12.00     0.00      -5.16    1.25    2.15    0.22964    67.13  RIGHT     5.65669E-01  -131.64    1.18349E+00  -165.74
  -10.00     0.00      -5.07    1.25    2.16    0.23080    66.88  RIGHT     5.71531E-01  -131.65    1.18349E+00  -165.67
   -8.00     0.00      -4.99    1.25    2.18    0.23174    66.68  RIGHT     5.76371E-01  -131.65    1.18349E+00  -165.62
   -6.00     0.00      -4.94    1.25    2.19    0.23247    66.52  RIGHT     5.80164E-01  -131.66    1.18349E+00  -165.58
   -4.00     0.00      -4.90    1.25    2.20    0.23298    66.40  RIGHT     5.82887E-01  -131.66    1.18349E+00  -165.55
   -2.00     0.00      -4.87    1.25    2.20    0.23329    66.33  RIGHT     5.84528E-01  -131.67    1.18349E+00  -165.53
    0.00     0.00      -4.86    1.25    2.20    0.23339    66.31  RIGHT     5.85075E-01  -131.67    1.18349E+00  -165.52
    2.00     0.00      -4.87    1.25    2.20    0.23329    66.33  RIGHT     5.84528E-01  -131.67    1.18349E+00  -165.53
    4.00     0.00      -4.90    1.25    2.20    0.23298    66.40  RIGHT     5.82887E-01  -131.66    1.18349E+00  -165.55
    6.00     0.00      -4.94    1.25    2.19    0.23247    66.52  RIGHT     5.80164E-01  -131.66    1.18349E+00  -165.58
    8.00     0.00      -4.99    1.25    2.18    0.23174    66.68  RIGHT     5.76371E-01  -131.65    1.18349E+00  -165.62
   10.00     0.00      -5.07    1.25    2.16    0.23080    66.88  RIGHT     5.71531E-01  -131.65    1.18349E+00  -165.67
   12.00     0.00      -5.16    1.25    2.15    0.22964    67.13  RIGHT     5.65669E-01  -131.64    1.18349E+00  -165.74
   14.00     0.00      -5.26    1.25    2.13    0.22826    67.42  RIGHT     5.58817E-01  -131.63    1.18349E+00  -165.82
   16.00     0.00      -5.39    1.25    2.11    0.22664    67.76  RIGHT     5.51011E-01  -131.62    1.18349E+00  -165.91
   18.00     0.00      -5.52    1.25    2.08    0.22478    68.13  RIGHT     5.42290E-01  -131.61    1.18349E+00  -166.01
   20.00     0.00      -5.68    1.25    2.06    0.22267    68.54  RIGHT     5.32699E-01  -131.59    1.18349E+00  -166.12
   22.00     0.00      -5.85    1.25    2.03    0.22030    68.98  RIGHT     5.22286E-01  -131.58    1.18349E+00  -166.25
   24.00     0.00      -6.04    1.25    2.00    0.21767    69.46  RIGHT     5.11101E-01  -131.56    1.18349E+00  -166.38
   26.00     0.00      -6.24    1.25    1.97    0.21477    69.97  RIGHT     4.99197E-01  -131.54    1.18349E+00  -166.53
   28.00     0.00      -6.47    1.25    1.93    0.21160    70.51  RIGHT     4.86628E-01  -131.53    1.18349E+00  -166.68
   30.00     0.00      -6.70    1.25    1.90    0.20814    71.08  RIGHT     4.73448E-01  -131.51    1.18349E+00  -166.85
   32.00     0.00      -6.96    1.25    1.86    0.20440    71.67  RIGHT     4.59715E-01  -131.49    1.18349E+00  -167.03
   34.00     0.00      -7.23    1.25    1.83    0.20038    72.28  RIGHT     4.45483E-01  -131.46    1.18349E+00  -167.22
   36.00     0.00      -7.52    1.25    1.79    0.19607    72.91  RIGHT     4.30808E-01  -131.44    1.18349E+00  -167.42
   38.00     0.00      -7.83    1.25    1.76    0.19148    73.55  RIGHT     4.15744E-01  -131.42    1.18349E+00  -167.62
   40.00     0.00      -8.16    1.25    1.72    0.18660    74.21  RIGHT     4.00344E-01  -131.40    1.18349E+00  -167.84
   42.00     0.00      -8.51    1.25    1.69    0.18146    74.88  RIGHT     3.84658E-01  -131.37    1.18349E+00  -168.07
   44.00     0.00      -8.87    1.25    1.66    0.17604    75.56  RIGHT     3.68735E-01  -131.35    1.18349E+00  -168.30
   46.00     0.00      -9.26    1.25    1.62    0.17036    76.25  RIGHT     3.52621E-01  -131.32    1.18349E+00  -168.55
   48.00     0.00      -9.67    1.25    1.59    0.16443    76.93  RIGHT     3.36357E-01  -131.30    1.18349E+00  -168.80
   50.00     0.00     -10.11    1.25    1.56    0.15826    77.62  RIGHT     3.19985E-01  -131.27    1.18349E+00  -169.06
   52.00     0.00     -10.56    1.25    1.53    0.15186    78.31  RIGHT     3.03540E-01  -131.25    1.18349E+00  -169.33
   54.00     0.00     -11.05    1.25    1.50    0.14525    79.00  RIGHT     2.87054E-01  -131.22    1.18349E+00  -169.61
   56.00     0.00     -11.56    1.25    1.48    0.13842    79.68  RIGHT     2.70557E-01  -131.20    1.18349E+00  -169.89
   58.00     0.00     -12.11    1.25    1.45    0.13141    80.36  RIGHT     2.54074E-01  -131.17    1.18349E+00  -170.18
   60.00     0.00     -12.69    1.25    1.43    0.12421    81.03  RIGHT     2.37627E-01  -131.15    1.18349E+00  -170.48
   62.00     0.00     -13.31    1.25    1.40    0.11684    81.70  RIGHT     2.21234E-01  -131.13    1.18349E+00  -170.78
   64.00     0.00     -13.98    1.25    1.38    0.10931    82.35  RIGHT     2.04909E-01  -131.10    1.18349E+00  -171.09
   66.00     0.00     -14.70    1.25    1.36    0.10163    83.00  RIGHT     1.88663E-01  -131.08    1.18349E+00  -171.40
   68.00     0.00     -15.47    1.25    1.35    0.09381    83.63  RIGHT     1.72505E-01  -131.06    1.18349E+00  -171.72
   70.00     0.00     -16.32    1.25    1.33    0.08586    84.26  RIGHT     1.56438E-01  -131.04    1.18349E+00  -172.04
   72.00     0.00     -17.26    1.25    1.32    0.07778    84.88  RIGHT     1.40465E-01  -131.03    1.18349E+00  -172.37
   74.00     0.00     -18.30    1.25    1.30    0.06958    85.48  RIGHT     1.24584E-01  -131.01    1.18349E+00  -172.70
   76.00     0.00     -19.48    1.25    1.29    0.06127    86.08  RIGHT     1.08791E-01  -131.00    1.18349E+00  -173.03
   78.00     0.00     -20.83    1.25    1.28    0.05284    86.67  RIGHT     9.30807E-02  -130.98    1.18349E+00  -173.37
   80.00     0.00     -22.43    1.25    1.27    0.04431    87.24  RIGHT     7.74451E-02  -130.97    1.18349E+00  -173.71
   82.00     0.00     -24.38    1.25    1.27    0.03566    87.81  RIGHT     6.18743E-02  -130.96    1.18349E+00  -174.05
   84.00     0.00     -26.89    1.25    1.26    0.02691    88.37  RIGHT     4.63572E-02  -130.96    1.18349E+00  -174.40
   86.00     0.00     -30.42    1.25    1.26    0.01805    88.92  RIGHT     3.08814E-02  -130.95    1.18349E+00  -174.74
   88.00     0.00     -36.44    1.25    1.26    0.00908    89.46  RIGHT     1.54336E-02  -130.95    1.18349E+00  -175.09
   90.00     0.00    -999.99    1.25    1.25    0.00000   -90.00  LINEAR    2.25608E-12    49.05    1.18349E+00  -175.43
   92.00     0.00     -36.44    1.25    1.26    0.00919   -89.47  LEFT      1.54336E-02    49.05    1.18349E+00  -175.78
   94.00     0.00     -30.42    1.25    1.26    0.01850   -88.95  LEFT      3.08814E-02    49.05    1.18349E+00  -176.12
   96.00     0.00     -26.89    1.25    1.26    0.02792   -88.43  LEFT      4.63572E-02    49.04    1.18349E+00  -176.47
   98.00     0.00     -24.38    1.25    1.27    0.03746   -87.91  LEFT      6.18743E-02    49.04    1.18349E+00  -176.81
  100.00     0.00     -22.43    1.25    1.27    0.04712   -87.40  LEFT      7.74451E-02    49.03    1.18349E+00  -177.15
  102.00     0.00     -20.83    1.25    1.28    0.05689   -86.89  LEFT      9.30807E-02    49.02    1.18349E+00  -177.49
  104.00     0.00     -19.48    1.25    1.29    0.06678   -86.39  LEFT      1.08791E-01    49.00    1.18349E+00  -177.83
  106.00     0.00     -18.30    1.25    1.30    0.07678   -85.88  LEFT      1.24584E-01    48.99    1.18349E+00  -178.16
  108.00     0.00     -17.26    1.25    1.32    0.08689   -85.38  LEFT      1.40465E-01    48.97    1.18349E+00  -178.49
  110.00     0.00     -16.32    1.25    1.33    0.09711   -84.88  LEFT      1.56438E-01    48.96    1.18349E+00  -178.82
  112.00     0.00     -15.47    1.25    1.35    0.10743   -84.37  LEFT      1.72505E-01    48.94    1.18349E+00  -179.14
  114.00     0.00     -14.70    1.25    1.36    0.11783   -83.87  LEFT      1.88663E-01    48.92    1.18349E+00  -179.46
  116.00     0.00     -13.98    1.25    1.38    0.12831   -83.37  LEFT      2.04909E-01    48.90    1.18349E+00  -179.77
  118.00     0.00     -13.31    1.25    1.40    0.13885   -82.86  LEFT      2.21234E-01    48.87    1.18349E+00   179.92
  120.00     0.00     -12.69    1.25    1.43    0.14945   -82.36  LEFT      2.37627E-01    48.85    1.18349E+00   179.62
  122.00     0.00     -12.11    1.25    1.45    0.16007   -81.85  LEFT      2.54074E-01    48.83    1.18349E+00   179.32
  124.00     0.00     -11.56    1.25    1.48    0.17071   -81.35  LEFT      2.70557E-01    48.80    1.18349E+00   179.03
  126.00     0.00     -11.05    1.25    1.50    0.18134   -80.84  LEFT      2.87054E-01    48.78    1.18349E+00   178.75
  128.00     0.00     -10.56    1.25    1.53    0.19193   -80.33  LEFT      3.03540E-01    48.75    1.18349E+00   178.47
  130.00     0.00     -10.11    1.25    1.56    0.20246   -79.83  LEFT      3.19985E-01    48.73    1.18349E+00   178.20
  132.00     0.00      -9.67    1.25    1.59    0.21291   -79.32  LEFT      3.36357E-01    48.70    1.18349E+00   177.94
  134.00     0.00      -9.26    1.25    1.62    0.22324   -78.81  LEFT      3.52621E-01    48.68    1.18349E+00   177.69
  136.00     0.00      -8.87    1.25    1.66    0.23342   -78.31  LEFT      3.68735E-01    48.65    1.18349E+00   177.44
  138.00     0.00      -8.51    1.25    1.69    0.24343   -77.81  LEFT      3.84658E-01    48.63    1.18349E+00   177.21
  140.00     0.00      -8.16    1.25    1.72    0.25322   -77.31  LEFT      4.00344E-01    48.60    1.18349E+00   176.98
  142.00     0.00      -7.83    1.25    1.76    0.26277   -76.82  LEFT      4.15744E-01    48.58    1.18349E+00   176.76
  144.00     0.00      -7.52    1.25    1.79    0.27204   -76.34  LEFT      4.30808E-01    48.56    1.18349E+00   176.55
  146.00     0.00      -7.23    1.25    1.83    0.28101   -75.86  LEFT      4.45483E-01    48.54    1.18349E+00   176.36
  148.00     0.00      -6.96    1.25    1.86    0.28963   -75.40  LEFT      4.59715E-01    48.51    1.18349E+00   176.17
  150.00     0.00      -6.70    1.25    1.90    0.29788   -74.95  LEFT      4.73448E-01    48.49    1.18349E+00   175.99
  152.00     0.00      -6.47    1.25    1.93    0.30574   -74.51  LEFT      4.86628E-01    48.47    1.18349E+00   175.82
  154.00     0.00      -6.24    1.25    1.97    0.31316   -74.09  LEFT      4.99197E-01    48.46    1.18349E+00   175.67
  156.00     0.00      -6.04    1.25    2.00    0.32014   -73.69  LEFT      5.11101E-01    48.44    1.18349E+00   175.52
  158.00     0.00      -5.85    1.25    2.03    0.32663   -73.31  LEFT      5.22286E-01    48.42    1.18349E+00   175.38
  160.00     0.00      -5.68    1.25    2.06    0.33263   -72.95  LEFT      5.32699E-01    48.41    1.18349E+00   175.26
  162.00     0.00      -5.52    1.25    2.08    0.33811   -72.62  LEFT      5.42290E-01    48.39    1.18349E+00   175.15
  164.00     0.00      -5.39    1.25    2.11    0.34305   -72.31  LEFT      5.51011E-01    48.38    1.18349E+00   175.05
  166.00     0.00      -5.26    1.25    2.13    0.34744   -72.04  LEFT      5.58817E-01    48.37    1.18349E+00   174.96
  168.00     0.00      -5.16    1.25    2.15    0.35127   -71.80  LEFT      5.65669E-01    48.36    1.18349E+00   174.88
  170.00     0.00      -5.07    1.25    2.16    0.35453   -71.59  LEFT      5.71531E-01    48.35    1.18349E+00   174.81
  172.00     0.00      -4.99    1.25    2.18    0.35721   -71.42  LEFT      5.76371E-01    48.35    1.18349E+00   174.76
  174.00     0.00      -4.94    1.25    2.19    0.35930   -71.28  LEFT      5.80164E-01    48.34    1.18349E+00   174.72
  176.00     0.00      -4.90    1.25    2.20    0.36080   -71.19  LEFT      5.82887E-01    48.34    1.18349E+00   174.69
  178.00     0.00      -4.87    1.25    2.20    0.36169   -71.13  LEFT      5.84528E-01    48.33    1.18349E+00   174.67
  180.00     0.00      -4.86    1.25    2.20    0.36199   -71.11  LEFT      5.85075E-01    48.33    1.18349E+00   174.66




                                 - - - - - - FREQUENCY - - - - - -

                                    FREQUENCY= 1.6600E+03 MHZ
                                    WAVELENGTH= 1.8060E-01 METERS




                    APPROXIMATE INTEGRATION EMPLOYED FOR SEGMENTS MORE THAN   1.000 WAVELENGTHS APART

                    THE EXTENDED THIN WIRE KERNEL WILL BE USED



                               - - - STRUCTURE IMPEDANCE LOADING - - -

                                   THIS STRUCTURE IS NOT LOADED



                                  - - - ANTENNA ENVIRONMENT - - -

                                            FREE SPACE



                                - - - MATRIX TIMING - - -

                        FILL=    0.000 SEC.,  FACTOR=    0.000 SEC.



                                            - - - NETWORK DATA - - -

      - FROM -    - TO -           TRANSMISSION LINE               -  -  SHUNT ADMITTANCES (MHOS)  -  -              LINE
      TAG  SEG.   TAG  SEG.      IMPEDANCE      LENGTH            - END ONE -                 - END TWO -            TYPE
      NO.   NO.   NO.   NO.         OHMS        METERS         REAL          IMAG.         REAL          IMAG.
        1    11     2    32     5.0000E+01    4.2500E-02    0.0000E+00    0.0000E+00    0.0000E+00    0.0000E+00   STRAIGHT



                           - - - STRUCTURE EXCITATION DATA AT NETWORK CONNECTION POINTS - - -

   TAG   SEG.    VOLTAGE (VOLTS)         CURRENT (AMPS)         IMPEDANCE (OHMS)        ADMITTANCE (MHOS)      POWER
   NO.   NO.    REAL        IMAG.       REAL        IMAG.       REAL        IMAG.       REAL        IMAG.     (WATTS)
     1    11 1.55084E+00-1.43798E+00 2.65960E-03-1.72170E-02 9.51646E+01 7.53757E+01 6.45718E-03-5.11445E-03 1.44411E-02
     2    32 1.00000E+00 0.00000E+00 6.45718E-03-5.11445E-03 9.51646E+01 7.53757E+01 6.45718E-03-5.11445E-03 3.22859E-03



                                          - - - ANTENNA INPUT PARAMETERS - - -

   TAG   SEG.    VOLTAGE (VOLTS)         CURRENT (AMPS)         IMPEDANCE (OHMS)        ADMITTANCE (MHOS)      POWER
   NO.   NO.    REAL        IMAG.       REAL        IMAG.       REAL        IMAG.       REAL        IMAG.     (WATTS)
     2    32 1.00000E+00 0.00000E+00 3.53395E-02 2.41852E-02 1.92711E+01-1.31886E+01 3.53395E-02 2.41852E-02 1.76697E-02



                             - - - CURRENTS AND LOCATION - - -

                                 DISTANCES IN WAVELENGTHS


  SEG.  TAG    COORD. OF SEG. CENTER     SEG.            - - - CURRENT (AMPS) - - -
  NO.   NO.     X        Y        Z      LENGTH     REAL        IMAG.       MAG.        PHASE
     1    1   0.0000  -0.2452   0.0277  0.02452  -2.1883E-05 -2.1919E-03  2.1920E-03  -90.572
     2    1   0.0000  -0.2207   0.0277  0.02452  -4.0618E-06 -5.3870E-03  5.3870E-03  -90.043
     3    1   0.0000  -0.1962   0.0277  0.02452   7.4592E-05 -8.1256E-03  8.1259E-03  -89.474
     4    1   0.0000  -0.1716   0.0277  0.02452   2.0931E-04 -1.0564E-02  1.0566E-02  -88.865
     5    1   0.0000  -0.1471   0.0277  0.02452   3.9846E-04 -1.2689E-02  1.2695E-02  -88.201
     6    1   0.0000  -0.1226   0.0277  0.02452   6.4052E-04 -1.4472E-02  1.4486E-02  -87.466
     7    1   0.0000  -0.0981   0.0277  0.02452   9.3416E-04 -1.5882E-02  1.5909E-02  -86.634
     8    1   0.0000  -0.0736   0.0277  0.02452   1.2793E-03 -1.6887E-02  1.6936E-02  -85.668
     9    1   0.0000  -0.0490   0.0277  0.02452   1.6800E-03 -1.7459E-02  1.7539E-02  -84.504
    10    1   0.0000  -0.0245   0.0277  0.02452   2.1673E-03 -1.7543E-02  1.7677E-02  -82.957
    11    1   0.0000   0.0000   0.0277  0.02452   2.6596E-03 -1.7217E-02  1.7421E-02  -81.219
    12    1   0.0000   0.0245   0.0277  0.02452   2.1673E-03 -1.7543E-02  1.7677E-02  -82.957
    13    1   0.0000   0.0490   0.0277  0.02452   1.6800E-03 -1.7459E-02  1.7539E-02  -84.504
    14    1   0.0000   0.0736   0.0277  0.02452   1.2793E-03 -1.6887E-02  1.6936E-02  -85.668
    15    1   0.0000   0.0981   0.0277  0.02452   9.3416E-04 -1.5882E-02  1.5909E-02  -86.634
    16    1   0.0000   0.1226   0.0277  0.02452   6.4052E-04 -1.4472E-02  1.4486E-02  -87.466
    17    1   0.0000   0.1471   0.0277  0.02452   3.9846E-04 -1.2689E-02  1.2695E-02  -88.201
    18    1   0.0000   0.1716   0.0277  0.02452   2.0931E-04 -1.0564E-02  1.0566E-02  -88.865
    19    1   0.0000   0.1962   0.0277  0.02452   7.4592E-05 -8.1256E-03  8.1259E-03  -89.474
    20    1   0.0000   0.2207   0.0277  0.02452  -4.0618E-06 -5.3870E-03  5.3870E-03  -90.043
    21    1   0.0000   0.2452   0.0277  0.02452  -2.1883E-05 -2.1919E-03  2.1920E-03  -90.572
    22    2  -0.2452   0.0000   0.0000  0.02452   6.9707E-04 -7.6699E-04  1.0364E-03  -47.735
    23    2  -0.2207   0.0000   0.0000  0.02452   1.7304E-03 -1.8691E-03  2.5471E-03  -47.206
    24    2  -0.1962   0.0000   0.0000  0.02452   2.6381E-03 -2.7933E-03  3.8422E-03  -46.637
    25    2  -0.1716   0.0000   0.0000  0.02452   3.4687E-03 -3.5954E-03  4.9959E-03  -46.027
    26    2  -0.1471   0.0000   0.0000  0.02452   4.2175E-03 -4.2714E-03  6.0027E-03  -45.364
    27    2  -0.1226   0.0000   0.0000  0.02452   4.8747E-03 -4.8119E-03  6.8496E-03  -44.628
    28    2  -0.0981   0.0000   0.0000  0.02452   5.4297E-03 -5.2062E-03  7.5224E-03  -43.796
    29    2  -0.0736   0.0000   0.0000  0.02452   5.8726E-03 -5.4439E-03  8.0078E-03  -42.831
    30    2  -0.0490   0.0000   0.0000  0.02452   6.1953E-03 -5.5132E-03  8.2932E-03  -41.666
    31    2  -0.0245   0.0000   0.0000  0.02452   6.3914E-03 -5.3858E-03  8.3580E-03  -40.120
    32    2   0.0000   0.0000   0.0000  0.02452   6.4572E-03 -5.1144E-03  8.2373E-03  -38.381
    33    2   0.0245   0.0000   0.0000  0.02452   6.3914E-03 -5.3858E-03  8.3580E-03  -40.120
    34    2   0.0490   0.0000   0.0000  0.02452   6.1953E-03 -5.5132E-03  8.2932E-03  -41.666
    35    2   0.0736   0.0000   0.0000  0.02452   5.8726E-03 -5.4439E-03  8.0078E-03  -42.831
    36    2   0.0981   0.0000   0.0000  0.02452   5.4297E-03 -5.2062E-03  7.5224E-03  -43.796
    37    2   0.1226   0.0000   0.0000  0.02452   4.8747E-03 -4.8119E-03  6.8496E-03  -44.628
    38    2   0.1471   0.0000   0.0000  0.02452   4.2175E-03 -4.2714E-03  6.0027E-03  -45.364
    39    2   0.1716   0.0000   0.0000  0.02452   3.4687E-03 -3.5954E-03  4.9959E-03  -46.027
    40    2   0.1962   0.0000   0.0000  0.02452   2.6381E-03 -2.7933E-03  3.8422E-03  -46.637
    41    2   0.2207   0.0000   0.0000  0.02452   1.7304E-03 -1.8691E-03  2.5471E-03  -47.206
    42    2   0.2452   0.0000   0.0000  0.02452   6.9707E-04 -7.6699E-04  1.0364E-03  -47.735



                                        - - - POWER BUDGET - - -

                                           INPUT POWER   = 1.7670E-02 WATTS
                                           RADIATED POWER= 1.7670E-02 WATTS
                                           STRUCTURE LOSS= 0.0000E+00 WATTS
                                           NETWORK LOSS  =-6.9389E-18 WATTS
                                           EFFICIENCY    = 100.00 PERCENT



                                                - - - RADIATION PATTERNS - - -

  - - ANGLES - -           - POWER GAINS -       - - - POLARIZATION - - -    - - - E(THETA) - - -    - - - E(PHI) - - -
  THETA     PHI        VERT.   HOR.    TOTAL      AXIAL     TILT   SENSE     MAGNITUDE    PHASE      MAGNITUDE    PHASE 
 DEGREES  DEGREES       DB      DB      DB        RATIO     DEG.              VOLTS/M    DEGREES      VOLTS/M    DEGREES
 -180.00     0.00      -5.17    1.33    2.21    0.34432   -71.82  LEFT      5.67453E-01    46.67    1.20012E+00   173.87
 -178.00     0.00      -5.18    1.33    2.21    0.34403   -71.84  LEFT      5.66919E-01    46.67    1.20012E+00   173.87
 -176.00     0.00      -5.20    1.33    2.20    0.34315   -71.89  LEFT      5.65320E-01    46.68    1.20012E+00   173.89
 -174.00     0.00      -5.25    1.33    2.20    0.34170   -71.98  LEFT      5.62665E-01    46.68    1.20012E+00   173.92
 -172.00     0.00      -5.30    1.33    2.19    0.33967   -72.11  LEFT      5.58969E-01    46.69    1.20012E+00   173.97
 -170.00     0.00      -5.38    1.33    2.17    0.33707   -72.28  LEFT      5.54252E-01    46.69    1.20012E+00   174.02
 -168.00     0.00      -5.47    1.33    2.16    0.33391   -72.47  LEFT      5.48540E-01    46.70    1.20012E+00   174.09
 -166.00     0.00      -5.57    1.33    2.14    0.33019   -72.70  LEFT      5.41863E-01    46.71    1.20012E+00   174.16
 -164.00     0.00      -5.70    1.33    2.12    0.32593   -72.96  LEFT      5.34257E-01    46.72    1.20012E+00   174.25
 -162.00     0.00      -5.84    1.33    2.10    0.32114   -73.25  LEFT      5.25762E-01    46.73    1.20012E+00   174.36
 -160.00     0.00      -5.99    1.33    2.07    0.31584   -73.56  LEFT      5.16420E-01    46.75    1.20012E+00   174.47
 -158.00     0.00      -6.16    1.33    2.04    0.31005   -73.90  LEFT      5.06279E-01    46.76    1.20012E+00   174.59
 -156.00     0.00      -6.35    1.33    2.02    0.30378   -74.27  LEFT      4.95388E-01    46.78    1.20012E+00   174.73
 -154.00     0.00      -6.56    1.33    1.99    0.29705   -74.65  LEFT      4.83798E-01    46.80    1.20012E+00   174.88
 -152.00     0.00      -6.78    1.33    1.96    0.28990   -75.05  LEFT      4.71563E-01    46.82    1.20012E+00   175.04
 -150.00     0.00      -7.02    1.33    1.93    0.28234   -75.47  LEFT      4.58737E-01    46.84    1.20012E+00   175.20
 -148.00     0.00      -7.28    1.33    1.89    0.27440   -75.90  LEFT      4.45375E-01    46.86    1.20012E+00   175.38
 -146.00     0.00      -7.55    1.33    1.86    0.26612   -76.35  LEFT      4.31532E-01    46.88    1.20012E+00   175.57
 -144.00     0.00      -7.84    1.33    1.83    0.25752   -76.80  LEFT      4.17260E-01    46.90    1.20012E+00   175.77
 -142.00     0.00      -8.15    1.33    1.80    0.24864   -77.26  LEFT      4.02615E-01    46.93    1.20012E+00   175.98
 -140.00     0.00      -8.48    1.33    1.76    0.23950   -77.74  LEFT      3.87646E-01    46.95    1.20012E+00   176.20
 -138.00     0.00      -8.83    1.33    1.73    0.23014   -78.21  LEFT      3.72405E-01    46.98    1.20012E+00   176.43
 -136.00     0.00      -9.20    1.33    1.70    0.22058   -78.69  LEFT      3.56937E-01    47.00    1.20012E+00   176.67
 -134.00     0.00      -9.59    1.33    1.67    0.21087   -79.18  LEFT      3.41288E-01    47.03    1.20012E+00   176.91
 -132.00     0.00     -10.00    1.33    1.64    0.20102   -79.67  LEFT      3.25499E-01    47.05    1.20012E+00   177.17
 -130.00     0.00     -10.43    1.33    1.61    0.19107   -80.15  LEFT      3.09610E-01    47.08    1.20012E+00   177.43
 -128.00     0.00     -10.89    1.33    1.59    0.18105   -80.64  LEFT      2.93654E-01    47.11    1.20012E+00   177.70
 -126.00     0.00     -11.38    1.33    1.56    0.17099   -81.13  LEFT      2.77665E-01    47.13    1.20012E+00   177.98
 -124.00     0.00     -11.90    1.33    1.54    0.16090   -81.62  LEFT      2.61670E-01    47.16    1.20012E+00   178.26
 -122.00     0.00     -12.44    1.33    1.51    0.15081   -82.11  LEFT      2.45694E-01    47.18    1.20012E+00   178.55
 -120.00     0.00     -13.03    1.33    1.49    0.14074   -82.60  LEFT      2.29758E-01    47.21    1.20012E+00   178.85
 -118.00     0.00     -13.65    1.33    1.47    0.13071   -83.09  LEFT      2.13880E-01    47.23    1.20012E+00   179.16
 -116.00     0.00     -14.31    1.33    1.45    0.12073   -83.58  LEFT      1.98073E-01    47.25    1.20012E+00   179.47
 -114.00     0.00     -15.03    1.33    1.43    0.11083   -84.07  LEFT      1.82347E-01    47.28    1.20012E+00   179.78
 -112.00     0.00     -15.81    1.33    1.42    0.10101   -84.55  LEFT      1.66711E-01    47.30    1.20012E+00  -179.90
 -110.00     0.00     -16.66    1.33    1.40    0.09127   -85.04  LEFT      1.51168E-01    47.32    1.20012E+00  -179.57
 -108.00     0.00     -17.60    1.33    1.39    0.08164   -85.53  LEFT      1.35719E-01    47.33    1.20012E+00  -179.24
 -106.00     0.00     -18.64    1.33    1.38    0.07211   -86.01  LEFT      1.20364E-01    47.35    1.20012E+00  -178.91
 -104.00     0.00     -19.82    1.33    1.37    0.06270   -86.50  LEFT      1.05097E-01    47.37    1.20012E+00  -178.58
 -102.00     0.00     -21.17    1.33    1.36    0.05340   -86.99  LEFT      8.99142E-02    47.38    1.20012E+00  -178.24
 -100.00     0.00     -22.77    1.33    1.35    0.04421   -87.48  LEFT      7.48060E-02    47.39    1.20012E+00  -177.90
  -98.00     0.00     -24.72    1.33    1.34    0.03514   -87.98  LEFT      5.97628E-02    47.40    1.20012E+00  -177.55
  -96.00     0.00     -27.23    1.33    1.34    0.02618   -88.48  LEFT      4.47735E-02    47.41    1.20012E+00  -177.21
  -94.00     0.00     -30.76    1.33    1.34    0.01734   -88.98  LEFT      2.98256E-02    47.41    1.20012E+00  -176.86
  -92.00     0.00     -36.78    1.33    1.33    0.00862   -89.49  LEFT      1.49057E-02    47.41    1.20012E+00  -176.51
  -90.00     0.00    -999.99    1.33    1.33    0.00000   -90.00  LINEAR    2.17889E-12    47.42    1.20012E+00  -176.16
  -88.00     0.00     -36.78    1.33    1.33    0.00851    89.48  RIGHT     1.49057E-02  -132.59    1.20012E+00  -175.82
  -86.00     0.00     -30.76    1.33    1.34    0.01691    88.96  RIGHT     2.98256E-02  -132.59    1.20012E+00  -175.47
  -84.00     0.00     -27.23    1.33    1.34    0.02520    88.42  RIGHT     4.47735E-02  -132.59    1.20012E+00  -175.12
  -82.00     0.00     -24.72    1.33    1.34    0.03339    87.88  RIGHT     5.97628E-02  -132.60    1.20012E+00  -174.78
  -80.00     0.00     -22.77    1.33    1.35    0.04148    87.34  RIGHT     7.48060E-02  -132.61    1.20012E+00  -174.43
  -78.00     0.00     -21.17    1.33    1.36    0.04946    86.78  RIGHT     8.99142E-02  -132.62    1.20012E+00  -174.09
  -76.00     0.00     -19.82    1.33    1.37    0.05734    86.21  RIGHT     1.05097E-01  -132.63    1.20012E+00  -173.75
  -74.00     0.00     -18.64    1.33    1.38    0.06511    85.64  RIGHT     1.20364E-01  -132.65    1.20012E+00  -173.42
  -72.00     0.00     -17.60    1.33    1.39    0.07278    85.05  RIGHT     1.35719E-01  -132.67    1.20012E+00  -173.08
  -70.00     0.00     -16.66    1.33    1.40    0.08034    84.46  RIGHT     1.51168E-01  -132.68    1.20012E+00  -172.76
  -68.00     0.00     -15.81    1.33    1.42    0.08777    83.85  RIGHT     1.66711E-01  -132.70    1.20012E+00  -172.43
  -66.00     0.00     -15.03    1.33    1.43    0.09509    83.24  RIGHT     1.82347E-01  -132.72    1.20012E+00  -172.11
  -64.00     0.00     -14.31    1.33    1.45    0.10228    82.62  RIGHT     1.98073E-01  -132.75    1.20012E+00  -171.80
  -62.00     0.00     -13.65    1.33    1.47    0.10933    81.99  RIGHT     2.13880E-01  -132.77    1.20012E+00  -171.49
  -60.00     0.00     -13.03    1.33    1.49    0.11623    81.35  RIGHT     2.29758E-01  -132.79    1.20012E+00  -171.18
  -58.00     0.00     -12.44    1.33    1.51    0.12298    80.70  RIGHT     2.45694E-01  -132.82    1.20012E+00  -170.88
  -56.00     0.00     -11.90    1.33    1.54    0.12956    80.05  RIGHT     2.61670E-01  -132.84    1.20012E+00  -170.59
  -54.00     0.00     -11.38    1.33    1.56    0.13597    79.39  RIGHT     2.77665E-01  -132.87    1.20012E+00  -170.31
  -52.00     0.00     -10.89    1.33    1.59    0.14219    78.73  RIGHT     2.93654E-01  -132.89    1.20012E+00  -170.03
  -50.00     0.00     -10.43    1.33    1.61    0.14821    78.07  RIGHT     3.09610E-01  -132.92    1.20012E+00  -169.76
  -48.00     0.00     -10.00    1.33    1.64    0.15402    77.40  RIGHT     3.25499E-01  -132.95    1.20012E+00  -169.50
  -46.00     0.00      -9.59    1.33    1.67    0.15961    76.74  RIGHT     3.41288E-01  -132.97    1.20012E+00  -169.24
  -44.00     0.00      -9.20    1.33    1.70    0.16497    76.08  RIGHT     3.56937E-01  -133.00    1.20012E+00  -169.00
  -42.00     0.00      -8.83    1.33    1.73    0.17009    75.43  RIGHT     3.72405E-01  -133.02    1.20012E+00  -168.76
  -40.00     0.00      -8.48    1.33    1.76    0.17497    74.79  RIGHT     3.87646E-01  -133.05    1.20012E+00  -168.53
  -38.00     0.00      -8.15    1.33    1.80    0.17960    74.15  RIGHT     4.02615E-01  -133.07    1.20012E+00  -168.31
  -36.00     0.00      -7.84    1.33    1.83    0.18396    73.53  RIGHT     4.17260E-01  -133.10    1.20012E+00  -168.10
  -34.00     0.00      -7.55    1.33    1.86    0.18806    72.92  RIGHT     4.31532E-01  -133.12    1.20012E+00  -167.90
  -32.00     0.00      -7.28    1.33    1.89    0.19190    72.34  RIGHT     4.45375E-01  -133.14    1.20012E+00  -167.71
  -30.00     0.00      -7.02    1.33    1.93    0.19548    71.77  RIGHT     4.58737E-01  -133.16    1.20012E+00  -167.53
  -28.00     0.00      -6.78    1.33    1.96    0.19879    71.22  RIGHT     4.71563E-01  -133.18    1.20012E+00  -167.36
  -26.00     0.00      -6.56    1.33    1.99    0.20184    70.70  RIGHT     4.83798E-01  -133.20    1.20012E+00  -167.21
  -24.00     0.00      -6.35    1.33    2.02    0.20463    70.21  RIGHT     4.95388E-01  -133.22    1.20012E+00  -167.06
  -22.00     0.00      -6.16    1.33    2.04    0.20716    69.75  RIGHT     5.06279E-01  -133.24    1.20012E+00  -166.92
  -20.00     0.00      -5.99    1.33    2.07    0.20945    69.32  RIGHT     5.16420E-01  -133.25    1.20012E+00  -166.80
  -18.00     0.00      -5.84    1.33    2.10    0.21149    68.93  RIGHT     5.25762E-01  -133.27    1.20012E+00  -166.69
  -16.00     0.00      -5.70    1.33    2.12    0.21330    68.57  RIGHT     5.34257E-01  -133.28    1.20012E+00  -166.58
  -14.00     0.00      -5.57    1.33    2.14    0.21487    68.25  RIGHT     5.41863E-01  -133.29    1.20012E+00  -166.49
  -12.00     0.00      -5.47    1.33    2.16    0.21622    67.97  RIGHT     5.48540E-01  -133.30    1.20012E+00  -166.42
  -10.00     0.00      -5.38    1.33    2.17    0.21735    67.73  RIGHT     5.54252E-01  -133.31    1.20012E+00  -166.35
   -8.00     0.00      -5.30    1.33    2.19    0.21827    67.53  RIGHT     5.58969E-01  -133.31    1.20012E+00  -166.29
   -6.00     0.00      -5.25    1.33    2.20    0.21897    67.38  RIGHT     5.62665E-01  -133.32    1.20012E+00  -166.25
   -4.00     0.00      -5.20    1.33    2.20    0.21948    67.26  RIGHT     5.65320E-01  -133.32    1.20012E+00  -166.22
   -2.00     0.00      -5.18    1.33    2.21    0.21978    67.20  RIGHT     5.66919E-01  -133.33    1.20012E+00  -166.20
    0.00     0.00      -5.17    1.33    2.21    0.21988    67.17  RIGHT     5.67453E-01  -133.33    1.20012E+00  -166.20
    2.00     0.00      -5.18    1.33    2.21    0.21978    67.20  RIGHT     5.66919E-01  -133.33    1.20012E+00  -166.20
    4.00     0.00      -5.20    1.33    2.20    0.21948    67.26  RIGHT     5.65320E-01  -133.32    1.20012E+00  -166.22
    6.00     0.00      -5.25    1.33    2.20    0.21897    67.38  RIGHT     5.62665E-01  -133.32    1.20012E+00  -166.25
    8.00     0.00      -5.30    1.33    2.19    0.21827    67.53  RIGHT     5.58969E-01  -133.31    1.20012E+00  -166.29
   10.00     0.00      -5.38    1.33    2.17    0.21735    67.73  RIGHT     5.54252E-01  -133.31    1.20012E+00  -166.35
   12.00     0.00      -5.47    1.33    2.16    0.21622    67.97  RIGHT     5.48540E-01  -133.30    1.20012E+00  -166.42
   14.00     0.00      -5.57    1.33    2.14    0.21487    68.25  RIGHT     5.41863E-01  -133.29    1.20012E+00  -166.49
   16.00     0.00      -5.70    1.33    2.12    0.21330    68.57  RIGHT     5.34257E-01  -133.28    1.20012E+00  -166.58
   18.00     0.00      -5.84    1.33    2.10    0.21149    68.93  RIGHT     5.25762E-01  -133.27    1.20012E+00  -166.69
   20.00     0.00      -5.99    1.33    2.07    0.20945    69.32  RIGHT     5.16420E-01  -133.25    1.20012E+00  -166.80
   22.00     0.00      -6.16    1.33    2.04    0.20716    69.75  RIGHT     5.06279E-01  -133.24    1.20012E+00  -166.92
   24.00     0.00      -6.35    1.33    2.02    0.20463    70.21  RIGHT     4.95388E-01  -133.22    1.20012E+00  -167.06
   26.00     0.00      -6.56    1.33    1.99    0.20184    70.70  RIGHT     4.83798E-01  -133.20    1.20012E+00  -167.21
   28.00     0.00      -6.78    1.33    1.96    0.19879    71.22  RIGHT     4.71563E-01  -133.18    1.20012E+00  -167.36
   30.00     0.00      -7.02    1.33    1.93    0.19548    71.77  RIGHT     4.58737E-01  -133.16    1.20012E+00  -167.53
   32.00     0.00      -7.28    1.33    1.89    0.19190    72.34  RIGHT     4.45375E-01  -133.14    1.20012E+00  -167.71
   34.00     0.00      -7.55    1.33    1.86    0.18806    72.92  RIGHT     4.31532E-01  -133.12    1.20012E+00  -167.90
   36.00     0.00      -7.84    1.33    1.83    0.18396    73.53  RIGHT     4.17260E-01  -133.10    1.20012E+00  -168.10
   38.00     0.00      -8.15    1.33    1.80    0.17960    74.15  RIGHT     4.02615E-01  -133.07    1.20012E+00  -168.31
   40.00     0.00      -8.48    1.33    1.76    0.17497    74.79  RIGHT     3.87646E-01  -133.05    1.20012E+00  -168.53
   42.00     0.00      -8.83    1.33    1.73    0.17009    75.43  RIGHT     3.72405E-01  -133.02    1.20012E+00  -168.76
   44.00     0.00      -9.20    1.33    1.70    0.16497    76.08  RIGHT     3.56937E-01  -133.00    1.20012E+00  -169.00
   46.00     0.00      -9.59    1.33    1.67    0.15961    76.74  RIGHT     3.41288E-01  -132.97    1.20012E+00  -169.24
   48.00     0.00     -10.00    1.33    1.64    0.15402    77.40  RIGHT     3.25499E-01  -132.95    1.20012E+00  -169.50
   50.00     0.00     -10.43    1.33    1.61    0.14821    78.07  RIGHT     3.09610E-01  -132.92    1.20012E+00  -169.76
   52.00     0.00     -10.89    1.33    1.59    0.14219    78.73  RIGHT     2.93654E-01  -132.89    1.20012E+00  -170.03
   54.00     0.00     -11.38    1.33    1.56    0.13597    79.39  RIGHT     2.77665E-01  -132.87    1.20012E+00  -170.31
   56.00     0.00     -11.90    1.33    1.54    0.12956    80.05  RIGHT     2.61670E-01  -132.84    1.20012E+00  -170.59
   58.00     0.00     -12.44    1.33    1.51    0.12298    80.70  RIGHT     2.45694E-01  -132.82    1.20012E+00  -170.88
   60.00     0.00     -13.03    1.33    1.49    0.11623    81.35  RIGHT     2.29758E-01  -132.79    1.20012E+00  -171.18
   62.00     0.00     -13.65    1.33    1.47    0.10933    81.99  RIGHT     2.13880E-01  -132.77    1.20012E+00  -171.49
   64.00     0.00     -14.31    1.33    1.45    0.10228    82.62  RIGHT     1.98073E-01  -132.75    1.20012E+00  -171.80
   66.00     0.00     -15.03    1.33    1.43    0.09509    83.24  RIGHT     1.82347E-01  -132.72    1.20012E+00  -172.11
   68.00     0.00     -15.81    1.33    1.42    0.08777    83.85  RIGHT     1.66711E-01  -132.70    1.20012E+00  -172.43
   70.00     0.00     -16.66    1.33    1.40    0.08034    84.46  RIGHT     1.51168E-01  -132.68    1.20012E+00  -172.76
   72.00     0.00     -17.60    1.33    1.39    0.07278    85.05  RIGHT     1.35719E-01  -132.67    1.20012E+00  -173.08
   74.00     0.00     -18.64    1.33    1.38    0.06511    85.64  RIGHT     1.20364E-01  -132.65    1.20012E+00  -173.42
   76.00     0.00     -19.82    1.33    1.37    0.05734    86.21  RIGHT     1.05097E-01  -132.63    1.20012E+00  -173.75
   78.00     0.00     -21.17    1.33    1.36    0.04946    86.78  RIGHT     8.99142E-02  -132.62    1.20012E+00  -174.09
   80.00     0.00     -22.77    1.33    1.35    0.04148    87.34  RIGHT     7.48060E-02  -132.61    1.20012E+00  -174.43
   82.00     0.00     -24.72    1.33    1.34    0.03339    87.88  RIGHT     5.97628E-02  -132.60    1.20012E+00  -174.78
   84.00     0.00     -27.23    1.33    1.34    0.02520    88.42  RIGHT     4.47735E-02  -132.59    1.20012E+00  -175.12
   86.00     0.00     -30.76    1.33    1.34    0.01691    88.96  RIGHT     2.98256E-02  -132.59    1.20012E+00  -175.47
   88.00     0.00     -36.78    1.33    1.33    0.00851    89.48  RIGHT     1.49057E-02  -132.59    1.20012E+00  -175.82
   90.00     0.00    -999.99    1.33    1.33    0.00000   -90.00  LINEAR    2.17889E-12    47.42    1.20012E+00  -176.16
   92.00     0.00     -36.78    1.33    1.33    0.00862   -89.49  LEFT      1.49057E-02    47.41    1.20012E+00  -176.51
   94.00     0.00     -30.76    1.33    1.34    0.01734   -88.98  LEFT      2.98256E-02    47.41    1.20012E+00  -176.86
   96.00     0.00     -27.23    1.33    1.34    0.02618   -88.48  LEFT      4.47735E-02    47.41    1.20012E+00  -177.21
   98.00     0.00     -24.72    1.33    1.34    0.03514   -87.98  LEFT      5.97628E-02    47.40    1.20012E+00  -177.55
  100.00     0.00     -22.77    1.33    1.35    0.04421   -87.48  LEFT      7.48060E-02    47.39    1.20012E+00  -177.90
  102.00     0.00     -21.17    1.33    1.36    0.05340   -86.99  LEFT      8.99142E-02    47.38    1.20012E+00  -178.24
  104.00     0.00     -19.82    1.33    1.37    0.06270   -86.50  LEFT      1.05097E-01    47.37    1.20012E+00  -178.58
  106.00     0.00     -18.64    1.33    1.38    0.07211   -86.01  LEFT      1.20364E-01    47.35    1.20012E+00  -178.91
  108.00     0.00     -17.60    1.33    1.39    0.08164   -85.53  LEFT      1.35719E-01    47.33    1.20012E+00  -179.24
  110.00     0.00     -16.66    1.33    1.40    0.09127   -85.04  LEFT      1.51168E-01    47.32    1.20012E+00  -179.57
  112.00     0.00     -15.81    1.33    1.42    0.10101   -84.55  LEFT      1.66711E-01    47.30    1.20012E+00  -179.90
  114.00     0.00     -15.03    1.33    1.43    0.11083   -84.07  LEFT      1.82347E-01    47.28    1.20012E+00   179.78
  116.00     0.00     -14.31    1.33    1.45    0.12073   -83.58  LEFT      1.98073E-01    47.25    1.20012E+00   179.47
  118.00     0.00     -13.65    1.33    1.47    0.13071   -83.09  LEFT      2.13880E-01    47.23    1.20012E+00   179.16
  120.00     0.00     -13.03    1.33    1.49    0.14074   -82.60  LEFT      2.29758E-01    47.21    1.20012E+00   178.85
  122.00     0.00     -12.44    1.33    1.51    0.15081   -82.11  LEFT      2.45694E-01    47.18    1.20012E+00   178.55
  124.00     0.00     -11.90    1.33    1.54    0.16090   -81.62  LEFT      2.61670E-01    47.16    1.20012E+00   178.26
  126.00     0.00     -11.38    1.33    1.56    0.17099   -81.13  LEFT      2.77665E-01    47.13    1.20012E+00   177.98
  128.00     0.00     -10.89    1.33    1.59    0.18105   -80.64  LEFT      2.93654E-01    47.11    1.20012E+00   177.70
  130.00     0.00     -10.43    1.33    1.61    0.19107   -80.15  LEFT      3.09610E-01    47.08    1.20012E+00   177.43
  132.00     0.00     -10.00    1.33    1.64    0.20102   -79.67  LEFT      3.25499E-01    47.05    1.20012E+00   177.17
  134.00     0.00      -9.59    1.33    1.67    0.21087   -79.18  LEFT      3.41288E-01    47.03    1.20012E+00   176.91
  136.00     0.00      -9.20    1.33    1.70    0.22058   -78.69  LEFT      3.56937E-01    47.00    1.20012E+00   176.67
  138.00     0.00      -8.83    1.33    1.73    0.23014   -78.21  LEFT      3.72405E-01    46.98    1.20012E+00   176.43
  140.00     0.00      -8.48    1.33    1.76    0.23950   -77.74  LEFT      3.87646E-01    46.95    1.20012E+00   176.20
  142.00     0.00      -8.15    1.33    1.80    0.24864   -77.26  LEFT      4.02615E-01    46.93    1.20012E+00   175.98
  144.00     0.00      -7.84    1.33    1.83    0.25752   -76.80  LEFT      4.17260E-01    46.90    1.20012E+00   175.77
  146.00     0.00      -7.55    1.33    1.86    0.26612   -76.35  LEFT      4.31532E-01    46.88    1.20012E+00   175.57
  148.00     0.00      -7.28    1.33    1.89    0.27440   -75.90  LEFT      4.45375E-01    46.86    1.20012E+00   175.38
  150.00     0.00      -7.02    1.33    1.93    0.28234   -75.47  LEFT      4.58737E-01    46.84    1.20012E+00   175.20
  152.00     0.00      -6.78    1.33    1.96    0.28990   -75.05  LEFT      4.71563E-01    46.82    1.20012E+00   175.04
  154.00     0.00      -6.56    1.33    1.99    0.29705   -74.65  LEFT      4.83798E-01    46.80    1.20012E+00   174.88
  156.00     0.00      -6.35    1.33    2.02    0.30378   -74.27  LEFT      4.95388E-01    46.78    1.20012E+00   174.73
  158.00     0.00      -6.16    1.33    2.04    0.31005   -73.90  LEFT      5.06279E-01    46.76    1.20012E+00   174.59
  160.00     0.00      -5.99    1.33    2.07    0.31584   -73.56  LEFT      5.16420E-01    46.75    1.20012E+00   174.47
  162.00     0.00      -5.84    1.33    2.10    0.32114   -73.25  LEFT      5.25762E-01    46.73    1.20012E+00   174.36
  164.00     0.00      -5.70    1.33    2.12    0.32593   -72.96  LEFT      5.34257E-01    46.72    1.20012E+00   174.25
  166.00     0.00      -5.57    1.33    2.14    0.33019   -72.70  LEFT      5.41863E-01    46.71    1.20012E+00   174.16
  168.00     0.00      -5.47    1.33    2.16    0.33391   -72.47  LEFT      5.48540E-01    46.70    1.20012E+00   174.09
  170.00     0.00      -5.38    1.33    2.17    0.33707   -72.28  LEFT      5.54252E-01    46.69    1.20012E+00   174.02
  172.00     0.00      -5.30    1.33    2.19    0.33967   -72.11  LEFT      5.58969E-01    46.69    1.20012E+00   173.97
  174.00     0.00      -5.25    1.33    2.20    0.34170   -71.98  LEFT      5.62665E-01    46.68    1.20012E+00   173.92
  176.00     0.00      -5.20    1.33    2.20    0.34315   -71.89  LEFT      5.65320E-01    46.68    1.20012E+00   173.89
  178.00     0.00      -5.18    1.33    2.21    0.34403   -71.84  LEFT      5.66919E-01    46.67    1.20012E+00   173.87
  180.00     0.00      -5.17    1.33    2.21    0.34432   -71.82  LEFT      5.67453E-01    46.67    1.20012E+00   173.87




                                 - - - - - - FREQUENCY - - - - - -

                                    FREQUENCY= 1.6700E+03 MHZ
                                    WAVELENGTH= 1.7952E-01 METERS




                    APPROXIMATE INTEGRATION EMPLOYED FOR SEGMENTS MORE THAN   1.000 WAVELENGTHS APART

                    THE EXTENDED THIN WIRE KERNEL WILL BE USED



                               - - - STRUCTURE IMPEDANCE LOADING - - -

                                   THIS STRUCTURE IS NOT LOADED



                                  - - - ANTENNA ENVIRONMENT - - -

                                            FREE SPACE



                                - - - MATRIX TIMING - - -

                        FILL=    0.016 SEC.,  FACTOR=    0.000 SEC.



                                            - - - NETWORK DATA - - -

      - FROM -    - TO -           TRANSMISSION LINE               -  -  SHUNT ADMITTANCES (MHOS)  -  -              LINE
      TAG  SEG.   TAG  SEG.      IMPEDANCE      LENGTH            - END ONE -                 - END TWO -            TYPE
      NO.   NO.   NO.   NO.         OHMS        METERS         REAL          IMAG.         REAL          IMAG.
        1    11     2    32     5.0000E+01    4.2500E-02    0.0000E+00    0.0000E+00    0.0000E+00    0.0000E+00   STRAIGHT



                           - - - STRUCTURE EXCITATION DATA AT NETWORK CONNECTION POINTS - - -

   TAG   SEG.    VOLTAGE (VOLTS)         CURRENT (AMPS)         IMPEDANCE (OHMS)        ADMITTANCE (MHOS)      POWER
   NO.   NO.    REAL        IMAG.       REAL        IMAG.       REAL        IMAG.       REAL        IMAG.     (WATTS)
     1    11 1.64331E+00-1.48296E+00 2.47657E-03-1.73252E-02 9.71683E+01 8.09608E+01 6.07441E-03-5.06121E-03 1.48812E-02
     2    32 1.00000E+00 0.00000E+00 6.07441E-03-5.06121E-03 9.71683E+01 8.09608E+01 6.07441E-03-5.06121E-03 3.03721E-03



                                          - - - ANTENNA INPUT PARAMETERS - - -

   TAG   SEG.    VOLTAGE (VOLTS)         CURRENT (AMPS)         IMPEDANCE (OHMS)        ADMITTANCE (MHOS)      POWER
   NO.   NO.    REAL        IMAG.       REAL        IMAG.       REAL        IMAG.       REAL        IMAG.     (WATTS)
     2    32 1.00000E+00 0.00000E+00 3.58368E-02 2.62493E-02 1.81608E+01-1.33022E+01 3.58368E-02 2.62493E-02 1.79184E-02



                             - - - CURRENTS AND LOCATION - - -

                                 DISTANCES IN WAVELENGTHS


  SEG.  TAG    COORD. OF SEG. CENTER     SEG.            - - - CURRENT (AMPS) - - -
  NO.   NO.     X        Y        Z      LENGTH     REAL        IMAG.       MAG.        PHASE
     1    1   0.0000  -0.2467   0.0279  0.02467  -5.3823E-05 -2.2199E-03  2.2206E-03  -91.389
     2    1   0.0000  -0.2220   0.0279  0.02467  -8.1343E-05 -5.4560E-03  5.4566E-03  -90.854
     3    1   0.0000  -0.1974   0.0279  0.02467  -3.9964E-05 -8.2291E-03  8.2292E-03  -90.278
     4    1   0.0000  -0.1727   0.0279  0.02467   6.3200E-05 -1.0696E-02  1.0697E-02  -89.661
     5    1   0.0000  -0.1480   0.0279  0.02467   2.2666E-04 -1.2844E-02  1.2846E-02  -88.989
     6    1   0.0000  -0.1233   0.0279  0.02467   4.4922E-04 -1.4643E-02  1.4650E-02  -88.243
     7    1   0.0000  -0.0987   0.0279  0.02467   7.2994E-04 -1.6060E-02  1.6076E-02  -87.398
     8    1   0.0000  -0.0740   0.0279  0.02467   1.0691E-03 -1.7064E-02  1.7097E-02  -86.415
     9    1   0.0000  -0.0493   0.0279  0.02467   1.4711E-03 -1.7623E-02  1.7685E-02  -85.228
    10    1   0.0000  -0.0247   0.0279  0.02467   1.9686E-03 -1.7683E-02  1.7792E-02  -83.648
    11    1   0.0000   0.0000   0.0279  0.02467   2.4766E-03 -1.7325E-02  1.7501E-02  -81.865
    12    1   0.0000   0.0247   0.0279  0.02467   1.9686E-03 -1.7683E-02  1.7792E-02  -83.648
    13    1   0.0000   0.0493   0.0279  0.02467   1.4711E-03 -1.7623E-02  1.7685E-02  -85.228
    14    1   0.0000   0.0740   0.0279  0.02467   1.0691E-03 -1.7064E-02  1.7097E-02  -86.415
    15    1   0.0000   0.0987   0.0279  0.02467   7.2994E-04 -1.6060E-02  1.6076E-02  -87.398
    16    1   0.0000   0.1233   0.0279  0.02467   4.4922E-04 -1.4643E-02  1.4650E-02  -88.243
    17    1   0.0000   0.1480   0.0279  0.02467   2.2666E-04 -1.2844E-02  1.2846E-02  -88.989
    18    1   0.0000   0.1727   0.0279  0.02467   6.3200E-05 -1.0696E-02  1.0697E-02  -89.661
    19    1   0.0000   0.1974   0.0279  0.02467  -3.9964E-05 -8.2291E-03  8.2292E-03  -90.278
    20    1   0.0000   0.2220   0.0279  0.02467  -8.1343E-05 -5.4560E-03  5.4566E-03  -90.854
    21    1   0.0000   0.2467   0.0279  0.02467  -5.3823E-05 -2.2199E-03  2.2206E-03  -91.389
    22    2  -0.2467   0.0000   0.0000  0.02467   6.5384E-04 -7.6083E-04  1.0032E-03  -49.325
    23    2  -0.2220   0.0000   0.0000  0.02467   1.6241E-03 -1.8545E-03  2.4652E-03  -48.790
    24    2  -0.1974   0.0000   0.0000  0.02467   2.4773E-03 -2.7721E-03  3.7177E-03  -48.214
    25    2  -0.1727   0.0000   0.0000  0.02467   3.2586E-03 -3.5684E-03  4.8324E-03  -47.598
    26    2  -0.1480   0.0000   0.0000  0.02467   3.9635E-03 -4.2393E-03  5.8035E-03  -46.925
    27    2  -0.1233   0.0000   0.0000  0.02467   4.5826E-03 -4.7752E-03  6.6183E-03  -46.179
    28    2  -0.0987   0.0000   0.0000  0.02467   5.1056E-03 -5.1655E-03  7.2629E-03  -45.334
    29    2  -0.0740   0.0000   0.0000  0.02467   5.5232E-03 -5.3995E-03  7.7240E-03  -44.351
    30    2  -0.0493   0.0000   0.0000  0.02467   5.8274E-03 -5.4655E-03  7.9894E-03  -43.164
    31    2  -0.0247   0.0000   0.0000  0.02467   6.0124E-03 -5.3350E-03  8.0381E-03  -41.584
    32    2   0.0000   0.0000   0.0000  0.02467   6.0744E-03 -5.0612E-03  7.9066E-03  -39.801
    33    2   0.0247   0.0000   0.0000  0.02467   6.0124E-03 -5.3350E-03  8.0381E-03  -41.584
    34    2   0.0493   0.0000   0.0000  0.02467   5.8274E-03 -5.4655E-03  7.9894E-03  -43.164
    35    2   0.0740   0.0000   0.0000  0.02467   5.5232E-03 -5.3995E-03  7.7240E-03  -44.351
    36    2   0.0987   0.0000   0.0000  0.02467   5.1056E-03 -5.1655E-03  7.2629E-03  -45.334
    37    2   0.1233   0.0000   0.0000  0.02467   4.5826E-03 -4.7752E-03  6.6183E-03  -46.179
    38    2   0.1480   0.0000   0.0000  0.02467   3.9635E-03 -4.2393E-03  5.8035E-03  -46.925
    39    2   0.1727   0.0000   0.0000  0.02467   3.2586E-03 -3.5684E-03  4.8324E-03  -47.598
    40    2   0.1974   0.0000   0.0000  0.02467   2.4773E-03 -2.7721E-03  3.7177E-03  -48.214
    41    2   0.2220   0.0000   0.0000  0.02467   1.6241E-03 -1.8545E-03  2.4652E-03  -48.790
    42    2   0.2467   0.0000   0.0000  0.02467   6.5384E-04 -7.6083E-04  1.0032E-03  -49.325



                                        - - - POWER BUDGET - - -

                                           INPUT POWER   = 1.7918E-02 WATTS
                                           RADIATED POWER= 1.7918E-02 WATTS
                                           STRUCTURE LOSS= 0.0000E+00 WATTS
                                           NETWORK LOSS  =-4.1633E-17 WATTS
                                           EFFICIENCY    = 100.00 PERCENT



                                                - - - RADIATION PATTERNS - - -

  - - ANGLES - -           - POWER GAINS -       - - - POLARIZATION - - -    - - - E(THETA) - - -    - - - E(PHI) - - -
  THETA     PHI        VERT.   HOR.    TOTAL      AXIAL     TILT   SENSE     MAGNITUDE    PHASE      MAGNITUDE    PHASE 
 DEGREES  DEGREES       DB      DB      DB        RATIO     DEG.              VOLTS/M    DEGREES      VOLTS/M    DEGREES
 -180.00     0.00      -5.49    1.41    2.22    0.32784   -72.55  LEFT      5.50767E-01    45.14    1.21913E+00   173.05
 -178.00     0.00      -5.50    1.41    2.21    0.32755   -72.57  LEFT      5.50247E-01    45.14    1.21913E+00   173.06
 -176.00     0.00      -5.53    1.41    2.21    0.32670   -72.62  LEFT      5.48687E-01    45.15    1.21913E+00   173.08
 -174.00     0.00      -5.57    1.41    2.20    0.32529   -72.71  LEFT      5.46098E-01    45.15    1.21913E+00   173.11
 -172.00     0.00      -5.62    1.41    2.19    0.32332   -72.83  LEFT      5.42493E-01    45.16    1.21913E+00   173.15
 -170.00     0.00      -5.70    1.41    2.18    0.32079   -72.99  LEFT      5.37892E-01    45.16    1.21913E+00   173.20
 -168.00     0.00      -5.79    1.41    2.17    0.31772   -73.17  LEFT      5.32321E-01    45.17    1.21913E+00   173.27
 -166.00     0.00      -5.89    1.41    2.15    0.31411   -73.39  LEFT      5.25810E-01    45.18    1.21913E+00   173.35
 -164.00     0.00      -6.02    1.41    2.13    0.30998   -73.64  LEFT      5.18394E-01    45.19    1.21913E+00   173.44
 -162.00     0.00      -6.16    1.41    2.11    0.30534   -73.91  LEFT      5.10112E-01    45.21    1.21913E+00   173.54
 -160.00     0.00      -6.31    1.41    2.09    0.30021   -74.21  LEFT      5.01006E-01    45.22    1.21913E+00   173.66
 -158.00     0.00      -6.49    1.41    2.06    0.29461   -74.53  LEFT      4.91122E-01    45.24    1.21913E+00   173.78
 -156.00     0.00      -6.68    1.41    2.04    0.28855   -74.88  LEFT      4.80509E-01    45.25    1.21913E+00   173.92
 -154.00     0.00      -6.88    1.41    2.01    0.28205   -75.24  LEFT      4.69217E-01    45.27    1.21913E+00   174.07
 -152.00     0.00      -7.11    1.41    1.98    0.27516   -75.62  LEFT      4.57299E-01    45.29    1.21913E+00   174.23
 -150.00     0.00      -7.35    1.41    1.95    0.26788   -76.02  LEFT      4.44808E-01    45.31    1.21913E+00   174.40
 -148.00     0.00      -7.61    1.41    1.92    0.26024   -76.44  LEFT      4.31797E-01    45.33    1.21913E+00   174.58
 -146.00     0.00      -7.88    1.41    1.89    0.25228   -76.86  LEFT      4.18321E-01    45.36    1.21913E+00   174.77
 -144.00     0.00      -8.17    1.41    1.86    0.24403   -77.29  LEFT      4.04432E-01    45.38    1.21913E+00   174.97
 -142.00     0.00      -8.49    1.41    1.83    0.23551   -77.74  LEFT      3.90182E-01    45.41    1.21913E+00   175.18
 -140.00     0.00      -8.82    1.41    1.80    0.22675   -78.19  LEFT      3.75622E-01    45.43    1.21913E+00   175.40
 -138.00     0.00      -9.17    1.41    1.77    0.21779   -78.65  LEFT      3.60801E-01    45.46    1.21913E+00   175.63
 -136.00     0.00      -9.54    1.41    1.75    0.20866   -79.11  LEFT      3.45764E-01    45.48    1.21913E+00   175.87
 -134.00     0.00      -9.93    1.41    1.72    0.19938   -79.57  LEFT      3.30556E-01    45.51    1.21913E+00   176.11
 -132.00     0.00     -10.34    1.41    1.69    0.18999   -80.04  LEFT      3.15217E-01    45.54    1.21913E+00   176.37
 -130.00     0.00     -10.78    1.41    1.66    0.18051   -80.51  LEFT      2.99784E-01    45.56    1.21913E+00   176.63
 -128.00     0.00     -11.24    1.41    1.64    0.17097   -80.98  LEFT      2.84293E-01    45.59    1.21913E+00   176.91
 -126.00     0.00     -11.72    1.41    1.62    0.16139   -81.45  LEFT      2.68774E-01    45.62    1.21913E+00   177.19
 -124.00     0.00     -12.24    1.41    1.59    0.15181   -81.93  LEFT      2.53255E-01    45.64    1.21913E+00   177.47
 -122.00     0.00     -12.79    1.41    1.57    0.14223   -82.40  LEFT      2.37759E-01    45.67    1.21913E+00   177.77
 -120.00     0.00     -13.37    1.41    1.55    0.13268   -82.87  LEFT      2.22307E-01    45.69    1.21913E+00   178.07
 -118.00     0.00     -14.00    1.41    1.53    0.12317   -83.34  LEFT      2.06916E-01    45.72    1.21913E+00   178.37
 -116.00     0.00     -14.66    1.41    1.52    0.11373   -83.81  LEFT      1.91599E-01    45.74    1.21913E+00   178.68
 -114.00     0.00     -15.38    1.41    1.50    0.10436   -84.28  LEFT      1.76366E-01    45.76    1.21913E+00   179.00
 -112.00     0.00     -16.16    1.41    1.48    0.09507   -84.75  LEFT      1.61224E-01    45.79    1.21913E+00   179.32
 -110.00     0.00     -17.01    1.41    1.47    0.08588   -85.22  LEFT      1.46176E-01    45.81    1.21913E+00   179.65
 -108.00     0.00     -17.95    1.41    1.46    0.07679   -85.69  LEFT      1.31225E-01    45.83    1.21913E+00   179.98
 -106.00     0.00     -18.99    1.41    1.45    0.06781   -86.16  LEFT      1.16367E-01    45.84    1.21913E+00  -179.68
 -104.00     0.00     -20.17    1.41    1.44    0.05893   -86.63  LEFT      1.01600E-01    45.86    1.21913E+00  -179.35
 -102.00     0.00     -21.53    1.41    1.43    0.05017   -87.10  LEFT      8.69156E-02    45.87    1.21913E+00  -179.01
 -100.00     0.00     -23.13    1.41    1.42    0.04153   -87.58  LEFT      7.23067E-02    45.88    1.21913E+00  -178.66
  -98.00     0.00     -25.08    1.41    1.42    0.03300   -88.05  LEFT      5.77632E-02    45.89    1.21913E+00  -178.32
  -96.00     0.00     -27.59    1.41    1.41    0.02458   -88.53  LEFT      4.32737E-02    45.90    1.21913E+00  -177.97
  -94.00     0.00     -31.12    1.41    1.41    0.01628   -89.02  LEFT      2.88256E-02    45.91    1.21913E+00  -177.62
  -92.00     0.00     -37.14    1.41    1.41    0.00809   -89.51  LEFT      1.44057E-02    45.91    1.21913E+00  -177.27
  -90.00     0.00    -999.99    1.41    1.41    0.00000   -90.00  LINEAR    2.10580E-12    45.91    1.21913E+00  -176.92
  -88.00     0.00     -37.14    1.41    1.41    0.00798    89.50  RIGHT     1.44057E-02  -134.09    1.21913E+00  -176.57
  -86.00     0.00     -31.12    1.41    1.41    0.01586    89.00  RIGHT     2.88256E-02  -134.09    1.21913E+00  -176.22
  -84.00     0.00     -27.59    1.41    1.41    0.02363    88.48  RIGHT     4.32737E-02  -134.10    1.21913E+00  -175.87
  -82.00     0.00     -25.08    1.41    1.42    0.03130    87.96  RIGHT     5.77632E-02  -134.11    1.21913E+00  -175.53
  -80.00     0.00     -23.13    1.41    1.42    0.03888    87.44  RIGHT     7.23067E-02  -134.12    1.21913E+00  -175.18
  -78.00     0.00     -21.53    1.41    1.43    0.04636    86.90  RIGHT     8.69156E-02  -134.13    1.21913E+00  -174.84
  -76.00     0.00     -20.17    1.41    1.44    0.05374    86.36  RIGHT     1.01600E-01  -134.14    1.21913E+00  -174.50
  -74.00     0.00     -18.99    1.41    1.45    0.06103    85.80  RIGHT     1.16367E-01  -134.16    1.21913E+00  -174.16
  -72.00     0.00     -17.95    1.41    1.46    0.06821    85.24  RIGHT     1.31225E-01  -134.17    1.21913E+00  -173.82
  -70.00     0.00     -17.01    1.41    1.47    0.07529    84.67  RIGHT     1.46176E-01  -134.19    1.21913E+00  -173.49
  -68.00     0.00     -16.16    1.41    1.48    0.08226    84.09  RIGHT     1.61224E-01  -134.21    1.21913E+00  -173.16
  -66.00     0.00     -15.38    1.41    1.50    0.08912    83.50  RIGHT     1.76366E-01  -134.24    1.21913E+00  -172.84
  -64.00     0.00     -14.66    1.41    1.52    0.09586    82.90  RIGHT     1.91599E-01  -134.26    1.21913E+00  -172.53
  -62.00     0.00     -14.00    1.41    1.53    0.10248    82.29  RIGHT     2.06916E-01  -134.28    1.21913E+00  -172.21
  -60.00     0.00     -13.37    1.41    1.55    0.10896    81.68  RIGHT     2.22307E-01  -134.31    1.21913E+00  -171.91
  -58.00     0.00     -12.79    1.41    1.57    0.11530    81.06  RIGHT     2.37759E-01  -134.33    1.21913E+00  -171.61
  -56.00     0.00     -12.24    1.41    1.59    0.12149    80.43  RIGHT     2.53255E-01  -134.36    1.21913E+00  -171.31
  -54.00     0.00     -11.72    1.41    1.62    0.12752    79.80  RIGHT     2.68774E-01  -134.38    1.21913E+00  -171.03
  -52.00     0.00     -11.24    1.41    1.64    0.13338    79.17  RIGHT     2.84293E-01  -134.41    1.21913E+00  -170.75
  -50.00     0.00     -10.78    1.41    1.66    0.13906    78.53  RIGHT     2.99784E-01  -134.44    1.21913E+00  -170.48
  -48.00     0.00     -10.34    1.41    1.69    0.14455    77.89  RIGHT     3.15217E-01  -134.46    1.21913E+00  -170.21
  -46.00     0.00      -9.93    1.41    1.72    0.14983    77.26  RIGHT     3.30556E-01  -134.49    1.21913E+00  -169.96
  -44.00     0.00      -9.54    1.41    1.75    0.15491    76.62  RIGHT     3.45764E-01  -134.52    1.21913E+00  -169.71
  -42.00     0.00      -9.17    1.41    1.77    0.15977    76.00  RIGHT     3.60801E-01  -134.54    1.21913E+00  -169.47
  -40.00     0.00      -8.82    1.41    1.80    0.16440    75.38  RIGHT     3.75622E-01  -134.57    1.21913E+00  -169.24
  -38.00     0.00      -8.49    1.41    1.83    0.16880    74.77  RIGHT     3.90182E-01  -134.59    1.21913E+00  -169.02
  -36.00     0.00      -8.17    1.41    1.86    0.17296    74.17  RIGHT     4.04432E-01  -134.62    1.21913E+00  -168.81
  -34.00     0.00      -7.88    1.41    1.89    0.17688    73.59  RIGHT     4.18321E-01  -134.64    1.21913E+00  -168.61
  -32.00     0.00      -7.61    1.41    1.92    0.18055    73.02  RIGHT     4.31797E-01  -134.67    1.21913E+00  -168.42
  -30.00     0.00      -7.35    1.41    1.95    0.18398    72.47  RIGHT     4.44808E-01  -134.69    1.21913E+00  -168.24
  -28.00     0.00      -7.11    1.41    1.98    0.18716    71.95  RIGHT     4.57299E-01  -134.71    1.21913E+00  -168.07
  -26.00     0.00      -6.88    1.41    2.01    0.19009    71.45  RIGHT     4.69217E-01  -134.73    1.21913E+00  -167.91
  -24.00     0.00      -6.68    1.41    2.04    0.19278    70.98  RIGHT     4.80509E-01  -134.75    1.21913E+00  -167.76
  -22.00     0.00      -6.49    1.41    2.06    0.19523    70.53  RIGHT     4.91122E-01  -134.76    1.21913E+00  -167.62
  -20.00     0.00      -6.31    1.41    2.09    0.19745    70.12  RIGHT     5.01006E-01  -134.78    1.21913E+00  -167.50
  -18.00     0.00      -6.16    1.41    2.11    0.19943    69.74  RIGHT     5.10112E-01  -134.79    1.21913E+00  -167.38
  -16.00     0.00      -6.02    1.41    2.13    0.20118    69.39  RIGHT     5.18394E-01  -134.81    1.21913E+00  -167.28
  -14.00     0.00      -5.89    1.41    2.15    0.20271    69.09  RIGHT     5.25810E-01  -134.82    1.21913E+00  -167.19
  -12.00     0.00      -5.79    1.41    2.17    0.20403    68.81  RIGHT     5.32321E-01  -134.83    1.21913E+00  -167.11
  -10.00     0.00      -5.70    1.41    2.18    0.20513    68.58  RIGHT     5.37892E-01  -134.84    1.21913E+00  -167.05
   -8.00     0.00      -5.62    1.41    2.19    0.20603    68.39  RIGHT     5.42493E-01  -134.84    1.21913E+00  -166.99
   -6.00     0.00      -5.57    1.41    2.20    0.20672    68.24  RIGHT     5.46098E-01  -134.85    1.21913E+00  -166.95
   -4.00     0.00      -5.53    1.41    2.21    0.20721    68.14  RIGHT     5.48687E-01  -134.85    1.21913E+00  -166.92
   -2.00     0.00      -5.50    1.41    2.21    0.20751    68.07  RIGHT     5.50247E-01  -134.86    1.21913E+00  -166.90
    0.00     0.00      -5.49    1.41    2.22    0.20761    68.05  RIGHT     5.50767E-01  -134.86    1.21913E+00  -166.89
    2.00     0.00      -5.50    1.41    2.21    0.20751    68.07  RIGHT     5.50247E-01  -134.86    1.21913E+00  -166.90
    4.00     0.00      -5.53    1.41    2.21    0.20721    68.14  RIGHT     5.48687E-01  -134.85    1.21913E+00  -166.92
    6.00     0.00      -5.57    1.41    2.20    0.20672    68.24  RIGHT     5.46098E-01  -134.85    1.21913E+00  -166.95
    8.00     0.00      -5.62    1.41    2.19    0.20603    68.39  RIGHT     5.42493E-01  -134.84    1.21913E+00  -166.99
   10.00     0.00      -5.70    1.41    2.18    0.20513    68.58  RIGHT     5.37892E-01  -134.84    1.21913E+00  -167.05
   12.00     0.00      -5.79    1.41    2.17    0.20403    68.81  RIGHT     5.32321E-01  -134.83    1.21913E+00  -167.11
   14.00     0.00      -5.89    1.41    2.15    0.20271    69.09  RIGHT     5.25810E-01  -134.82    1.21913E+00  -167.19
   16.00     0.00      -6.02    1.41    2.13    0.20118    69.39  RIGHT     5.18394E-01  -134.81    1.21913E+00  -167.28
   18.00     0.00      -6.16    1.41    2.11    0.19943    69.74  RIGHT     5.10112E-01  -134.79    1.21913E+00  -167.38
   20.00     0.00      -6.31    1.41    2.09    0.19745    70.12  RIGHT     5.01006E-01  -134.78    1.21913E+00  -167.50
   22.00     0.00      -6.49    1.41    2.06    0.19523    70.53  RIGHT     4.91122E-01  -134.76    1.21913E+00  -167.62
   24.00     0.00      -6.68    1.41    2.04    0.19278    70.98  RIGHT     4.80509E-01  -134.75    1.21913E+00  -167.76
   26.00     0.00      -6.88    1.41    2.01    0.19009    71.45  RIGHT     4.69217E-01  -134.73    1.21913E+00  -167.91
   28.00     0.00      -7.11    1.41    1.98    0.18716    71.95  RIGHT     4.57299E-01  -134.71    1.21913E+00  -168.07
   30.00     0.00      -7.35    1.41    1.95    0.18398    72.47  RIGHT     4.44808E-01  -134.69    1.21913E+00  -168.24
   32.00     0.00      -7.61    1.41    1.92    0.18055    73.02  RIGHT     4.31797E-01  -134.67    1.21913E+00  -168.42
   34.00     0.00      -7.88    1.41    1.89    0.17688    73.59  RIGHT     4.18321E-01  -134.64    1.21913E+00  -168.61
   36.00     0.00      -8.17    1.41    1.86    0.17296    74.17  RIGHT     4.04432E-01  -134.62    1.21913E+00  -168.81
   38.00     0.00      -8.49    1.41    1.83    0.16880    74.77  RIGHT     3.90182E-01  -134.59    1.21913E+00  -169.02
   40.00     0.00      -8.82    1.41    1.80    0.16440    75.38  RIGHT     3.75622E-01  -134.57    1.21913E+00  -169.24
   42.00     0.00      -9.17    1.41    1.77    0.15977    76.00  RIGHT     3.60801E-01  -134.54    1.21913E+00  -169.47
   44.00     0.00      -9.54    1.41    1.75    0.15491    76.62  RIGHT     3.45764E-01  -134.52    1.21913E+00  -169.71
   46.00     0.00      -9.93    1.41    1.72    0.14983    77.26  RIGHT     3.30556E-01  -134.49    1.21913E+00  -169.96
   48.00     0.00     -10.34    1.41    1.69    0.14455    77.89  RIGHT     3.15217E-01  -134.46    1.21913E+00  -170.21
   50.00     0.00     -10.78    1.41    1.66    0.13906    78.53  RIGHT     2.99784E-01  -134.44    1.21913E+00  -170.48
   52.00     0.00     -11.24    1.41    1.64    0.13338    79.17  RIGHT     2.84293E-01  -134.41    1.21913E+00  -170.75
   54.00     0.00     -11.72    1.41    1.62    0.12752    79.80  RIGHT     2.68774E-01  -134.38    1.21913E+00  -171.03
   56.00     0.00     -12.24    1.41    1.59    0.12149    80.43  RIGHT     2.53255E-01  -134.36    1.21913E+00  -171.31
   58.00     0.00     -12.79    1.41    1.57    0.11530    81.06  RIGHT     2.37759E-01  -134.33    1.21913E+00  -171.61
   60.00     0.00     -13.37    1.41    1.55    0.10896    81.68  RIGHT     2.22307E-01  -134.31    1.21913E+00  -171.91
   62.00     0.00     -14.00    1.41    1.53    0.10248    82.29  RIGHT     2.06916E-01  -134.28    1.21913E+00  -172.21
   64.00     0.00     -14.66    1.41    1.52    0.09586    82.90  RIGHT     1.91599E-01  -134.26    1.21913E+00  -172.53
   66.00     0.00     -15.38    1.41    1.50    0.08912    83.50  RIGHT     1.76366E-01  -134.24    1.21913E+00  -172.84
   68.00     0.00     -16.16    1.41    1.48    0.08226    84.09  RIGHT     1.61224E-01  -134.21    1.21913E+00  -173.16
   70.00     0.00     -17.01    1.41    1.47    0.07529    84.67  RIGHT     1.46176E-01  -134.19    1.21913E+00  -173.49
   72.00     0.00     -17.95    1.41    1.46    0.06821    85.24  RIGHT     1.31225E-01  -134.17    1.21913E+00  -173.82
   74.00     0.00     -18.99    1.41    1.45    0.06103    85.80  RIGHT     1.16367E-01  -134.16    1.21913E+00  -174.16
   76.00     0.00     -20.17    1.41    1.44    0.05374    86.36  RIGHT     1.01600E-01  -134.14    1.21913E+00  -174.50
   78.00     0.00     -21.53    1.41    1.43    0.04636    86.90  RIGHT     8.69156E-02  -134.13    1.21913E+00  -174.84
   80.00     0.00     -23.13    1.41    1.42    0.03888    87.44  RIGHT     7.23067E-02  -134.12    1.21913E+00  -175.18
   82.00     0.00     -25.08    1.41    1.42    0.03130    87.96  RIGHT     5.77632E-02  -134.11    1.21913E+00  -175.53
   84.00     0.00     -27.59    1.41    1.41    0.02363    88.48  RIGHT     4.32737E-02  -134.10    1.21913E+00  -175.87
   86.00     0.00     -31.12    1.41    1.41    0.01586    89.00  RIGHT     2.88256E-02  -134.09    1.21913E+00  -176.22
   88.00     0.00     -37.14    1.41    1.41    0.00798    89.50  RIGHT     1.44057E-02  -134.09    1.21913E+00  -176.57
   90.00     0.00    -999.99    1.41    1.41    0.00000   -90.00  LINEAR    2.10580E-12    45.91    1.21913E+00  -176.92
   92.00     0.00     -37.14    1.41    1.41    0.00809   -89.51  LEFT      1.44057E-02    45.91    1.21913E+00  -177.27
   94.00     0.00     -31.12    1.41    1.41    0.01628   -89.02  LEFT      2.88256E-02    45.91    1.21913E+00  -177.62
   96.00     0.00     -27.59    1.41    1.41    0.02458   -88.53  LEFT      4.32737E-02    45.90    1.21913E+00  -177.97
   98.00     0.00     -25.08    1.41    1.42    0.03300   -88.05  LEFT      5.77632E-02    45.89    1.21913E+00  -178.32
  100.00     0.00     -23.13    1.41    1.42    0.04153   -87.58  LEFT      7.23067E-02    45.88    1.21913E+00  -178.66
  102.00     0.00     -21.53    1.41    1.43    0.05017   -87.10  LEFT      8.69156E-02    45.87    1.21913E+00  -179.01
  104.00     0.00     -20.17    1.41    1.44    0.05893   -86.63  LEFT      1.01600E-01    45.86    1.21913E+00  -179.35
  106.00     0.00     -18.99    1.41    1.45    0.06781   -86.16  LEFT      1.16367E-01    45.84    1.21913E+00  -179.68
  108.00     0.00     -17.95    1.41    1.46    0.07679   -85.69  LEFT      1.31225E-01    45.83    1.21913E+00   179.98
  110.00     0.00     -17.01    1.41    1.47    0.08588   -85.22  LEFT      1.46176E-01    45.81    1.21913E+00   179.65
  112.00     0.00     -16.16    1.41    1.48    0.09507   -84.75  LEFT      1.61224E-01    45.79    1.21913E+00   179.32
  114.00     0.00     -15.38    1.41    1.50    0.10436   -84.28  LEFT      1.76366E-01    45.76    1.21913E+00   179.00
  116.00     0.00     -14.66    1.41    1.52    0.11373   -83.81  LEFT      1.91599E-01    45.74    1.21913E+00   178.68
  118.00     0.00     -14.00    1.41    1.53    0.12317   -83.34  LEFT      2.06916E-01    45.72    1.21913E+00   178.37
  120.00     0.00     -13.37    1.41    1.55    0.13268   -82.87  LEFT      2.22307E-01    45.69    1.21913E+00   178.07
  122.00     0.00     -12.79    1.41    1.57    0.14223   -82.40  LEFT      2.37759E-01    45.67    1.21913E+00   177.77
  124.00     0.00     -12.24    1.41    1.59    0.15181   -81.93  LEFT      2.53255E-01    45.64    1.21913E+00   177.47
  126.00     0.00     -11.72    1.41    1.62    0.16139   -81.45  LEFT      2.68774E-01    45.62    1.21913E+00   177.19
  128.00     0.00     -11.24    1.41    1.64    0.17097   -80.98  LEFT      2.84293E-01    45.59    1.21913E+00   176.91
  130.00     0.00     -10.78    1.41    1.66    0.18051   -80.51  LEFT      2.99784E-01    45.56    1.21913E+00   176.63
  132.00     0.00     -10.34    1.41    1.69    0.18999   -80.04  LEFT      3.15217E-01    45.54    1.21913E+00   176.37
  134.00     0.00      -9.93    1.41    1.72    0.19938   -79.57  LEFT      3.30556E-01    45.51    1.21913E+00   176.11
  136.00     0.00      -9.54    1.41    1.75    0.20866   -79.11  LEFT      3.45764E-01    45.48    1.21913E+00   175.87
  138.00     0.00      -9.17    1.41    1.77    0.21779   -78.65  LEFT      3.60801E-01    45.46    1.21913E+00   175.63
  140.00     0.00      -8.82    1.41    1.80    0.22675   -78.19  LEFT      3.75622E-01    45.43    1.21913E+00   175.40
  142.00     0.00      -8.49    1.41    1.83    0.23551   -77.74  LEFT      3.90182E-01    45.41    1.21913E+00   175.18
  144.00     0.00      -8.17    1.41    1.86    0.24403   -77.29  LEFT      4.04432E-01    45.38    1.21913E+00   174.97
  146.00     0.00      -7.88    1.41    1.89    0.25228   -76.86  LEFT      4.18321E-01    45.36    1.21913E+00   174.77
  148.00     0.00      -7.61    1.41    1.92    0.26024   -76.44  LEFT      4.31797E-01    45.33    1.21913E+00   174.58
  150.00     0.00      -7.35    1.41    1.95    0.26788   -76.02  LEFT      4.44808E-01    45.31    1.21913E+00   174.40
  152.00     0.00      -7.11    1.41    1.98    0.27516   -75.62  LEFT      4.57299E-01    45.29    1.21913E+00   174.23
  154.00     0.00      -6.88    1.41    2.01    0.28205   -75.24  LEFT      4.69217E-01    45.27    1.21913E+00   174.07
  156.00     0.00      -6.68    1.41    2.04    0.28855   -74.88  LEFT      4.80509E-01    45.25    1.21913E+00   173.92
  158.00     0.00      -6.49    1.41    2.06    0.29461   -74.53  LEFT      4.91122E-01    45.24    1.21913E+00   173.78
  160.00     0.00      -6.31    1.41    2.09    0.30021   -74.21  LEFT      5.01006E-01    45.22    1.21913E+00   173.66
  162.00     0.00      -6.16    1.41    2.11    0.30534   -73.91  LEFT      5.10112E-01    45.21    1.21913E+00   173.54
  164.00     0.00      -6.02    1.41    2.13    0.30998   -73.64  LEFT      5.18394E-01    45.19    1.21913E+00   173.44
  166.00     0.00      -5.89    1.41    2.15    0.31411   -73.39  LEFT      5.25810E-01    45.18    1.21913E+00   173.35
  168.00     0.00      -5.79    1.41    2.17    0.31772   -73.17  LEFT      5.32321E-01    45.17    1.21913E+00   173.27
  170.00     0.00      -5.70    1.41    2.18    0.32079   -72.99  LEFT      5.37892E-01    45.16    1.21913E+00   173.20
  172.00     0.00      -5.62    1.41    2.19    0.32332   -72.83  LEFT      5.42493E-01    45.16    1.21913E+00   173.15
  174.00     0.00      -5.57    1.41    2.20    0.32529   -72.71  LEFT      5.46098E-01    45.15    1.21913E+00   173.11
  176.00     0.00      -5.53    1.41    2.21    0.32670   -72.62  LEFT      5.48687E-01    45.15    1.21913E+00   173.08
  178.00     0.00      -5.50    1.41    2.21    0.32755   -72.57  LEFT      5.50247E-01    45.14    1.21913E+00   173.06
  180.00     0.00      -5.49    1.41    2.22    0.32784   -72.55  LEFT      5.50767E-01    45.14    1.21913E+00   173.05




                                 - - - - - - FREQUENCY - - - - - -

                                    FREQUENCY= 1.6800E+03 MHZ
                                    WAVELENGTH= 1.7845E-01 METERS




                    APPROXIMATE INTEGRATION EMPLOYED FOR SEGMENTS MORE THAN   1.000 WAVELENGTHS APART

                    THE EXTENDED THIN WIRE KERNEL WILL BE USED



                               - - - STRUCTURE IMPEDANCE LOADING - - -

                                   THIS STRUCTURE IS NOT LOADED



                                  - - - ANTENNA ENVIRONMENT - - -

                                            FREE SPACE



                                - - - MATRIX TIMING - - -

                        FILL=    0.000 SEC.,  FACTOR=    0.000 SEC.



                                            - - - NETWORK DATA - - -

      - FROM -    - TO -           TRANSMISSION LINE               -  -  SHUNT ADMITTANCES (MHOS)  -  -              LINE
      TAG  SEG.   TAG  SEG.      IMPEDANCE      LENGTH            - END ONE -                 - END TWO -            TYPE
      NO.   NO.   NO.   NO.         OHMS        METERS         REAL          IMAG.         REAL          IMAG.
        1    11     2    32     5.0000E+01    4.2500E-02    0.0000E+00    0.0000E+00    0.0000E+00    0.0000E+00   STRAIGHT



                           - - - STRUCTURE EXCITATION DATA AT NETWORK CONNECTION POINTS - - -

   TAG   SEG.    VOLTAGE (VOLTS)         CURRENT (AMPS)         IMPEDANCE (OHMS)        ADMITTANCE (MHOS)      POWER
   NO.   NO.    REAL        IMAG.       REAL        IMAG.       REAL        IMAG.       REAL        IMAG.     (WATTS)
     1    11 1.73854E+00-1.53466E+00 2.28782E-03-1.74637E-02 9.92161E+01 8.65536E+01 5.72334E-03-4.99289E-03 1.53892E-02
     2    32 1.00000E+00 0.00000E+00 5.72334E-03-4.99289E-03 9.92161E+01 8.65536E+01 5.72334E-03-4.99289E-03 2.86167E-03



                                          - - - ANTENNA INPUT PARAMETERS - - -

   TAG   SEG.    VOLTAGE (VOLTS)         CURRENT (AMPS)         IMPEDANCE (OHMS)        ADMITTANCE (MHOS)      POWER
   NO.   NO.    REAL        IMAG.       REAL        IMAG.       REAL        IMAG.       REAL        IMAG.     (WATTS)
     2    32 1.00000E+00 0.00000E+00 3.65018E-02 2.83835E-02 1.70728E+01-1.32757E+01 3.65018E-02 2.83835E-02 1.82509E-02



                             - - - CURRENTS AND LOCATION - - -

                                 DISTANCES IN WAVELENGTHS


  SEG.  TAG    COORD. OF SEG. CENTER     SEG.            - - - CURRENT (AMPS) - - -
  NO.   NO.     X        Y        Z      LENGTH     REAL        IMAG.       MAG.        PHASE
     1    1   0.0000  -0.2482   0.0280  0.02482  -8.7830E-05 -2.2519E-03  2.2536E-03  -92.234
     2    1   0.0000  -0.2233   0.0280  0.02482  -1.6358E-04 -5.5349E-03  5.5373E-03  -91.693
     3    1   0.0000  -0.1985   0.0280  0.02482  -1.6176E-04 -8.3474E-03  8.3490E-03  -91.110
     4    1   0.0000  -0.1737   0.0280  0.02482  -9.1968E-05 -1.0848E-02  1.0849E-02  -90.486
     5    1   0.0000  -0.1489   0.0280  0.02482   4.4475E-05 -1.3023E-02  1.3023E-02  -89.804
     6    1   0.0000  -0.1241   0.0280  0.02482   2.4676E-04 -1.4840E-02  1.4842E-02  -89.047
     7    1   0.0000  -0.0993   0.0280  0.02482   5.1435E-04 -1.6267E-02  1.6275E-02  -88.189
     8    1   0.0000  -0.0744   0.0280  0.02482   8.4788E-04 -1.7271E-02  1.7291E-02  -87.189
     9    1   0.0000  -0.0496   0.0280  0.02482   1.2524E-03 -1.7819E-02  1.7863E-02  -85.980
    10    1   0.0000  -0.0248   0.0280  0.02482   1.7618E-03 -1.7854E-02  1.7941E-02  -84.365
    11    1   0.0000   0.0000   0.0280  0.02482   2.2878E-03 -1.7464E-02  1.7613E-02  -82.537
    12    1   0.0000   0.0248   0.0280  0.02482   1.7618E-03 -1.7854E-02  1.7941E-02  -84.365
    13    1   0.0000   0.0496   0.0280  0.02482   1.2524E-03 -1.7819E-02  1.7863E-02  -85.980
    14    1   0.0000   0.0744   0.0280  0.02482   8.4788E-04 -1.7271E-02  1.7291E-02  -87.189
    15    1   0.0000   0.0993   0.0280  0.02482   5.1435E-04 -1.6267E-02  1.6275E-02  -88.189
    16    1   0.0000   0.1241   0.0280  0.02482   2.4676E-04 -1.4840E-02  1.4842E-02  -89.047
    17    1   0.0000   0.1489   0.0280  0.02482   4.4475E-05 -1.3023E-02  1.3023E-02  -89.804
    18    1   0.0000   0.1737   0.0280  0.02482  -9.1968E-05 -1.0848E-02  1.0849E-02  -90.486
    19    1   0.0000   0.1985   0.0280  0.02482  -1.6176E-04 -8.3474E-03  8.3490E-03  -91.110
    20    1   0.0000   0.2233   0.0280  0.02482  -1.6358E-04 -5.5349E-03  5.5373E-03  -91.693
    21    1   0.0000   0.2482   0.0280  0.02482  -8.7830E-05 -2.2519E-03  2.2536E-03  -92.234
    22    2  -0.2482   0.0000   0.0000  0.02482   6.1425E-04 -7.5308E-04  9.7182E-04  -50.798
    23    2  -0.2233   0.0000   0.0000  0.02482   1.5266E-03 -1.8360E-03  2.3878E-03  -50.257
    24    2  -0.1985   0.0000   0.0000  0.02482   2.3298E-03 -2.7448E-03  3.6003E-03  -49.674
    25    2  -0.1737   0.0000   0.0000  0.02482   3.0661E-03 -3.5333E-03  4.6782E-03  -49.050
    26    2  -0.1489   0.0000   0.0000  0.02482   3.7307E-03 -4.1974E-03  5.6157E-03  -48.368
    27    2  -0.1241   0.0000   0.0000  0.02482   4.3148E-03 -4.7272E-03  6.4003E-03  -47.611
    28    2  -0.0993   0.0000   0.0000  0.02482   4.8084E-03 -5.1121E-03  7.0181E-03  -46.753
    29    2  -0.0744   0.0000   0.0000  0.02482   5.2027E-03 -5.3414E-03  7.4564E-03  -45.753
    30    2  -0.0496   0.0000   0.0000  0.02482   5.4900E-03 -5.4033E-03  7.7029E-03  -44.544
    31    2  -0.0248   0.0000   0.0000  0.02482   5.6647E-03 -5.2692E-03  7.7365E-03  -42.929
    32    2   0.0000   0.0000   0.0000  0.02482   5.7233E-03 -4.9929E-03  7.5951E-03  -41.101
    33    2   0.0248   0.0000   0.0000  0.02482   5.6647E-03 -5.2692E-03  7.7365E-03  -42.929
    34    2   0.0496   0.0000   0.0000  0.02482   5.4900E-03 -5.4033E-03  7.7029E-03  -44.544
    35    2   0.0744   0.0000   0.0000  0.02482   5.2027E-03 -5.3414E-03  7.4564E-03  -45.753
    36    2   0.0993   0.0000   0.0000  0.02482   4.8084E-03 -5.1121E-03  7.0181E-03  -46.753
    37    2   0.1241   0.0000   0.0000  0.02482   4.3148E-03 -4.7272E-03  6.4003E-03  -47.611
    38    2   0.1489   0.0000   0.0000  0.02482   3.7307E-03 -4.1974E-03  5.6157E-03  -48.368
    39    2   0.1737   0.0000   0.0000  0.02482   3.0661E-03 -3.5333E-03  4.6782E-03  -49.050
    40    2   0.1985   0.0000   0.0000  0.02482   2.3298E-03 -2.7448E-03  3.6003E-03  -49.674
    41    2   0.2233   0.0000   0.0000  0.02482   1.5266E-03 -1.8360E-03  2.3878E-03  -50.257
    42    2   0.2482   0.0000   0.0000  0.02482   6.1425E-04 -7.5308E-04  9.7182E-04  -50.798



                                        - - - POWER BUDGET - - -

                                           INPUT POWER   = 1.8251E-02 WATTS
                                           RADIATED POWER= 1.8251E-02 WATTS
                                           STRUCTURE LOSS= 0.0000E+00 WATTS
                                           NETWORK LOSS  =-6.5919E-17 WATTS
                                           EFFICIENCY    = 100.00 PERCENT



                                                - - - RADIATION PATTERNS - - -

  - - ANGLES - -           - POWER GAINS -       - - - POLARIZATION - - -    - - - E(THETA) - - -    - - - E(PHI) - - -
  THETA     PHI        VERT.   HOR.    TOTAL      AXIAL     TILT   SENSE     MAGNITUDE    PHASE      MAGNITUDE    PHASE 
 DEGREES  DEGREES       DB      DB      DB        RATIO     DEG.              VOLTS/M    DEGREES      VOLTS/M    DEGREES
 -180.00     0.00      -5.82    1.48    2.22    0.31244   -73.30  LEFT      5.34997E-01    43.73    1.24065E+00   172.21
 -178.00     0.00      -5.83    1.48    2.22    0.31216   -73.32  LEFT      5.34488E-01    43.73    1.24065E+00   172.21
 -176.00     0.00      -5.86    1.48    2.22    0.31134   -73.37  LEFT      5.32966E-01    43.73    1.24065E+00   172.23
 -174.00     0.00      -5.90    1.48    2.21    0.30996   -73.45  LEFT      5.30438E-01    43.74    1.24065E+00   172.26
 -172.00     0.00      -5.96    1.48    2.20    0.30804   -73.57  LEFT      5.26919E-01    43.74    1.24065E+00   172.31
 -170.00     0.00      -6.03    1.48    2.19    0.30559   -73.71  LEFT      5.22428E-01    43.75    1.24065E+00   172.36
 -168.00     0.00      -6.12    1.48    2.18    0.30260   -73.89  LEFT      5.16991E-01    43.76    1.24065E+00   172.43
 -166.00     0.00      -6.23    1.48    2.16    0.29910   -74.10  LEFT      5.10637E-01    43.77    1.24065E+00   172.51
 -164.00     0.00      -6.35    1.48    2.14    0.29509   -74.33  LEFT      5.03400E-01    43.78    1.24065E+00   172.60
 -162.00     0.00      -6.49    1.48    2.12    0.29060   -74.59  LEFT      4.95318E-01    43.80    1.24065E+00   172.70
 -160.00     0.00      -6.65    1.48    2.10    0.28563   -74.87  LEFT      4.86435E-01    43.81    1.24065E+00   172.82
 -158.00     0.00      -6.82    1.48    2.08    0.28020   -75.18  LEFT      4.76794E-01    43.83    1.24065E+00   172.94
 -156.00     0.00      -7.02    1.48    2.06    0.27435   -75.51  LEFT      4.66443E-01    43.85    1.24065E+00   173.08
 -154.00     0.00      -7.22    1.48    2.03    0.26808   -75.86  LEFT      4.55433E-01    43.86    1.24065E+00   173.23
 -152.00     0.00      -7.45    1.48    2.00    0.26142   -76.22  LEFT      4.43814E-01    43.88    1.24065E+00   173.39
 -150.00     0.00      -7.69    1.48    1.98    0.25441   -76.60  LEFT      4.31639E-01    43.91    1.24065E+00   173.56
 -148.00     0.00      -7.95    1.48    1.95    0.24706   -76.99  LEFT      4.18960E-01    43.93    1.24065E+00   173.74
 -146.00     0.00      -8.22    1.48    1.92    0.23940   -77.40  LEFT      4.05831E-01    43.95    1.24065E+00   173.93
 -144.00     0.00      -8.52    1.48    1.90    0.23147   -77.81  LEFT      3.92303E-01    43.98    1.24065E+00   174.13
 -142.00     0.00      -8.83    1.48    1.87    0.22329   -78.23  LEFT      3.78428E-01    44.00    1.24065E+00   174.35
 -140.00     0.00      -9.16    1.48    1.84    0.21490   -78.67  LEFT      3.64254E-01    44.03    1.24065E+00   174.57
 -138.00     0.00      -9.51    1.48    1.81    0.20632   -79.10  LEFT      3.49830E-01    44.05    1.24065E+00   174.80
 -136.00     0.00      -9.89    1.48    1.79    0.19758   -79.54  LEFT      3.35200E-01    44.08    1.24065E+00   175.04
 -134.00     0.00     -10.28    1.48    1.76    0.18871   -79.99  LEFT      3.20408E-01    44.11    1.24065E+00   175.29
 -132.00     0.00     -10.69    1.48    1.74    0.17975   -80.44  LEFT      3.05494E-01    44.14    1.24065E+00   175.55
 -130.00     0.00     -11.13    1.48    1.71    0.17070   -80.89  LEFT      2.90493E-01    44.16    1.24065E+00   175.81
 -128.00     0.00     -11.59    1.48    1.69    0.16161   -81.34  LEFT      2.75441E-01    44.19    1.24065E+00   176.09
 -126.00     0.00     -12.08    1.48    1.67    0.15250   -81.79  LEFT      2.60366E-01    44.22    1.24065E+00   176.37
 -124.00     0.00     -12.60    1.48    1.65    0.14338   -82.24  LEFT      2.45296E-01    44.25    1.24065E+00   176.65
 -122.00     0.00     -13.15    1.48    1.63    0.13428   -82.70  LEFT      2.30255E-01    44.27    1.24065E+00   176.95
 -120.00     0.00     -13.73    1.48    1.61    0.12521   -83.15  LEFT      2.15260E-01    44.30    1.24065E+00   177.25
 -118.00     0.00     -14.36    1.48    1.59    0.11620   -83.60  LEFT      2.00330E-01    44.33    1.24065E+00   177.56
 -116.00     0.00     -15.03    1.48    1.58    0.10725   -84.05  LEFT      1.85476E-01    44.35    1.24065E+00   177.87
 -114.00     0.00     -15.75    1.48    1.56    0.09838   -84.50  LEFT      1.70709E-01    44.37    1.24065E+00   178.19
 -112.00     0.00     -16.53    1.48    1.55    0.08959   -84.96  LEFT      1.56034E-01    44.40    1.24065E+00   178.52
 -110.00     0.00     -17.38    1.48    1.54    0.08090   -85.41  LEFT      1.41456E-01    44.42    1.24065E+00   178.85
 -108.00     0.00     -18.32    1.48    1.53    0.07232   -85.86  LEFT      1.26974E-01    44.44    1.24065E+00   179.18
 -106.00     0.00     -19.36    1.48    1.52    0.06383   -86.31  LEFT      1.12588E-01    44.45    1.24065E+00   179.51
 -104.00     0.00     -20.54    1.48    1.51    0.05547   -86.76  LEFT      9.82917E-02    44.47    1.24065E+00   179.86
 -102.00     0.00     -21.90    1.48    1.50    0.04721   -87.22  LEFT      8.40796E-02    44.48    1.24065E+00  -179.80
 -100.00     0.00     -23.50    1.48    1.50    0.03906   -87.67  LEFT      6.99430E-02    44.49    1.24065E+00  -179.46
  -98.00     0.00     -25.45    1.48    1.49    0.03103   -88.13  LEFT      5.58721E-02    44.50    1.24065E+00  -179.11
  -96.00     0.00     -27.96    1.48    1.49    0.02311   -88.59  LEFT      4.18552E-02    44.51    1.24065E+00  -178.76
  -94.00     0.00     -31.49    1.48    1.48    0.01530   -89.06  LEFT      2.78800E-02    44.52    1.24065E+00  -178.41
  -92.00     0.00     -37.51    1.48    1.48    0.00760   -89.53  LEFT      1.39329E-02    44.52    1.24065E+00  -178.06
  -90.00     0.00    -999.99    1.48    1.48    0.00000   -90.00  LINEAR    2.03666E-12    44.52    1.24065E+00  -177.70
  -88.00     0.00     -37.51    1.48    1.48    0.00750    89.52  RIGHT     1.39329E-02  -135.48    1.24065E+00  -177.35
  -86.00     0.00     -31.49    1.48    1.48    0.01489    89.04  RIGHT     2.78800E-02  -135.48    1.24065E+00  -177.00
  -84.00     0.00     -27.96    1.48    1.49    0.02219    88.54  RIGHT     4.18552E-02  -135.49    1.24065E+00  -176.65
  -82.00     0.00     -25.45    1.48    1.49    0.02940    88.05  RIGHT     5.58721E-02  -135.50    1.24065E+00  -176.30
  -80.00     0.00     -23.50    1.48    1.50    0.03651    87.54  RIGHT     6.99430E-02  -135.51    1.24065E+00  -175.95
  -78.00     0.00     -21.90    1.48    1.50    0.04353    87.03  RIGHT     8.40796E-02  -135.52    1.24065E+00  -175.61
  -76.00     0.00     -20.54    1.48    1.51    0.05045    86.50  RIGHT     9.82917E-02  -135.53    1.24065E+00  -175.26
  -74.00     0.00     -19.36    1.48    1.52    0.05729    85.97  RIGHT     1.12588E-01  -135.55    1.24065E+00  -174.92
  -72.00     0.00     -18.32    1.48    1.53    0.06403    85.44  RIGHT     1.26974E-01  -135.56    1.24065E+00  -174.59
  -70.00     0.00     -17.38    1.48    1.54    0.07068    84.89  RIGHT     1.41456E-01  -135.58    1.24065E+00  -174.25
  -68.00     0.00     -16.53    1.48    1.55    0.07723    84.33  RIGHT     1.56034E-01  -135.60    1.24065E+00  -173.93
  -66.00     0.00     -15.75    1.48    1.56    0.08367    83.77  RIGHT     1.70709E-01  -135.63    1.24065E+00  -173.60
  -64.00     0.00     -15.03    1.48    1.58    0.09001    83.19  RIGHT     1.85476E-01  -135.65    1.24065E+00  -173.28
  -62.00     0.00     -14.36    1.48    1.59    0.09623    82.61  RIGHT     2.00330E-01  -135.67    1.24065E+00  -172.97
  -60.00     0.00     -13.73    1.48    1.61    0.10234    82.02  RIGHT     2.15260E-01  -135.70    1.24065E+00  -172.66
  -58.00     0.00     -13.15    1.48    1.63    0.10831    81.43  RIGHT     2.30255E-01  -135.73    1.24065E+00  -172.36
  -56.00     0.00     -12.60    1.48    1.65    0.11414    80.83  RIGHT     2.45296E-01  -135.75    1.24065E+00  -172.06
  -54.00     0.00     -12.08    1.48    1.67    0.11983    80.22  RIGHT     2.60366E-01  -135.78    1.24065E+00  -171.78
  -52.00     0.00     -11.59    1.48    1.69    0.12537    79.61  RIGHT     2.75441E-01  -135.81    1.24065E+00  -171.49
  -50.00     0.00     -11.13    1.48    1.71    0.13074    79.00  RIGHT     2.90493E-01  -135.84    1.24065E+00  -171.22
  -48.00     0.00     -10.69    1.48    1.74    0.13593    78.39  RIGHT     3.05494E-01  -135.86    1.24065E+00  -170.96
  -46.00     0.00     -10.28    1.48    1.76    0.14094    77.78  RIGHT     3.20408E-01  -135.89    1.24065E+00  -170.70
  -44.00     0.00      -9.89    1.48    1.79    0.14576    77.17  RIGHT     3.35200E-01  -135.92    1.24065E+00  -170.45
  -42.00     0.00      -9.51    1.48    1.81    0.15038    76.57  RIGHT     3.49830E-01  -135.95    1.24065E+00  -170.21
  -40.00     0.00      -9.16    1.48    1.84    0.15479    75.98  RIGHT     3.64254E-01  -135.97    1.24065E+00  -169.98
  -38.00     0.00      -8.83    1.48    1.87    0.15899    75.39  RIGHT     3.78428E-01  -136.00    1.24065E+00  -169.76
  -36.00     0.00      -8.52    1.48    1.90    0.16297    74.82  RIGHT     3.92303E-01  -136.02    1.24065E+00  -169.54
  -34.00     0.00      -8.22    1.48    1.92    0.16672    74.26  RIGHT     4.05831E-01  -136.05    1.24065E+00  -169.34
  -32.00     0.00      -7.95    1.48    1.95    0.17024    73.72  RIGHT     4.18960E-01  -136.07    1.24065E+00  -169.15
  -30.00     0.00      -7.69    1.48    1.98    0.17353    73.19  RIGHT     4.31639E-01  -136.09    1.24065E+00  -168.97
  -28.00     0.00      -7.45    1.48    2.00    0.17660    72.69  RIGHT     4.43814E-01  -136.12    1.24065E+00  -168.80
  -26.00     0.00      -7.22    1.48    2.03    0.17943    72.21  RIGHT     4.55433E-01  -136.14    1.24065E+00  -168.64
  -24.00     0.00      -7.02    1.48    2.06    0.18203    71.75  RIGHT     4.66443E-01  -136.15    1.24065E+00  -168.49
  -22.00     0.00      -6.82    1.48    2.08    0.18440    71.32  RIGHT     4.76794E-01  -136.17    1.24065E+00  -168.35
  -20.00     0.00      -6.65    1.48    2.10    0.18655    70.93  RIGHT     4.86435E-01  -136.19    1.24065E+00  -168.23
  -18.00     0.00      -6.49    1.48    2.12    0.18848    70.56  RIGHT     4.95318E-01  -136.20    1.24065E+00  -168.11
  -16.00     0.00      -6.35    1.48    2.14    0.19019    70.23  RIGHT     5.03400E-01  -136.22    1.24065E+00  -168.01
  -14.00     0.00      -6.23    1.48    2.16    0.19168    69.93  RIGHT     5.10637E-01  -136.23    1.24065E+00  -167.92
  -12.00     0.00      -6.12    1.48    2.18    0.19297    69.67  RIGHT     5.16991E-01  -136.24    1.24065E+00  -167.84
  -10.00     0.00      -6.03    1.48    2.19    0.19405    69.45  RIGHT     5.22428E-01  -136.25    1.24065E+00  -167.77
   -8.00     0.00      -5.96    1.48    2.20    0.19492    69.26  RIGHT     5.26919E-01  -136.26    1.24065E+00  -167.72
   -6.00     0.00      -5.90    1.48    2.21    0.19560    69.12  RIGHT     5.30438E-01  -136.26    1.24065E+00  -167.67
   -4.00     0.00      -5.86    1.48    2.22    0.19608    69.01  RIGHT     5.32966E-01  -136.27    1.24065E+00  -167.64
   -2.00     0.00      -5.83    1.48    2.22    0.19637    68.95  RIGHT     5.34488E-01  -136.27    1.24065E+00  -167.62
    0.00     0.00      -5.82    1.48    2.22    0.19647    68.93  RIGHT     5.34997E-01  -136.27    1.24065E+00  -167.62
    2.00     0.00      -5.83    1.48    2.22    0.19637    68.95  RIGHT     5.34488E-01  -136.27    1.24065E+00  -167.62
    4.00     0.00      -5.86    1.48    2.22    0.19608    69.01  RIGHT     5.32966E-01  -136.27    1.24065E+00  -167.64
    6.00     0.00      -5.90    1.48    2.21    0.19560    69.12  RIGHT     5.30438E-01  -136.26    1.24065E+00  -167.67
    8.00     0.00      -5.96    1.48    2.20    0.19492    69.26  RIGHT     5.26919E-01  -136.26    1.24065E+00  -167.72
   10.00     0.00      -6.03    1.48    2.19    0.19405    69.45  RIGHT     5.22428E-01  -136.25    1.24065E+00  -167.77
   12.00     0.00      -6.12    1.48    2.18    0.19297    69.67  RIGHT     5.16991E-01  -136.24    1.24065E+00  -167.84
   14.00     0.00      -6.23    1.48    2.16    0.19168    69.93  RIGHT     5.10637E-01  -136.23    1.24065E+00  -167.92
   16.00     0.00      -6.35    1.48    2.14    0.19019    70.23  RIGHT     5.03400E-01  -136.22    1.24065E+00  -168.01
   18.00     0.00      -6.49    1.48    2.12    0.18848    70.56  RIGHT     4.95318E-01  -136.20    1.24065E+00  -168.11
   20.00     0.00      -6.65    1.48    2.10    0.18655    70.93  RIGHT     4.86435E-01  -136.19    1.24065E+00  -168.23
   22.00     0.00      -6.82    1.48    2.08    0.18440    71.32  RIGHT     4.76794E-01  -136.17    1.24065E+00  -168.35
   24.00     0.00      -7.02    1.48    2.06    0.18203    71.75  RIGHT     4.66443E-01  -136.15    1.24065E+00  -168.49
   26.00     0.00      -7.22    1.48    2.03    0.17943    72.21  RIGHT     4.55433E-01  -136.14    1.24065E+00  -168.64
   28.00     0.00      -7.45    1.48    2.00    0.17660    72.69  RIGHT     4.43814E-01  -136.12    1.24065E+00  -168.80
   30.00     0.00      -7.69    1.48    1.98    0.17353    73.19  RIGHT     4.31639E-01  -136.09    1.24065E+00  -168.97
   32.00     0.00      -7.95    1.48    1.95    0.17024    73.72  RIGHT     4.18960E-01  -136.07    1.24065E+00  -169.15
   34.00     0.00      -8.22    1.48    1.92    0.16672    74.26  RIGHT     4.05831E-01  -136.05    1.24065E+00  -169.34
   36.00     0.00      -8.52    1.48    1.90    0.16297    74.82  RIGHT     3.92303E-01  -136.02    1.24065E+00  -169.54
   38.00     0.00      -8.83    1.48    1.87    0.15899    75.39  RIGHT     3.78428E-01  -136.00    1.24065E+00  -169.76
   40.00     0.00      -9.16    1.48    1.84    0.15479    75.98  RIGHT     3.64254E-01  -135.97    1.24065E+00  -169.98
   42.00     0.00      -9.51    1.48    1.81    0.15038    76.57  RIGHT     3.49830E-01  -135.95    1.24065E+00  -170.21
   44.00     0.00      -9.89    1.48    1.79    0.14576    77.17  RIGHT     3.35200E-01  -135.92    1.24065E+00  -170.45
   46.00     0.00     -10.28    1.48    1.76    0.14094    77.78  RIGHT     3.20408E-01  -135.89    1.24065E+00  -170.70
   48.00     0.00     -10.69    1.48    1.74    0.13593    78.39  RIGHT     3.05494E-01  -135.86    1.24065E+00  -170.96
   50.00     0.00     -11.13    1.48    1.71    0.13074    79.00  RIGHT     2.90493E-01  -135.84    1.24065E+00  -171.22
   52.00     0.00     -11.59    1.48    1.69    0.12537    79.61  RIGHT     2.75441E-01  -135.81    1.24065E+00  -171.49
   54.00     0.00     -12.08    1.48    1.67    0.11983    80.22  RIGHT     2.60366E-01  -135.78    1.24065E+00  -171.78
   56.00     0.00     -12.60    1.48    1.65    0.11414    80.83  RIGHT     2.45296E-01  -135.75    1.24065E+00  -172.06
   58.00     0.00     -13.15    1.48    1.63    0.10831    81.43  RIGHT     2.30255E-01  -135.73    1.24065E+00  -172.36
   60.00     0.00     -13.73    1.48    1.61    0.10234    82.02  RIGHT     2.15260E-01  -135.70    1.24065E+00  -172.66
   62.00     0.00     -14.36    1.48    1.59    0.09623    82.61  RIGHT     2.00330E-01  -135.67    1.24065E+00  -172.97
   64.00     0.00     -15.03    1.48    1.58    0.09001    83.19  RIGHT     1.85476E-01  -135.65    1.24065E+00  -173.28
   66.00     0.00     -15.75    1.48    1.56    0.08367    83.77  RIGHT     1.70709E-01  -135.63    1.24065E+00  -173.60
   68.00     0.00     -16.53    1.48    1.55    0.07723    84.33  RIGHT     1.56034E-01  -135.60    1.24065E+00  -173.93
   70.00     0.00     -17.38    1.48    1.54    0.07068    84.89  RIGHT     1.41456E-01  -135.58    1.24065E+00  -174.25
   72.00     0.00     -18.32    1.48    1.53    0.06403    85.44  RIGHT     1.26974E-01  -135.56    1.24065E+00  -174.59
   74.00     0.00     -19.36    1.48    1.52    0.05729    85.97  RIGHT     1.12588E-01  -135.55    1.24065E+00  -174.92
   76.00     0.00     -20.54    1.48    1.51    0.05045    86.50  RIGHT     9.82917E-02  -135.53    1.24065E+00  -175.26
   78.00     0.00     -21.90    1.48    1.50    0.04353    87.03  RIGHT     8.40796E-02  -135.52    1.24065E+00  -175.61
   80.00     0.00     -23.50    1.48    1.50    0.03651    87.54  RIGHT     6.99430E-02  -135.51    1.24065E+00  -175.95
   82.00     0.00     -25.45    1.48    1.49    0.02940    88.05  RIGHT     5.58721E-02  -135.50    1.24065E+00  -176.30
   84.00     0.00     -27.96    1.48    1.49    0.02219    88.54  RIGHT     4.18552E-02  -135.49    1.24065E+00  -176.65
   86.00     0.00     -31.49    1.48    1.48    0.01489    89.04  RIGHT     2.78800E-02  -135.48    1.24065E+00  -177.00
   88.00     0.00     -37.51    1.48    1.48    0.00750    89.52  RIGHT     1.39329E-02  -135.48    1.24065E+00  -177.35
   90.00     0.00    -999.99    1.48    1.48    0.00000   -90.00  LINEAR    2.03666E-12    44.52    1.24065E+00  -177.70
   92.00     0.00     -37.51    1.48    1.48    0.00760   -89.53  LEFT      1.39329E-02    44.52    1.24065E+00  -178.06
   94.00     0.00     -31.49    1.48    1.48    0.01530   -89.06  LEFT      2.78800E-02    44.52    1.24065E+00  -178.41
   96.00     0.00     -27.96    1.48    1.49    0.02311   -88.59  LEFT      4.18552E-02    44.51    1.24065E+00  -178.76
   98.00     0.00     -25.45    1.48    1.49    0.03103   -88.13  LEFT      5.58721E-02    44.50    1.24065E+00  -179.11
  100.00     0.00     -23.50    1.48    1.50    0.03906   -87.67  LEFT      6.99430E-02    44.49    1.24065E+00  -179.46
  102.00     0.00     -21.90    1.48    1.50    0.04721   -87.22  LEFT      8.40796E-02    44.48    1.24065E+00  -179.80
  104.00     0.00     -20.54    1.48    1.51    0.05547   -86.76  LEFT      9.82917E-02    44.47    1.24065E+00   179.86
  106.00     0.00     -19.36    1.48    1.52    0.06383   -86.31  LEFT      1.12588E-01    44.45    1.24065E+00   179.51
  108.00     0.00     -18.32    1.48    1.53    0.07232   -85.86  LEFT      1.26974E-01    44.44    1.24065E+00   179.18
  110.00     0.00     -17.38    1.48    1.54    0.08090   -85.41  LEFT      1.41456E-01    44.42    1.24065E+00   178.85
  112.00     0.00     -16.53    1.48    1.55    0.08959   -84.96  LEFT      1.56034E-01    44.40    1.24065E+00   178.52
  114.00     0.00     -15.75    1.48    1.56    0.09838   -84.50  LEFT      1.70709E-01    44.37    1.24065E+00   178.19
  116.00     0.00     -15.03    1.48    1.58    0.10725   -84.05  LEFT      1.85476E-01    44.35    1.24065E+00   177.87
  118.00     0.00     -14.36    1.48    1.59    0.11620   -83.60  LEFT      2.00330E-01    44.33    1.24065E+00   177.56
  120.00     0.00     -13.73    1.48    1.61    0.12521   -83.15  LEFT      2.15260E-01    44.30    1.24065E+00   177.25
  122.00     0.00     -13.15    1.48    1.63    0.13428   -82.70  LEFT      2.30255E-01    44.27    1.24065E+00   176.95
  124.00     0.00     -12.60    1.48    1.65    0.14338   -82.24  LEFT      2.45296E-01    44.25    1.24065E+00   176.65
  126.00     0.00     -12.08    1.48    1.67    0.15250   -81.79  LEFT      2.60366E-01    44.22    1.24065E+00   176.37
  128.00     0.00     -11.59    1.48    1.69    0.16161   -81.34  LEFT      2.75441E-01    44.19    1.24065E+00   176.09
  130.00     0.00     -11.13    1.48    1.71    0.17070   -80.89  LEFT      2.90493E-01    44.16    1.24065E+00   175.81
  132.00     0.00     -10.69    1.48    1.74    0.17975   -80.44  LEFT      3.05494E-01    44.14    1.24065E+00   175.55
  134.00     0.00     -10.28    1.48    1.76    0.18871   -79.99  LEFT      3.20408E-01    44.11    1.24065E+00   175.29
  136.00     0.00      -9.89    1.48    1.79    0.19758   -79.54  LEFT      3.35200E-01    44.08    1.24065E+00   175.04
  138.00     0.00      -9.51    1.48    1.81    0.20632   -79.10  LEFT      3.49830E-01    44.05    1.24065E+00   174.80
  140.00     0.00      -9.16    1.48    1.84    0.21490   -78.67  LEFT      3.64254E-01    44.03    1.24065E+00   174.57
  142.00     0.00      -8.83    1.48    1.87    0.22329   -78.23  LEFT      3.78428E-01    44.00    1.24065E+00   174.35
  144.00     0.00      -8.52    1.48    1.90    0.23147   -77.81  LEFT      3.92303E-01    43.98    1.24065E+00   174.13
  146.00     0.00      -8.22    1.48    1.92    0.23940   -77.40  LEFT      4.05831E-01    43.95    1.24065E+00   173.93
  148.00     0.00      -7.95    1.48    1.95    0.24706   -76.99  LEFT      4.18960E-01    43.93    1.24065E+00   173.74
  150.00     0.00      -7.69    1.48    1.98    0.25441   -76.60  LEFT      4.31639E-01    43.91    1.24065E+00   173.56
  152.00     0.00      -7.45    1.48    2.00    0.26142   -76.22  LEFT      4.43814E-01    43.88    1.24065E+00   173.39
  154.00     0.00      -7.22    1.48    2.03    0.26808   -75.86  LEFT      4.55433E-01    43.86    1.24065E+00   173.23
  156.00     0.00      -7.02    1.48    2.06    0.27435   -75.51  LEFT      4.66443E-01    43.85    1.24065E+00   173.08
  158.00     0.00      -6.82    1.48    2.08    0.28020   -75.18  LEFT      4.76794E-01    43.83    1.24065E+00   172.94
  160.00     0.00      -6.65    1.48    2.10    0.28563   -74.87  LEFT      4.86435E-01    43.81    1.24065E+00   172.82
  162.00     0.00      -6.49    1.48    2.12    0.29060   -74.59  LEFT      4.95318E-01    43.80    1.24065E+00   172.70
  164.00     0.00      -6.35    1.48    2.14    0.29509   -74.33  LEFT      5.03400E-01    43.78    1.24065E+00   172.60
  166.00     0.00      -6.23    1.48    2.16    0.29910   -74.10  LEFT      5.10637E-01    43.77    1.24065E+00   172.51
  168.00     0.00      -6.12    1.48    2.18    0.30260   -73.89  LEFT      5.16991E-01    43.76    1.24065E+00   172.43
  170.00     0.00      -6.03    1.48    2.19    0.30559   -73.71  LEFT      5.22428E-01    43.75    1.24065E+00   172.36
  172.00     0.00      -5.96    1.48    2.20    0.30804   -73.57  LEFT      5.26919E-01    43.74    1.24065E+00   172.31
  174.00     0.00      -5.90    1.48    2.21    0.30996   -73.45  LEFT      5.30438E-01    43.74    1.24065E+00   172.26
  176.00     0.00      -5.86    1.48    2.22    0.31134   -73.37  LEFT      5.32966E-01    43.73    1.24065E+00   172.23
  178.00     0.00      -5.83    1.48    2.22    0.31216   -73.32  LEFT      5.34488E-01    43.73    1.24065E+00   172.21
  180.00     0.00      -5.82    1.48    2.22    0.31244   -73.30  LEFT      5.34997E-01    43.73    1.24065E+00   172.21




                                 - - - - - - FREQUENCY - - - - - -

                                    FREQUENCY= 1.6900E+03 MHZ
                                    WAVELENGTH= 1.7740E-01 METERS




                    APPROXIMATE INTEGRATION EMPLOYED FOR SEGMENTS MORE THAN   1.000 WAVELENGTHS APART

                    THE EXTENDED THIN WIRE KERNEL WILL BE USED



                               - - - STRUCTURE IMPEDANCE LOADING - - -

                                   THIS STRUCTURE IS NOT LOADED



                                  - - - ANTENNA ENVIRONMENT - - -

                                            FREE SPACE



                                - - - MATRIX TIMING - - -

                        FILL=    0.000 SEC.,  FACTOR=    0.016 SEC.



                                            - - - NETWORK DATA - - -

      - FROM -    - TO -           TRANSMISSION LINE               -  -  SHUNT ADMITTANCES (MHOS)  -  -              LINE
      TAG  SEG.   TAG  SEG.      IMPEDANCE      LENGTH            - END ONE -                 - END TWO -            TYPE
      NO.   NO.   NO.   NO.         OHMS        METERS         REAL          IMAG.         REAL          IMAG.
        1    11     2    32     5.0000E+01    4.2500E-02    0.0000E+00    0.0000E+00    0.0000E+00    0.0000E+00   STRAIGHT



                           - - - STRUCTURE EXCITATION DATA AT NETWORK CONNECTION POINTS - - -

   TAG   SEG.    VOLTAGE (VOLTS)         CURRENT (AMPS)         IMPEDANCE (OHMS)        ADMITTANCE (MHOS)      POWER
   NO.   NO.    REAL        IMAG.       REAL        IMAG.       REAL        IMAG.       REAL        IMAG.     (WATTS)
     1    11 1.83682E+00-1.59377E+00 2.09063E-03-1.76335E-02 1.01309E+02 9.21549E+01 5.40141E-03-4.91335E-03 1.59720E-02
     2    32 1.00000E+00 0.00000E+00 5.40141E-03-4.91335E-03 1.01309E+02 9.21549E+01 5.40141E-03-4.91335E-03 2.70070E-03



                                          - - - ANTENNA INPUT PARAMETERS - - -

   TAG   SEG.    VOLTAGE (VOLTS)         CURRENT (AMPS)         IMPEDANCE (OHMS)        ADMITTANCE (MHOS)      POWER
   NO.   NO.    REAL        IMAG.       REAL        IMAG.       REAL        IMAG.       REAL        IMAG.     (WATTS)
     2    32 1.00000E+00 0.00000E+00 3.73454E-02 3.05902E-02 1.60251E+01-1.31264E+01 3.73454E-02 3.05902E-02 1.86727E-02



                             - - - CURRENTS AND LOCATION - - -

                                 DISTANCES IN WAVELENGTHS


  SEG.  TAG    COORD. OF SEG. CENTER     SEG.            - - - CURRENT (AMPS) - - -
  NO.   NO.     X        Y        Z      LENGTH     REAL        IMAG.       MAG.        PHASE
     1    1   0.0000  -0.2496   0.0282  0.02496  -1.2436E-04 -2.2881E-03  2.2915E-03  -93.111
     2    1   0.0000  -0.2247   0.0282  0.02496  -2.5188E-04 -5.6240E-03  5.6296E-03  -92.564
     3    1   0.0000  -0.1997   0.0282  0.02496  -2.9247E-04 -8.4812E-03  8.4862E-03  -91.975
     4    1   0.0000  -0.1747   0.0282  0.02496  -2.5834E-04 -1.1020E-02  1.1023E-02  -91.343
     5    1   0.0000  -0.1498   0.0282  0.02496  -1.5062E-04 -1.3225E-02  1.3226E-02  -90.653
     6    1   0.0000  -0.1248   0.0282  0.02496   3.0299E-05 -1.5065E-02  1.5065E-02  -89.885
     7    1   0.0000  -0.0999   0.0282  0.02496   2.8433E-04 -1.6504E-02  1.6506E-02  -89.013
     8    1   0.0000  -0.0749   0.0282  0.02496   6.1258E-04 -1.7509E-02  1.7520E-02  -87.996
     9    1   0.0000  -0.0499   0.0282  0.02496   1.0206E-03 -1.8048E-02  1.8076E-02  -86.763
    10    1   0.0000  -0.0250   0.0282  0.02496   1.5440E-03 -1.8058E-02  1.8124E-02  -85.113
    11    1   0.0000   0.0000   0.0282  0.02496   2.0906E-03 -1.7634E-02  1.7757E-02  -83.239
    12    1   0.0000   0.0250   0.0282  0.02496   1.5440E-03 -1.8058E-02  1.8124E-02  -85.113
    13    1   0.0000   0.0499   0.0282  0.02496   1.0206E-03 -1.8048E-02  1.8076E-02  -86.763
    14    1   0.0000   0.0749   0.0282  0.02496   6.1258E-04 -1.7509E-02  1.7520E-02  -87.996
    15    1   0.0000   0.0999   0.0282  0.02496   2.8433E-04 -1.6504E-02  1.6506E-02  -89.013
    16    1   0.0000   0.1248   0.0282  0.02496   3.0299E-05 -1.5065E-02  1.5065E-02  -89.885
    17    1   0.0000   0.1498   0.0282  0.02496  -1.5062E-04 -1.3225E-02  1.3226E-02  -90.653
    18    1   0.0000   0.1747   0.0282  0.02496  -2.5834E-04 -1.1020E-02  1.1023E-02  -91.343
    19    1   0.0000   0.1997   0.0282  0.02496  -2.9247E-04 -8.4812E-03  8.4862E-03  -91.975
    20    1   0.0000   0.2247   0.0282  0.02496  -2.5188E-04 -5.6240E-03  5.6296E-03  -92.564
    21    1   0.0000   0.2496   0.0282  0.02496  -1.2436E-04 -2.2881E-03  2.2915E-03  -93.111
    22    2  -0.2496   0.0000   0.0000  0.02496   5.7800E-04 -7.4417E-04  9.4227E-04  -52.163
    23    2  -0.2247   0.0000   0.0000  0.02496   1.4374E-03 -1.8146E-03  2.3149E-03  -51.617
    24    2  -0.1997   0.0000   0.0000  0.02496   2.1948E-03 -2.7130E-03  3.4896E-03  -51.027
    25    2  -0.1747   0.0000   0.0000  0.02496   2.8896E-03 -3.4924E-03  4.5328E-03  -50.395
    26    2  -0.1498   0.0000   0.0000  0.02496   3.5173E-03 -4.1482E-03  5.4387E-03  -49.705
    27    2  -0.1248   0.0000   0.0000  0.02496   4.0692E-03 -4.6708E-03  6.1947E-03  -48.937
    28    2  -0.0999   0.0000   0.0000  0.02496   4.5360E-03 -5.0493E-03  6.7875E-03  -48.065
    29    2  -0.0749   0.0000   0.0000  0.02496   4.9088E-03 -5.2730E-03  7.2043E-03  -47.049
    30    2  -0.0499   0.0000   0.0000  0.02496   5.1806E-03 -5.3303E-03  7.4331E-03  -45.816
    31    2  -0.0250   0.0000   0.0000  0.02496   5.3459E-03 -5.1924E-03  7.4525E-03  -44.165
    32    2   0.0000   0.0000   0.0000  0.02496   5.4014E-03 -4.9133E-03  7.3018E-03  -42.291
    33    2   0.0250   0.0000   0.0000  0.02496   5.3459E-03 -5.1924E-03  7.4525E-03  -44.165
    34    2   0.0499   0.0000   0.0000  0.02496   5.1806E-03 -5.3303E-03  7.4331E-03  -45.816
    35    2   0.0749   0.0000   0.0000  0.02496   4.9088E-03 -5.2730E-03  7.2043E-03  -47.049
    36    2   0.0999   0.0000   0.0000  0.02496   4.5360E-03 -5.0493E-03  6.7875E-03  -48.065
    37    2   0.1248   0.0000   0.0000  0.02496   4.0692E-03 -4.6708E-03  6.1947E-03  -48.937
    38    2   0.1498   0.0000   0.0000  0.02496   3.5173E-03 -4.1482E-03  5.4387E-03  -49.705
    39    2   0.1747   0.0000   0.0000  0.02496   2.8896E-03 -3.4924E-03  4.5328E-03  -50.395
    40    2   0.1997   0.0000   0.0000  0.02496   2.1948E-03 -2.7130E-03  3.4896E-03  -51.027
    41    2   0.2247   0.0000   0.0000  0.02496   1.4374E-03 -1.8146E-03  2.3149E-03  -51.617
    42    2   0.2496   0.0000   0.0000  0.02496   5.7800E-04 -7.4417E-04  9.4227E-04  -52.163



                                        - - - POWER BUDGET - - -

                                           INPUT POWER   = 1.8673E-02 WATTS
                                           RADIATED POWER= 1.8673E-02 WATTS
                                           STRUCTURE LOSS= 0.0000E+00 WATTS
                                           NETWORK LOSS  = 1.0061E-16 WATTS
                                           EFFICIENCY    = 100.00 PERCENT



                                                - - - RADIATION PATTERNS - - -

  - - ANGLES - -           - POWER GAINS -       - - - POLARIZATION - - -    - - - E(THETA) - - -    - - - E(PHI) - - -
  THETA     PHI        VERT.   HOR.    TOTAL      AXIAL     TILT   SENSE     MAGNITUDE    PHASE      MAGNITUDE    PHASE 
 DEGREES  DEGREES       DB      DB      DB        RATIO     DEG.              VOLTS/M    DEGREES      VOLTS/M    DEGREES
 -180.00     0.00      -6.17    1.55    2.23    0.29802   -74.07  LEFT      5.20107E-01    42.43    1.26483E+00   171.33
 -178.00     0.00      -6.18    1.55    2.23    0.29775   -74.08  LEFT      5.19610E-01    42.43    1.26483E+00   171.34
 -176.00     0.00      -6.20    1.55    2.22    0.29695   -74.13  LEFT      5.18123E-01    42.43    1.26483E+00   171.36
 -174.00     0.00      -6.24    1.55    2.22    0.29561   -74.21  LEFT      5.15653E-01    42.43    1.26483E+00   171.39
 -172.00     0.00      -6.30    1.55    2.21    0.29374   -74.32  LEFT      5.12215E-01    42.44    1.26483E+00   171.43
 -170.00     0.00      -6.38    1.55    2.20    0.29136   -74.46  LEFT      5.07828E-01    42.45    1.26483E+00   171.49
 -168.00     0.00      -6.47    1.55    2.19    0.28846   -74.62  LEFT      5.02516E-01    42.46    1.26483E+00   171.55
 -166.00     0.00      -6.58    1.55    2.17    0.28506   -74.82  LEFT      4.96310E-01    42.47    1.26483E+00   171.63
 -164.00     0.00      -6.70    1.55    2.16    0.28117   -75.04  LEFT      4.89242E-01    42.48    1.26483E+00   171.73
 -162.00     0.00      -6.84    1.55    2.14    0.27681   -75.29  LEFT      4.81350E-01    42.49    1.26483E+00   171.83
 -160.00     0.00      -7.00    1.55    2.12    0.27200   -75.55  LEFT      4.72676E-01    42.51    1.26483E+00   171.94
 -158.00     0.00      -7.17    1.55    2.10    0.26675   -75.85  LEFT      4.63264E-01    42.53    1.26483E+00   172.07
 -156.00     0.00      -7.37    1.55    2.07    0.26108   -76.16  LEFT      4.53161E-01    42.54    1.26483E+00   172.21
 -154.00     0.00      -7.57    1.55    2.05    0.25503   -76.49  LEFT      4.42415E-01    42.56    1.26483E+00   172.36
 -152.00     0.00      -7.80    1.55    2.03    0.24860   -76.83  LEFT      4.31079E-01    42.58    1.26483E+00   172.52
 -150.00     0.00      -8.04    1.55    2.00    0.24184   -77.19  LEFT      4.19202E-01    42.61    1.26483E+00   172.69
 -148.00     0.00      -8.30    1.55    1.98    0.23476   -77.56  LEFT      4.06836E-01    42.63    1.26483E+00   172.87
 -146.00     0.00      -8.58    1.55    1.95    0.22739   -77.95  LEFT      3.94034E-01    42.65    1.26483E+00   173.07
 -144.00     0.00      -8.88    1.55    1.93    0.21977   -78.34  LEFT      3.80847E-01    42.68    1.26483E+00   173.27
 -142.00     0.00      -9.19    1.55    1.90    0.21192   -78.75  LEFT      3.67325E-01    42.71    1.26483E+00   173.48
 -140.00     0.00      -9.52    1.55    1.88    0.20387   -79.16  LEFT      3.53515E-01    42.73    1.26483E+00   173.71
 -138.00     0.00      -9.87    1.55    1.85    0.19564   -79.58  LEFT      3.39466E-01    42.76    1.26483E+00   173.94
 -136.00     0.00     -10.25    1.55    1.83    0.18728   -80.00  LEFT      3.25221E-01    42.79    1.26483E+00   174.18
 -134.00     0.00     -10.64    1.55    1.80    0.17880   -80.42  LEFT      3.10822E-01    42.82    1.26483E+00   174.43
 -132.00     0.00     -11.06    1.55    1.78    0.17023   -80.85  LEFT      2.96308E-01    42.84    1.26483E+00   174.69
 -130.00     0.00     -11.49    1.55    1.76    0.16160   -81.28  LEFT      2.81716E-01    42.87    1.26483E+00   174.96
 -128.00     0.00     -11.96    1.55    1.74    0.15293   -81.71  LEFT      2.67077E-01    42.90    1.26483E+00   175.23
 -126.00     0.00     -12.45    1.55    1.72    0.14425   -82.14  LEFT      2.52423E-01    42.93    1.26483E+00   175.51
 -124.00     0.00     -12.97    1.55    1.70    0.13557   -82.58  LEFT      2.37777E-01    42.96    1.26483E+00   175.80
 -122.00     0.00     -13.52    1.55    1.68    0.12692   -83.01  LEFT      2.23164E-01    42.99    1.26483E+00   176.10
 -120.00     0.00     -14.10    1.55    1.67    0.11830   -83.44  LEFT      2.08602E-01    43.01    1.26483E+00   176.41
 -118.00     0.00     -14.73    1.55    1.65    0.10975   -83.88  LEFT      1.94107E-01    43.04    1.26483E+00   176.72
 -116.00     0.00     -15.40    1.55    1.64    0.10126   -84.31  LEFT      1.79691E-01    43.06    1.26483E+00   177.03
 -114.00     0.00     -16.12    1.55    1.62    0.09285   -84.74  LEFT      1.65364E-01    43.09    1.26483E+00   177.35
 -112.00     0.00     -16.90    1.55    1.61    0.08453   -85.17  LEFT      1.51131E-01    43.11    1.26483E+00   177.68
 -110.00     0.00     -17.76    1.55    1.60    0.07631   -85.60  LEFT      1.36995E-01    43.13    1.26483E+00   178.01
 -108.00     0.00     -18.70    1.55    1.59    0.06818   -86.04  LEFT      1.22958E-01    43.15    1.26483E+00   178.34
 -106.00     0.00     -19.74    1.55    1.58    0.06017   -86.47  LEFT      1.09016E-01    43.17    1.26483E+00   178.68
 -104.00     0.00     -20.92    1.55    1.57    0.05227   -86.90  LEFT      9.51655E-02    43.19    1.26483E+00   179.02
 -102.00     0.00     -22.28    1.55    1.57    0.04447   -87.34  LEFT      8.13994E-02    43.20    1.26483E+00   179.37
 -100.00     0.00     -23.88    1.55    1.56    0.03679   -87.77  LEFT      6.77093E-02    43.21    1.26483E+00   179.72
  -98.00     0.00     -25.83    1.55    1.56    0.02922   -88.21  LEFT      5.40849E-02    43.22    1.26483E+00  -179.93
  -96.00     0.00     -28.34    1.55    1.55    0.02176   -88.65  LEFT      4.05147E-02    43.23    1.26483E+00  -179.58
  -94.00     0.00     -31.87    1.55    1.55    0.01440   -89.10  LEFT      2.69862E-02    43.24    1.26483E+00  -179.23
  -92.00     0.00     -37.89    1.55    1.55    0.00715   -89.55  LEFT      1.34860E-02    43.24    1.26483E+00  -178.88
  -90.00     0.00    -999.99    1.55    1.55    0.00000   -90.00  LINEAR    1.97133E-12    43.24    1.26483E+00  -178.52
  -88.00     0.00     -37.89    1.55    1.55    0.00705    89.54  RIGHT     1.34860E-02  -136.76    1.26483E+00  -178.17
  -86.00     0.00     -31.87    1.55    1.55    0.01401    89.08  RIGHT     2.69862E-02  -136.76    1.26483E+00  -177.81
  -84.00     0.00     -28.34    1.55    1.55    0.02087    88.61  RIGHT     4.05147E-02  -136.77    1.26483E+00  -177.46
  -82.00     0.00     -25.83    1.55    1.56    0.02765    88.13  RIGHT     5.40849E-02  -136.78    1.26483E+00  -177.11
  -80.00     0.00     -23.88    1.55    1.56    0.03433    87.65  RIGHT     6.77093E-02  -136.79    1.26483E+00  -176.76
  -78.00     0.00     -22.28    1.55    1.57    0.04093    87.16  RIGHT     8.13994E-02  -136.80    1.26483E+00  -176.41
  -76.00     0.00     -20.92    1.55    1.57    0.04745    86.66  RIGHT     9.51655E-02  -136.81    1.26483E+00  -176.07
  -74.00     0.00     -19.74    1.55    1.58    0.05388    86.15  RIGHT     1.09016E-01  -136.83    1.26483E+00  -175.72
  -72.00     0.00     -18.70    1.55    1.59    0.06022    85.64  RIGHT     1.22958E-01  -136.85    1.26483E+00  -175.39
  -70.00     0.00     -17.76    1.55    1.60    0.06647    85.11  RIGHT     1.36995E-01  -136.87    1.26483E+00  -175.05
  -68.00     0.00     -16.90    1.55    1.61    0.07264    84.58  RIGHT     1.51131E-01  -136.89    1.26483E+00  -174.72
  -66.00     0.00     -16.12    1.55    1.62    0.07871    84.04  RIGHT     1.65364E-01  -136.91    1.26483E+00  -174.39
  -64.00     0.00     -15.40    1.55    1.64    0.08468    83.49  RIGHT     1.79691E-01  -136.94    1.26483E+00  -174.07
  -62.00     0.00     -14.73    1.55    1.65    0.09054    82.94  RIGHT     1.94107E-01  -136.96    1.26483E+00  -173.76
  -60.00     0.00     -14.10    1.55    1.67    0.09630    82.37  RIGHT     2.08602E-01  -136.99    1.26483E+00  -173.45
  -58.00     0.00     -13.52    1.55    1.68    0.10194    81.80  RIGHT     2.23164E-01  -137.01    1.26483E+00  -173.14
  -56.00     0.00     -12.97    1.55    1.70    0.10745    81.23  RIGHT     2.37777E-01  -137.04    1.26483E+00  -172.85
  -54.00     0.00     -12.45    1.55    1.72    0.11283    80.65  RIGHT     2.52423E-01  -137.07    1.26483E+00  -172.56
  -52.00     0.00     -11.96    1.55    1.74    0.11808    80.07  RIGHT     2.67077E-01  -137.10    1.26483E+00  -172.27
  -50.00     0.00     -11.49    1.55    1.76    0.12317    79.48  RIGHT     2.81716E-01  -137.13    1.26483E+00  -172.00
  -48.00     0.00     -11.06    1.55    1.78    0.12810    78.90  RIGHT     2.96308E-01  -137.16    1.26483E+00  -171.73
  -46.00     0.00     -10.64    1.55    1.80    0.13286    78.31  RIGHT     3.10822E-01  -137.18    1.26483E+00  -171.47
  -44.00     0.00     -10.25    1.55    1.83    0.13745    77.73  RIGHT     3.25221E-01  -137.21    1.26483E+00  -171.22
  -42.00     0.00      -9.87    1.55    1.85    0.14185    77.16  RIGHT     3.39466E-01  -137.24    1.26483E+00  -170.98
  -40.00     0.00      -9.52    1.55    1.88    0.14606    76.59  RIGHT     3.53515E-01  -137.27    1.26483E+00  -170.75
  -38.00     0.00      -9.19    1.55    1.90    0.15008    76.02  RIGHT     3.67325E-01  -137.29    1.26483E+00  -170.53
  -36.00     0.00      -8.88    1.55    1.93    0.15389    75.47  RIGHT     3.80847E-01  -137.32    1.26483E+00  -170.31
  -34.00     0.00      -8.58    1.55    1.95    0.15749    74.94  RIGHT     3.94034E-01  -137.35    1.26483E+00  -170.11
  -32.00     0.00      -8.30    1.55    1.98    0.16088    74.42  RIGHT     4.06836E-01  -137.37    1.26483E+00  -169.92
  -30.00     0.00      -8.04    1.55    2.00    0.16405    73.91  RIGHT     4.19202E-01  -137.39    1.26483E+00  -169.73
  -28.00     0.00      -7.80    1.55    2.03    0.16700    73.43  RIGHT     4.31079E-01  -137.42    1.26483E+00  -169.56
  -26.00     0.00      -7.57    1.55    2.05    0.16974    72.97  RIGHT     4.42415E-01  -137.44    1.26483E+00  -169.40
  -24.00     0.00      -7.37    1.55    2.07    0.17226    72.53  RIGHT     4.53161E-01  -137.46    1.26483E+00  -169.25
  -22.00     0.00      -7.17    1.55    2.10    0.17457    72.12  RIGHT     4.63264E-01  -137.47    1.26483E+00  -169.11
  -20.00     0.00      -7.00    1.55    2.12    0.17666    71.74  RIGHT     4.72676E-01  -137.49    1.26483E+00  -168.99
  -18.00     0.00      -6.84    1.55    2.14    0.17853    71.38  RIGHT     4.81350E-01  -137.51    1.26483E+00  -168.87
  -16.00     0.00      -6.70    1.55    2.16    0.18020    71.06  RIGHT     4.89242E-01  -137.52    1.26483E+00  -168.77
  -14.00     0.00      -6.58    1.55    2.17    0.18166    70.78  RIGHT     4.96310E-01  -137.53    1.26483E+00  -168.68
  -12.00     0.00      -6.47    1.55    2.19    0.18292    70.53  RIGHT     5.02516E-01  -137.54    1.26483E+00  -168.60
  -10.00     0.00      -6.38    1.55    2.20    0.18398    70.31  RIGHT     5.07828E-01  -137.55    1.26483E+00  -168.53
   -8.00     0.00      -6.30    1.55    2.21    0.18484    70.13  RIGHT     5.12215E-01  -137.56    1.26483E+00  -168.47
   -6.00     0.00      -6.24    1.55    2.22    0.18551    69.99  RIGHT     5.15653E-01  -137.57    1.26483E+00  -168.43
   -4.00     0.00      -6.20    1.55    2.22    0.18598    69.89  RIGHT     5.18123E-01  -137.57    1.26483E+00  -168.40
   -2.00     0.00      -6.18    1.55    2.23    0.18627    69.83  RIGHT     5.19610E-01  -137.57    1.26483E+00  -168.38
    0.00     0.00      -6.17    1.55    2.23    0.18636    69.81  RIGHT     5.20107E-01  -137.57    1.26483E+00  -168.37
    2.00     0.00      -6.18    1.55    2.23    0.18627    69.83  RIGHT     5.19610E-01  -137.57    1.26483E+00  -168.38
    4.00     0.00      -6.20    1.55    2.22    0.18598    69.89  RIGHT     5.18123E-01  -137.57    1.26483E+00  -168.40
    6.00     0.00      -6.24    1.55    2.22    0.18551    69.99  RIGHT     5.15653E-01  -137.57    1.26483E+00  -168.43
    8.00     0.00      -6.30    1.55    2.21    0.18484    70.13  RIGHT     5.12215E-01  -137.56    1.26483E+00  -168.47
   10.00     0.00      -6.38    1.55    2.20    0.18398    70.31  RIGHT     5.07828E-01  -137.55    1.26483E+00  -168.53
   12.00     0.00      -6.47    1.55    2.19    0.18292    70.53  RIGHT     5.02516E-01  -137.54    1.26483E+00  -168.60
   14.00     0.00      -6.58    1.55    2.17    0.18166    70.78  RIGHT     4.96310E-01  -137.53    1.26483E+00  -168.68
   16.00     0.00      -6.70    1.55    2.16    0.18020    71.06  RIGHT     4.89242E-01  -137.52    1.26483E+00  -168.77
   18.00     0.00      -6.84    1.55    2.14    0.17853    71.38  RIGHT     4.81350E-01  -137.51    1.26483E+00  -168.87
   20.00     0.00      -7.00    1.55    2.12    0.17666    71.74  RIGHT     4.72676E-01  -137.49    1.26483E+00  -168.99
   22.00     0.00      -7.17    1.55    2.10    0.17457    72.12  RIGHT     4.63264E-01  -137.47    1.26483E+00  -169.11
   24.00     0.00      -7.37    1.55    2.07    0.17226    72.53  RIGHT     4.53161E-01  -137.46    1.26483E+00  -169.25
   26.00     0.00      -7.57    1.55    2.05    0.16974    72.97  RIGHT     4.42415E-01  -137.44    1.26483E+00  -169.40
   28.00     0.00      -7.80    1.55    2.03    0.16700    73.43  RIGHT     4.31079E-01  -137.42    1.26483E+00  -169.56
   30.00     0.00      -8.04    1.55    2.00    0.16405    73.91  RIGHT     4.19202E-01  -137.39    1.26483E+00  -169.73
   32.00     0.00      -8.30    1.55    1.98    0.16088    74.42  RIGHT     4.06836E-01  -137.37    1.26483E+00  -169.92
   34.00     0.00      -8.58    1.55    1.95    0.15749    74.94  RIGHT     3.94034E-01  -137.35    1.26483E+00  -170.11
   36.00     0.00      -8.88    1.55    1.93    0.15389    75.47  RIGHT     3.80847E-01  -137.32    1.26483E+00  -170.31
   38.00     0.00      -9.19    1.55    1.90    0.15008    76.02  RIGHT     3.67325E-01  -137.29    1.26483E+00  -170.53
   40.00     0.00      -9.52    1.55    1.88    0.14606    76.59  RIGHT     3.53515E-01  -137.27    1.26483E+00  -170.75
   42.00     0.00      -9.87    1.55    1.85    0.14185    77.16  RIGHT     3.39466E-01  -137.24    1.26483E+00  -170.98
   44.00     0.00     -10.25    1.55    1.83    0.13745    77.73  RIGHT     3.25221E-01  -137.21    1.26483E+00  -171.22
   46.00     0.00     -10.64    1.55    1.80    0.13286    78.31  RIGHT     3.10822E-01  -137.18    1.26483E+00  -171.47
   48.00     0.00     -11.06    1.55    1.78    0.12810    78.90  RIGHT     2.96308E-01  -137.16    1.26483E+00  -171.73
   50.00     0.00     -11.49    1.55    1.76    0.12317    79.48  RIGHT     2.81716E-01  -137.13    1.26483E+00  -172.00
   52.00     0.00     -11.96    1.55    1.74    0.11808    80.07  RIGHT     2.67077E-01  -137.10    1.26483E+00  -172.27
   54.00     0.00     -12.45    1.55    1.72    0.11283    80.65  RIGHT     2.52423E-01  -137.07    1.26483E+00  -172.56
   56.00     0.00     -12.97    1.55    1.70    0.10745    81.23  RIGHT     2.37777E-01  -137.04    1.26483E+00  -172.85
   58.00     0.00     -13.52    1.55    1.68    0.10194    81.80  RIGHT     2.23164E-01  -137.01    1.26483E+00  -173.14
   60.00     0.00     -14.10    1.55    1.67    0.09630    82.37  RIGHT     2.08602E-01  -136.99    1.26483E+00  -173.45
   62.00     0.00     -14.73    1.55    1.65    0.09054    82.94  RIGHT     1.94107E-01  -136.96    1.26483E+00  -173.76
   64.00     0.00     -15.40    1.55    1.64    0.08468    83.49  RIGHT     1.79691E-01  -136.94    1.26483E+00  -174.07
   66.00     0.00     -16.12    1.55    1.62    0.07871    84.04  RIGHT     1.65364E-01  -136.91    1.26483E+00  -174.39
   68.00     0.00     -16.90    1.55    1.61    0.07264    84.58  RIGHT     1.51131E-01  -136.89    1.26483E+00  -174.72
   70.00     0.00     -17.76    1.55    1.60    0.06647    85.11  RIGHT     1.36995E-01  -136.87    1.26483E+00  -175.05
   72.00     0.00     -18.70    1.55    1.59    0.06022    85.64  RIGHT     1.22958E-01  -136.85    1.26483E+00  -175.39
   74.00     0.00     -19.74    1.55    1.58    0.05388    86.15  RIGHT     1.09016E-01  -136.83    1.26483E+00  -175.72
   76.00     0.00     -20.92    1.55    1.57    0.04745    86.66  RIGHT     9.51655E-02  -136.81    1.26483E+00  -176.07
   78.00     0.00     -22.28    1.55    1.57    0.04093    87.16  RIGHT     8.13994E-02  -136.80    1.26483E+00  -176.41
   80.00     0.00     -23.88    1.55    1.56    0.03433    87.65  RIGHT     6.77093E-02  -136.79    1.26483E+00  -176.76
   82.00     0.00     -25.83    1.55    1.56    0.02765    88.13  RIGHT     5.40849E-02  -136.78    1.26483E+00  -177.11
   84.00     0.00     -28.34    1.55    1.55    0.02087    88.61  RIGHT     4.05147E-02  -136.77    1.26483E+00  -177.46
   86.00     0.00     -31.87    1.55    1.55    0.01401    89.08  RIGHT     2.69862E-02  -136.76    1.26483E+00  -177.81
   88.00     0.00     -37.89    1.55    1.55    0.00705    89.54  RIGHT     1.34860E-02  -136.76    1.26483E+00  -178.17
   90.00     0.00    -999.99    1.55    1.55    0.00000   -90.00  LINEAR    1.97133E-12    43.24    1.26483E+00  -178.52
   92.00     0.00     -37.89    1.55    1.55    0.00715   -89.55  LEFT      1.34860E-02    43.24    1.26483E+00  -178.88
   94.00     0.00     -31.87    1.55    1.55    0.01440   -89.10  LEFT      2.69862E-02    43.24    1.26483E+00  -179.23
   96.00     0.00     -28.34    1.55    1.55    0.02176   -88.65  LEFT      4.05147E-02    43.23    1.26483E+00  -179.58
   98.00     0.00     -25.83    1.55    1.56    0.02922   -88.21  LEFT      5.40849E-02    43.22    1.26483E+00  -179.93
  100.00     0.00     -23.88    1.55    1.56    0.03679   -87.77  LEFT      6.77093E-02    43.21    1.26483E+00   179.72
  102.00     0.00     -22.28    1.55    1.57    0.04447   -87.34  LEFT      8.13994E-02    43.20    1.26483E+00   179.37
  104.00     0.00     -20.92    1.55    1.57    0.05227   -86.90  LEFT      9.51655E-02    43.19    1.26483E+00   179.02
  106.00     0.00     -19.74    1.55    1.58    0.06017   -86.47  LEFT      1.09016E-01    43.17    1.26483E+00   178.68
  108.00     0.00     -18.70    1.55    1.59    0.06818   -86.04  LEFT      1.22958E-01    43.15    1.26483E+00   178.34
  110.00     0.00     -17.76    1.55    1.60    0.07631   -85.60  LEFT      1.36995E-01    43.13    1.26483E+00   178.01
  112.00     0.00     -16.90    1.55    1.61    0.08453   -85.17  LEFT      1.51131E-01    43.11    1.26483E+00   177.68
  114.00     0.00     -16.12    1.55    1.62    0.09285   -84.74  LEFT      1.65364E-01    43.09    1.26483E+00   177.35
  116.00     0.00     -15.40    1.55    1.64    0.10126   -84.31  LEFT      1.79691E-01    43.06    1.26483E+00   177.03
  118.00     0.00     -14.73    1.55    1.65    0.10975   -83.88  LEFT      1.94107E-01    43.04    1.26483E+00   176.72
  120.00     0.00     -14.10    1.55    1.67    0.11830   -83.44  LEFT      2.08602E-01    43.01    1.26483E+00   176.41
  122.00     0.00     -13.52    1.55    1.68    0.12692   -83.01  LEFT      2.23164E-01    42.99    1.26483E+00   176.10
  124.00     0.00     -12.97    1.55    1.70    0.13557   -82.58  LEFT      2.37777E-01    42.96    1.26483E+00   175.80
  126.00     0.00     -12.45    1.55    1.72    0.14425   -82.14  LEFT      2.52423E-01    42.93    1.26483E+00   175.51
  128.00     0.00     -11.96    1.55    1.74    0.15293   -81.71  LEFT      2.67077E-01    42.90    1.26483E+00   175.23
  130.00     0.00     -11.49    1.55    1.76    0.16160   -81.28  LEFT      2.81716E-01    42.87    1.26483E+00   174.96
  132.00     0.00     -11.06    1.55    1.78    0.17023   -80.85  LEFT      2.96308E-01    42.84    1.26483E+00   174.69
  134.00     0.00     -10.64    1.55    1.80    0.17880   -80.42  LEFT      3.10822E-01    42.82    1.26483E+00   174.43
  136.00     0.00     -10.25    1.55    1.83    0.18728   -80.00  LEFT      3.25221E-01    42.79    1.26483E+00   174.18
  138.00     0.00      -9.87    1.55    1.85    0.19564   -79.58  LEFT      3.39466E-01    42.76    1.26483E+00   173.94
  140.00     0.00      -9.52    1.55    1.88    0.20387   -79.16  LEFT      3.53515E-01    42.73    1.26483E+00   173.71
  142.00     0.00      -9.19    1.55    1.90    0.21192   -78.75  LEFT      3.67325E-01    42.71    1.26483E+00   173.48
  144.00     0.00      -8.88    1.55    1.93    0.21977   -78.34  LEFT      3.80847E-01    42.68    1.26483E+00   173.27
  146.00     0.00      -8.58    1.55    1.95    0.22739   -77.95  LEFT      3.94034E-01    42.65    1.26483E+00   173.07
  148.00     0.00      -8.30    1.55    1.98    0.23476   -77.56  LEFT      4.06836E-01    42.63    1.26483E+00   172.87
  150.00     0.00      -8.04    1.55    2.00    0.24184   -77.19  LEFT      4.19202E-01    42.61    1.26483E+00   172.69
  152.00     0.00      -7.80    1.55    2.03    0.24860   -76.83  LEFT      4.31079E-01    42.58    1.26483E+00   172.52
  154.00     0.00      -7.57    1.55    2.05    0.25503   -76.49  LEFT      4.42415E-01    42.56    1.26483E+00   172.36
  156.00     0.00      -7.37    1.55    2.07    0.26108   -76.16  LEFT      4.53161E-01    42.54    1.26483E+00   172.21
  158.00     0.00      -7.17    1.55    2.10    0.26675   -75.85  LEFT      4.63264E-01    42.53    1.26483E+00   172.07
  160.00     0.00      -7.00    1.55    2.12    0.27200   -75.55  LEFT      4.72676E-01    42.51    1.26483E+00   171.94
  162.00     0.00      -6.84    1.55    2.14    0.27681   -75.29  LEFT      4.81350E-01    42.49    1.26483E+00   171.83
  164.00     0.00      -6.70    1.55    2.16    0.28117   -75.04  LEFT      4.89242E-01    42.48    1.26483E+00   171.73
  166.00     0.00      -6.58    1.55    2.17    0.28506   -74.82  LEFT      4.96310E-01    42.47    1.26483E+00   171.63
  168.00     0.00      -6.47    1.55    2.19    0.28846   -74.62  LEFT      5.02516E-01    42.46    1.26483E+00   171.55
  170.00     0.00      -6.38    1.55    2.20    0.29136   -74.46  LEFT      5.07828E-01    42.45    1.26483E+00   171.49
  172.00     0.00      -6.30    1.55    2.21    0.29374   -74.32  LEFT      5.12215E-01    42.44    1.26483E+00   171.43
  174.00     0.00      -6.24    1.55    2.22    0.29561   -74.21  LEFT      5.15653E-01    42.43    1.26483E+00   171.39
  176.00     0.00      -6.20    1.55    2.22    0.29695   -74.13  LEFT      5.18123E-01    42.43    1.26483E+00   171.36
  178.00     0.00      -6.18    1.55    2.23    0.29775   -74.08  LEFT      5.19610E-01    42.43    1.26483E+00   171.34
  180.00     0.00      -6.17    1.55    2.23    0.29802   -74.07  LEFT      5.20107E-01    42.43    1.26483E+00   171.33




                                 - - - - - - FREQUENCY - - - - - -

                                    FREQUENCY= 1.7000E+03 MHZ
                                    WAVELENGTH= 1.7635E-01 METERS




                    APPROXIMATE INTEGRATION EMPLOYED FOR SEGMENTS MORE THAN   1.000 WAVELENGTHS APART

                    THE EXTENDED THIN WIRE KERNEL WILL BE USED



                               - - - STRUCTURE IMPEDANCE LOADING - - -

                                   THIS STRUCTURE IS NOT LOADED



                                  - - - ANTENNA ENVIRONMENT - - -

                                            FREE SPACE



                                - - - MATRIX TIMING - - -

                        FILL=    0.000 SEC.,  FACTOR=    0.000 SEC.



                                            - - - NETWORK DATA - - -

      - FROM -    - TO -           TRANSMISSION LINE               -  -  SHUNT ADMITTANCES (MHOS)  -  -              LINE
      TAG  SEG.   TAG  SEG.      IMPEDANCE      LENGTH            - END ONE -                 - END TWO -            TYPE
      NO.   NO.   NO.   NO.         OHMS        METERS         REAL          IMAG.         REAL          IMAG.
        1    11     2    32     5.0000E+01    4.2500E-02    0.0000E+00    0.0000E+00    0.0000E+00    0.0000E+00   STRAIGHT



                           - - - STRUCTURE EXCITATION DATA AT NETWORK CONNECTION POINTS - - -

   TAG   SEG.    VOLTAGE (VOLTS)         CURRENT (AMPS)         IMPEDANCE (OHMS)        ADMITTANCE (MHOS)      POWER
   NO.   NO.    REAL        IMAG.       REAL        IMAG.       REAL        IMAG.       REAL        IMAG.     (WATTS)
     1    11 1.93842E+00-1.66111E+00 1.88193E-03-1.78360E-02 1.03448E+02 9.77655E+01 5.10613E-03-4.82563E-03 1.66377E-02
     2    32 1.00000E+00 0.00000E+00 5.10613E-03-4.82563E-03 1.03448E+02 9.77655E+01 5.10613E-03-4.82563E-03 2.55306E-03



                                          - - - ANTENNA INPUT PARAMETERS - - -

   TAG   SEG.    VOLTAGE (VOLTS)         CURRENT (AMPS)         IMPEDANCE (OHMS)        ADMITTANCE (MHOS)      POWER
   NO.   NO.    REAL        IMAG.       REAL        IMAG.       REAL        IMAG.       REAL        IMAG.     (WATTS)
     2    32 1.00000E+00 0.00000E+00 3.83816E-02 3.28721E-02 1.50297E+01-1.28722E+01 3.83816E-02 3.28721E-02 1.91908E-02



                             - - - CURRENTS AND LOCATION - - -

                                 DISTANCES IN WAVELENGTHS


  SEG.  TAG    COORD. OF SEG. CENTER     SEG.            - - - CURRENT (AMPS) - - -
  NO.   NO.     X        Y        Z      LENGTH     REAL        IMAG.       MAG.        PHASE
     1    1   0.0000  -0.2511   0.0284  0.02511  -1.6394E-04 -2.3286E-03  2.3344E-03  -94.027
     2    1   0.0000  -0.2260   0.0284  0.02511  -3.4754E-04 -5.7238E-03  5.7343E-03  -93.475
     3    1   0.0000  -0.2009   0.0284  0.02511  -4.3399E-04 -8.6312E-03  8.6421E-03  -92.878
     4    1   0.0000  -0.1758   0.0284  0.02511  -4.3835E-04 -1.1213E-02  1.1222E-02  -92.239
     5    1   0.0000  -0.1507   0.0284  0.02511  -3.6151E-04 -1.3453E-02  1.3458E-02  -91.539
     6    1   0.0000  -0.1256   0.0284  0.02511  -2.0338E-04 -1.5318E-02  1.5320E-02  -90.761
     7    1   0.0000  -0.1004   0.0284  0.02511   3.6463E-05 -1.6772E-02  1.6772E-02  -89.875
     8    1   0.0000  -0.0753   0.0284  0.02511   3.5961E-04 -1.7781E-02  1.7785E-02  -88.841
     9    1   0.0000  -0.0502   0.0284  0.02511   7.7222E-04 -1.8310E-02  1.8326E-02  -87.585
    10    1   0.0000  -0.0251   0.0284  0.02511   1.3118E-03 -1.8295E-02  1.8342E-02  -85.899
    11    1   0.0000   0.0000   0.0284  0.02511   1.8819E-03 -1.7836E-02  1.7935E-02  -83.977
    12    1   0.0000   0.0251   0.0284  0.02511   1.3118E-03 -1.8295E-02  1.8342E-02  -85.899
    13    1   0.0000   0.0502   0.0284  0.02511   7.7222E-04 -1.8310E-02  1.8326E-02  -87.585
    14    1   0.0000   0.0753   0.0284  0.02511   3.5961E-04 -1.7781E-02  1.7785E-02  -88.841
    15    1   0.0000   0.1004   0.0284  0.02511   3.6463E-05 -1.6772E-02  1.6772E-02  -89.875
    16    1   0.0000   0.1256   0.0284  0.02511  -2.0338E-04 -1.5318E-02  1.5320E-02  -90.761
    17    1   0.0000   0.1507   0.0284  0.02511  -3.6151E-04 -1.3453E-02  1.3458E-02  -91.539
    18    1   0.0000   0.1758   0.0284  0.02511  -4.3835E-04 -1.1213E-02  1.1222E-02  -92.239
    19    1   0.0000   0.2009   0.0284  0.02511  -4.3399E-04 -8.6312E-03  8.6421E-03  -92.878
    20    1   0.0000   0.2260   0.0284  0.02511  -3.4754E-04 -5.7238E-03  5.7343E-03  -93.475
    21    1   0.0000   0.2511   0.0284  0.02511  -1.6394E-04 -2.3286E-03  2.3344E-03  -94.027
    22    2  -0.2511   0.0000   0.0000  0.02511   5.4479E-04 -7.3443E-04  9.1443E-04  -53.433
    23    2  -0.2260   0.0000   0.0000  0.02511   1.3556E-03 -1.7911E-03  2.2463E-03  -52.880
    24    2  -0.2009   0.0000   0.0000  0.02511   2.0710E-03 -2.6780E-03  3.3853E-03  -52.284
    25    2  -0.1758   0.0000   0.0000  0.02511   2.7278E-03 -3.4471E-03  4.3959E-03  -51.644
    26    2  -0.1507   0.0000   0.0000  0.02511   3.3217E-03 -4.0939E-03  5.2719E-03  -50.945
    27    2  -0.1256   0.0000   0.0000  0.02511   3.8441E-03 -4.6083E-03  6.0011E-03  -50.166
    28    2  -0.1004   0.0000   0.0000  0.02511   4.2861E-03 -4.9797E-03  6.5702E-03  -49.281
    29    2  -0.0753   0.0000   0.0000  0.02511   4.6393E-03 -5.1974E-03  6.9668E-03  -48.247
    30    2  -0.0502   0.0000   0.0000  0.02511   4.8969E-03 -5.2495E-03  7.1789E-03  -46.990
    31    2  -0.0251   0.0000   0.0000  0.02511   5.0535E-03 -5.1075E-03  7.1850E-03  -45.304
    32    2   0.0000   0.0000   0.0000  0.02511   5.1061E-03 -4.8256E-03  7.0256E-03  -43.382
    33    2   0.0251   0.0000   0.0000  0.02511   5.0535E-03 -5.1075E-03  7.1850E-03  -45.304
    34    2   0.0502   0.0000   0.0000  0.02511   4.8969E-03 -5.2495E-03  7.1789E-03  -46.990
    35    2   0.0753   0.0000   0.0000  0.02511   4.6393E-03 -5.1974E-03  6.9668E-03  -48.247
    36    2   0.1004   0.0000   0.0000  0.02511   4.2861E-03 -4.9797E-03  6.5702E-03  -49.281
    37    2   0.1256   0.0000   0.0000  0.02511   3.8441E-03 -4.6083E-03  6.0011E-03  -50.166
    38    2   0.1507   0.0000   0.0000  0.02511   3.3217E-03 -4.0939E-03  5.2719E-03  -50.945
    39    2   0.1758   0.0000   0.0000  0.02511   2.7278E-03 -3.4471E-03  4.3959E-03  -51.644
    40    2   0.2009   0.0000   0.0000  0.02511   2.0710E-03 -2.6780E-03  3.3853E-03  -52.284
    41    2   0.2260   0.0000   0.0000  0.02511   1.3556E-03 -1.7911E-03  2.2463E-03  -52.880
    42    2   0.2511   0.0000   0.0000  0.02511   5.4479E-04 -7.3443E-04  9.1443E-04  -53.433



                                        - - - POWER BUDGET - - -

                                           INPUT POWER   = 1.9191E-02 WATTS
                                           RADIATED POWER= 1.9191E-02 WATTS
                                           STRUCTURE LOSS= 0.0000E+00 WATTS
                                           NETWORK LOSS  =-1.3878E-17 WATTS
                                           EFFICIENCY    = 100.00 PERCENT



                                                - - - RADIATION PATTERNS - - -

  - - ANGLES - -           - POWER GAINS -       - - - POLARIZATION - - -    - - - E(THETA) - - -    - - - E(PHI) - - -
  THETA     PHI        VERT.   HOR.    TOTAL      AXIAL     TILT   SENSE     MAGNITUDE    PHASE      MAGNITUDE    PHASE 
 DEGREES  DEGREES       DB      DB      DB        RATIO     DEG.              VOLTS/M    DEGREES      VOLTS/M    DEGREES
 -180.00     0.00      -6.53    1.61    2.23    0.28449   -74.84  LEFT      5.06058E-01    41.22    1.29186E+00   170.42
 -178.00     0.00      -6.53    1.61    2.23    0.28423   -74.85  LEFT      5.05573E-01    41.22    1.29186E+00   170.42
 -176.00     0.00      -6.56    1.61    2.23    0.28344   -74.90  LEFT      5.04118E-01    41.22    1.29186E+00   170.44
 -174.00     0.00      -6.60    1.61    2.22    0.28214   -74.97  LEFT      5.01703E-01    41.23    1.29186E+00   170.47
 -172.00     0.00      -6.66    1.61    2.22    0.28033   -75.07  LEFT      4.98341E-01    41.23    1.29186E+00   170.52
 -170.00     0.00      -6.73    1.61    2.21    0.27801   -75.21  LEFT      4.94051E-01    41.24    1.29186E+00   170.57
 -168.00     0.00      -6.83    1.61    2.20    0.27519   -75.36  LEFT      4.88858E-01    41.25    1.29186E+00   170.64
 -166.00     0.00      -6.93    1.61    2.18    0.27189   -75.55  LEFT      4.82791E-01    41.26    1.29186E+00   170.72
 -164.00     0.00      -7.06    1.61    2.17    0.26812   -75.76  LEFT      4.75882E-01    41.27    1.29186E+00   170.81
 -162.00     0.00      -7.20    1.61    2.15    0.26389   -75.99  LEFT      4.68168E-01    41.29    1.29186E+00   170.92
 -160.00     0.00      -7.36    1.61    2.13    0.25923   -76.24  LEFT      4.59692E-01    41.30    1.29186E+00   171.03
 -158.00     0.00      -7.54    1.61    2.11    0.25415   -76.52  LEFT      4.50495E-01    41.32    1.29186E+00   171.16
 -156.00     0.00      -7.73    1.61    2.09    0.24867   -76.81  LEFT      4.40625E-01    41.34    1.29186E+00   171.30
 -154.00     0.00      -7.94    1.61    2.07    0.24282   -77.13  LEFT      4.30129E-01    41.36    1.29186E+00   171.45
 -152.00     0.00      -8.16    1.61    2.05    0.23662   -77.45  LEFT      4.19058E-01    41.38    1.29186E+00   171.61
 -150.00     0.00      -8.41    1.61    2.03    0.23009   -77.80  LEFT      4.07462E-01    41.40    1.29186E+00   171.78
 -148.00     0.00      -8.67    1.61    2.00    0.22327   -78.15  LEFT      3.95392E-01    41.43    1.29186E+00   171.97
 -146.00     0.00      -8.95    1.61    1.98    0.21618   -78.51  LEFT      3.82899E-01    41.45    1.29186E+00   172.16
 -144.00     0.00      -9.24    1.61    1.96    0.20885   -78.89  LEFT      3.70032E-01    41.48    1.29186E+00   172.37
 -142.00     0.00      -9.56    1.61    1.93    0.20131   -79.27  LEFT      3.56842E-01    41.51    1.29186E+00   172.58
 -140.00     0.00      -9.89    1.61    1.91    0.19358   -79.66  LEFT      3.43377E-01    41.53    1.29186E+00   172.81
 -138.00     0.00     -10.25    1.61    1.89    0.18570   -80.06  LEFT      3.29680E-01    41.56    1.29186E+00   173.04
 -136.00     0.00     -10.62    1.61    1.87    0.17769   -80.46  LEFT      3.15798E-01    41.59    1.29186E+00   173.28
 -134.00     0.00     -11.02    1.61    1.85    0.16957   -80.87  LEFT      3.01770E-01    41.62    1.29186E+00   173.53
 -132.00     0.00     -11.43    1.61    1.83    0.16138   -81.27  LEFT      2.87634E-01    41.65    1.29186E+00   173.79
 -130.00     0.00     -11.87    1.61    1.81    0.15314   -81.68  LEFT      2.73427E-01    41.68    1.29186E+00   174.06
 -128.00     0.00     -12.34    1.61    1.79    0.14487   -82.10  LEFT      2.59179E-01    41.71    1.29186E+00   174.34
 -126.00     0.00     -12.83    1.61    1.77    0.13659   -82.51  LEFT      2.44920E-01    41.74    1.29186E+00   174.62
 -124.00     0.00     -13.35    1.61    1.75    0.12833   -82.92  LEFT      2.30675E-01    41.77    1.29186E+00   174.92
 -122.00     0.00     -13.90    1.61    1.74    0.12009   -83.33  LEFT      2.16467E-01    41.80    1.29186E+00   175.22
 -120.00     0.00     -14.49    1.61    1.72    0.11190   -83.75  LEFT      2.02313E-01    41.82    1.29186E+00   175.52
 -118.00     0.00     -15.12    1.61    1.71    0.10377   -84.16  LEFT      1.88229E-01    41.85    1.29186E+00   175.83
 -116.00     0.00     -15.79    1.61    1.69    0.09571   -84.57  LEFT      1.74226E-01    41.88    1.29186E+00   176.15
 -114.00     0.00     -16.51    1.61    1.68    0.08773   -84.98  LEFT      1.60314E-01    41.90    1.29186E+00   176.47
 -112.00     0.00     -17.29    1.61    1.67    0.07985   -85.40  LEFT      1.46498E-01    41.93    1.29186E+00   176.80
 -110.00     0.00     -18.15    1.61    1.66    0.07206   -85.81  LEFT      1.32781E-01    41.95    1.29186E+00   177.13
 -108.00     0.00     -19.09    1.61    1.65    0.06437   -86.22  LEFT      1.19163E-01    41.97    1.29186E+00   177.47
 -106.00     0.00     -20.13    1.61    1.64    0.05679   -86.63  LEFT      1.05642E-01    41.99    1.29186E+00   177.81
 -104.00     0.00     -21.31    1.61    1.64    0.04932   -87.05  LEFT      9.22122E-02    42.00    1.29186E+00   178.15
 -102.00     0.00     -22.67    1.61    1.63    0.04195   -87.46  LEFT      7.88674E-02    42.02    1.29186E+00   178.50
 -100.00     0.00     -24.27    1.61    1.63    0.03470   -87.88  LEFT      6.55989E-02    42.03    1.29186E+00   178.85
  -98.00     0.00     -26.22    1.61    1.62    0.02755   -88.30  LEFT      5.23963E-02    42.04    1.29186E+00   179.20
  -96.00     0.00     -28.73    1.61    1.62    0.02051   -88.72  LEFT      3.92482E-02    42.05    1.29186E+00   179.56
  -94.00     0.00     -32.26    1.61    1.62    0.01358   -89.14  LEFT      2.61419E-02    42.06    1.29186E+00   179.91
  -92.00     0.00     -38.29    1.61    1.62    0.00674   -89.57  LEFT      1.30638E-02    42.06    1.29186E+00  -179.73
  -90.00     0.00    -999.99    1.61    1.61    0.00000   -90.00  LINEAR    1.90960E-12    42.06    1.29186E+00  -179.38
  -88.00     0.00     -38.29    1.61    1.62    0.00664    89.56  RIGHT     1.30638E-02  -137.94    1.29186E+00  -179.02
  -86.00     0.00     -32.26    1.61    1.62    0.01320    89.12  RIGHT     2.61419E-02  -137.94    1.29186E+00  -178.66
  -84.00     0.00     -28.73    1.61    1.62    0.01966    88.67  RIGHT     3.92482E-02  -137.95    1.29186E+00  -178.31
  -82.00     0.00     -26.22    1.61    1.62    0.02604    88.22  RIGHT     5.23963E-02  -137.96    1.29186E+00  -177.96
  -80.00     0.00     -24.27    1.61    1.63    0.03234    87.76  RIGHT     6.55989E-02  -137.97    1.29186E+00  -177.60
  -78.00     0.00     -22.67    1.61    1.63    0.03856    87.29  RIGHT     7.88674E-02  -137.98    1.29186E+00  -177.25
  -76.00     0.00     -21.31    1.61    1.64    0.04470    86.81  RIGHT     9.22122E-02  -138.00    1.29186E+00  -176.91
  -74.00     0.00     -20.13    1.61    1.64    0.05075    86.33  RIGHT     1.05642E-01  -138.01    1.29186E+00  -176.56
  -72.00     0.00     -19.09    1.61    1.65    0.05673    85.84  RIGHT     1.19163E-01  -138.03    1.29186E+00  -176.22
  -70.00     0.00     -18.15    1.61    1.66    0.06263    85.34  RIGHT     1.32781E-01  -138.05    1.29186E+00  -175.89
  -68.00     0.00     -17.29    1.61    1.67    0.06844    84.83  RIGHT     1.46498E-01  -138.07    1.29186E+00  -175.55
  -66.00     0.00     -16.51    1.61    1.68    0.07417    84.32  RIGHT     1.60314E-01  -138.10    1.29186E+00  -175.22
  -64.00     0.00     -15.79    1.61    1.69    0.07981    83.80  RIGHT     1.74226E-01  -138.12    1.29186E+00  -174.90
  -62.00     0.00     -15.12    1.61    1.71    0.08535    83.26  RIGHT     1.88229E-01  -138.15    1.29186E+00  -174.58
  -60.00     0.00     -14.49    1.61    1.72    0.09080    82.73  RIGHT     2.02313E-01  -138.18    1.29186E+00  -174.27
  -58.00     0.00     -13.90    1.61    1.74    0.09613    82.18  RIGHT     2.16467E-01  -138.20    1.29186E+00  -173.97
  -56.00     0.00     -13.35    1.61    1.75    0.10136    81.64  RIGHT     2.30675E-01  -138.23    1.29186E+00  -173.67
  -54.00     0.00     -12.83    1.61    1.77    0.10646    81.08  RIGHT     2.44920E-01  -138.26    1.29186E+00  -173.38
  -52.00     0.00     -12.34    1.61    1.79    0.11144    80.53  RIGHT     2.59179E-01  -138.29    1.29186E+00  -173.09
  -50.00     0.00     -11.87    1.61    1.81    0.11627    79.97  RIGHT     2.73427E-01  -138.32    1.29186E+00  -172.82
  -48.00     0.00     -11.43    1.61    1.83    0.12097    79.41  RIGHT     2.87634E-01  -138.35    1.29186E+00  -172.55
  -46.00     0.00     -11.02    1.61    1.85    0.12551    78.85  RIGHT     3.01770E-01  -138.38    1.29186E+00  -172.29
  -44.00     0.00     -10.62    1.61    1.87    0.12989    78.29  RIGHT     3.15798E-01  -138.41    1.29186E+00  -172.03
  -42.00     0.00     -10.25    1.61    1.89    0.13409    77.74  RIGHT     3.29680E-01  -138.44    1.29186E+00  -171.79
  -40.00     0.00      -9.89    1.61    1.91    0.13813    77.20  RIGHT     3.43377E-01  -138.47    1.29186E+00  -171.56
  -38.00     0.00      -9.56    1.61    1.93    0.14197    76.66  RIGHT     3.56842E-01  -138.49    1.29186E+00  -171.33
  -36.00     0.00      -9.24    1.61    1.96    0.14563    76.13  RIGHT     3.70032E-01  -138.52    1.29186E+00  -171.12
  -34.00     0.00      -8.95    1.61    1.98    0.14910    75.62  RIGHT     3.82899E-01  -138.55    1.29186E+00  -170.91
  -32.00     0.00      -8.67    1.61    2.00    0.15237    75.12  RIGHT     3.95392E-01  -138.57    1.29186E+00  -170.72
  -30.00     0.00      -8.41    1.61    2.03    0.15543    74.64  RIGHT     4.07462E-01  -138.60    1.29186E+00  -170.54
  -28.00     0.00      -8.16    1.61    2.05    0.15829    74.17  RIGHT     4.19058E-01  -138.62    1.29186E+00  -170.36
  -26.00     0.00      -7.94    1.61    2.07    0.16095    73.73  RIGHT     4.30129E-01  -138.64    1.29186E+00  -170.20
  -24.00     0.00      -7.73    1.61    2.09    0.16339    73.31  RIGHT     4.40625E-01  -138.66    1.29186E+00  -170.05
  -22.00     0.00      -7.54    1.61    2.11    0.16564    72.91  RIGHT     4.50495E-01  -138.68    1.29186E+00  -169.91
  -20.00     0.00      -7.36    1.61    2.13    0.16767    72.55  RIGHT     4.59692E-01  -138.70    1.29186E+00  -169.78
  -18.00     0.00      -7.20    1.61    2.15    0.16951    72.21  RIGHT     4.68168E-01  -138.71    1.29186E+00  -169.67
  -16.00     0.00      -7.06    1.61    2.17    0.17114    71.90  RIGHT     4.75882E-01  -138.73    1.29186E+00  -169.56
  -14.00     0.00      -6.93    1.61    2.18    0.17257    71.62  RIGHT     4.82791E-01  -138.74    1.29186E+00  -169.47
  -12.00     0.00      -6.83    1.61    2.20    0.17380    71.38  RIGHT     4.88858E-01  -138.75    1.29186E+00  -169.39
  -10.00     0.00      -6.73    1.61    2.21    0.17484    71.18  RIGHT     4.94051E-01  -138.76    1.29186E+00  -169.32
   -8.00     0.00      -6.66    1.61    2.22    0.17569    71.01  RIGHT     4.98341E-01  -138.77    1.29186E+00  -169.27
   -6.00     0.00      -6.60    1.61    2.22    0.17635    70.87  RIGHT     5.01703E-01  -138.77    1.29186E+00  -169.23
   -4.00     0.00      -6.56    1.61    2.23    0.17681    70.78  RIGHT     5.04118E-01  -138.78    1.29186E+00  -169.19
   -2.00     0.00      -6.53    1.61    2.23    0.17709    70.72  RIGHT     5.05573E-01  -138.78    1.29186E+00  -169.18
    0.00     0.00      -6.53    1.61    2.23    0.17719    70.70  RIGHT     5.06058E-01  -138.78    1.29186E+00  -169.17
    2.00     0.00      -6.53    1.61    2.23    0.17709    70.72  RIGHT     5.05573E-01  -138.78    1.29186E+00  -169.18
    4.00     0.00      -6.56    1.61    2.23    0.17681    70.78  RIGHT     5.04118E-01  -138.78    1.29186E+00  -169.19
    6.00     0.00      -6.60    1.61    2.22    0.17635    70.87  RIGHT     5.01703E-01  -138.77    1.29186E+00  -169.23
    8.00     0.00      -6.66    1.61    2.22    0.17569    71.01  RIGHT     4.98341E-01  -138.77    1.29186E+00  -169.27
   10.00     0.00      -6.73    1.61    2.21    0.17484    71.18  RIGHT     4.94051E-01  -138.76    1.29186E+00  -169.32
   12.00     0.00      -6.83    1.61    2.20    0.17380    71.38  RIGHT     4.88858E-01  -138.75    1.29186E+00  -169.39
   14.00     0.00      -6.93    1.61    2.18    0.17257    71.62  RIGHT     4.82791E-01  -138.74    1.29186E+00  -169.47
   16.00     0.00      -7.06    1.61    2.17    0.17114    71.90  RIGHT     4.75882E-01  -138.73    1.29186E+00  -169.56
   18.00     0.00      -7.20    1.61    2.15    0.16951    72.21  RIGHT     4.68168E-01  -138.71    1.29186E+00  -169.67
   20.00     0.00      -7.36    1.61    2.13    0.16767    72.55  RIGHT     4.59692E-01  -138.70    1.29186E+00  -169.78
   22.00     0.00      -7.54    1.61    2.11    0.16564    72.91  RIGHT     4.50495E-01  -138.68    1.29186E+00  -169.91
   24.00     0.00      -7.73    1.61    2.09    0.16339    73.31  RIGHT     4.40625E-01  -138.66    1.29186E+00  -170.05
   26.00     0.00      -7.94    1.61    2.07    0.16095    73.73  RIGHT     4.30129E-01  -138.64    1.29186E+00  -170.20
   28.00     0.00      -8.16    1.61    2.05    0.15829    74.17  RIGHT     4.19058E-01  -138.62    1.29186E+00  -170.36
   30.00     0.00      -8.41    1.61    2.03    0.15543    74.64  RIGHT     4.07462E-01  -138.60    1.29186E+00  -170.54
   32.00     0.00      -8.67    1.61    2.00    0.15237    75.12  RIGHT     3.95392E-01  -138.57    1.29186E+00  -170.72
   34.00     0.00      -8.95    1.61    1.98    0.14910    75.62  RIGHT     3.82899E-01  -138.55    1.29186E+00  -170.91
   36.00     0.00      -9.24    1.61    1.96    0.14563    76.13  RIGHT     3.70032E-01  -138.52    1.29186E+00  -171.12
   38.00     0.00      -9.56    1.61    1.93    0.14197    76.66  RIGHT     3.56842E-01  -138.49    1.29186E+00  -171.33
   40.00     0.00      -9.89    1.61    1.91    0.13813    77.20  RIGHT     3.43377E-01  -138.47    1.29186E+00  -171.56
   42.00     0.00     -10.25    1.61    1.89    0.13409    77.74  RIGHT     3.29680E-01  -138.44    1.29186E+00  -171.79
   44.00     0.00     -10.62    1.61    1.87    0.12989    78.29  RIGHT     3.15798E-01  -138.41    1.29186E+00  -172.03
   46.00     0.00     -11.02    1.61    1.85    0.12551    78.85  RIGHT     3.01770E-01  -138.38    1.29186E+00  -172.29
   48.00     0.00     -11.43    1.61    1.83    0.12097    79.41  RIGHT     2.87634E-01  -138.35    1.29186E+00  -172.55
   50.00     0.00     -11.87    1.61    1.81    0.11627    79.97  RIGHT     2.73427E-01  -138.32    1.29186E+00  -172.82
   52.00     0.00     -12.34    1.61    1.79    0.11144    80.53  RIGHT     2.59179E-01  -138.29    1.29186E+00  -173.09
   54.00     0.00     -12.83    1.61    1.77    0.10646    81.08  RIGHT     2.44920E-01  -138.26    1.29186E+00  -173.38
   56.00     0.00     -13.35    1.61    1.75    0.10136    81.64  RIGHT     2.30675E-01  -138.23    1.29186E+00  -173.67
   58.00     0.00     -13.90    1.61    1.74    0.09613    82.18  RIGHT     2.16467E-01  -138.20    1.29186E+00  -173.97
   60.00     0.00     -14.49    1.61    1.72    0.09080    82.73  RIGHT     2.02313E-01  -138.18    1.29186E+00  -174.27
   62.00     0.00     -15.12    1.61    1.71    0.08535    83.26  RIGHT     1.88229E-01  -138.15    1.29186E+00  -174.58
   64.00     0.00     -15.79    1.61    1.69    0.07981    83.80  RIGHT     1.74226E-01  -138.12    1.29186E+00  -174.90
   66.00     0.00     -16.51    1.61    1.68    0.07417    84.32  RIGHT     1.60314E-01  -138.10    1.29186E+00  -175.22
   68.00     0.00     -17.29    1.61    1.67    0.06844    84.83  RIGHT     1.46498E-01  -138.07    1.29186E+00  -175.55
   70.00     0.00     -18.15    1.61    1.66    0.06263    85.34  RIGHT     1.32781E-01  -138.05    1.29186E+00  -175.89
   72.00     0.00     -19.09    1.61    1.65    0.05673    85.84  RIGHT     1.19163E-01  -138.03    1.29186E+00  -176.22
   74.00     0.00     -20.13    1.61    1.64    0.05075    86.33  RIGHT     1.05642E-01  -138.01    1.29186E+00  -176.56
   76.00     0.00     -21.31    1.61    1.64    0.04470    86.81  RIGHT     9.22122E-02  -138.00    1.29186E+00  -176.91
   78.00     0.00     -22.67    1.61    1.63    0.03856    87.29  RIGHT     7.88674E-02  -137.98    1.29186E+00  -177.25
   80.00     0.00     -24.27    1.61    1.63    0.03234    87.76  RIGHT     6.55989E-02  -137.97    1.29186E+00  -177.60
   82.00     0.00     -26.22    1.61    1.62    0.02604    88.22  RIGHT     5.23963E-02  -137.96    1.29186E+00  -177.96
   84.00     0.00     -28.73    1.61    1.62    0.01966    88.67  RIGHT     3.92482E-02  -137.95    1.29186E+00  -178.31
   86.00     0.00     -32.26    1.61    1.62    0.01320    89.12  RIGHT     2.61419E-02  -137.94    1.29186E+00  -178.66
   88.00     0.00     -38.29    1.61    1.62    0.00664    89.56  RIGHT     1.30638E-02  -137.94    1.29186E+00  -179.02
   90.00     0.00    -999.99    1.61    1.61    0.00000   -90.00  LINEAR    1.90960E-12    42.06    1.29186E+00  -179.38
   92.00     0.00     -38.29    1.61    1.62    0.00674   -89.57  LEFT      1.30638E-02    42.06    1.29186E+00  -179.73
   94.00     0.00     -32.26    1.61    1.62    0.01358   -89.14  LEFT      2.61419E-02    42.06    1.29186E+00   179.91
   96.00     0.00     -28.73    1.61    1.62    0.02051   -88.72  LEFT      3.92482E-02    42.05    1.29186E+00   179.56
   98.00     0.00     -26.22    1.61    1.62    0.02755   -88.30  LEFT      5.23963E-02    42.04    1.29186E+00   179.20
  100.00     0.00     -24.27    1.61    1.63    0.03470   -87.88  LEFT      6.55989E-02    42.03    1.29186E+00   178.85
  102.00     0.00     -22.67    1.61    1.63    0.04195   -87.46  LEFT      7.88674E-02    42.02    1.29186E+00   178.50
  104.00     0.00     -21.31    1.61    1.64    0.04932   -87.05  LEFT      9.22122E-02    42.00    1.29186E+00   178.15
  106.00     0.00     -20.13    1.61    1.64    0.05679   -86.63  LEFT      1.05642E-01    41.99    1.29186E+00   177.81
  108.00     0.00     -19.09    1.61    1.65    0.06437   -86.22  LEFT      1.19163E-01    41.97    1.29186E+00   177.47
  110.00     0.00     -18.15    1.61    1.66    0.07206   -85.81  LEFT      1.32781E-01    41.95    1.29186E+00   177.13
  112.00     0.00     -17.29    1.61    1.67    0.07985   -85.40  LEFT      1.46498E-01    41.93    1.29186E+00   176.80
  114.00     0.00     -16.51    1.61    1.68    0.08773   -84.98  LEFT      1.60314E-01    41.90    1.29186E+00   176.47
  116.00     0.00     -15.79    1.61    1.69    0.09571   -84.57  LEFT      1.74226E-01    41.88    1.29186E+00   176.15
  118.00     0.00     -15.12    1.61    1.71    0.10377   -84.16  LEFT      1.88229E-01    41.85    1.29186E+00   175.83
  120.00     0.00     -14.49    1.61    1.72    0.11190   -83.75  LEFT      2.02313E-01    41.82    1.29186E+00   175.52
  122.00     0.00     -13.90    1.61    1.74    0.12009   -83.33  LEFT      2.16467E-01    41.80    1.29186E+00   175.22
  124.00     0.00     -13.35    1.61    1.75    0.12833   -82.92  LEFT      2.30675E-01    41.77    1.29186E+00   174.92
  126.00     0.00     -12.83    1.61    1.77    0.13659   -82.51  LEFT      2.44920E-01    41.74    1.29186E+00   174.62
  128.00     0.00     -12.34    1.61    1.79    0.14487   -82.10  LEFT      2.59179E-01    41.71    1.29186E+00   174.34
  130.00     0.00     -11.87    1.61    1.81    0.15314   -81.68  LEFT      2.73427E-01    41.68    1.29186E+00   174.06
  132.00     0.00     -11.43    1.61    1.83    0.16138   -81.27  LEFT      2.87634E-01    41.65    1.29186E+00   173.79
  134.00     0.00     -11.02    1.61    1.85    0.16957   -80.87  LEFT      3.01770E-01    41.62    1.29186E+00   173.53
  136.00     0.00     -10.62    1.61    1.87    0.17769   -80.46  LEFT      3.15798E-01    41.59    1.29186E+00   173.28
  138.00     0.00     -10.25    1.61    1.89    0.18570   -80.06  LEFT      3.29680E-01    41.56    1.29186E+00   173.04
  140.00     0.00      -9.89    1.61    1.91    0.19358   -79.66  LEFT      3.43377E-01    41.53    1.29186E+00   172.81
  142.00     0.00      -9.56    1.61    1.93    0.20131   -79.27  LEFT      3.56842E-01    41.51    1.29186E+00   172.58
  144.00     0.00      -9.24    1.61    1.96    0.20885   -78.89  LEFT      3.70032E-01    41.48    1.29186E+00   172.37
  146.00     0.00      -8.95    1.61    1.98    0.21618   -78.51  LEFT      3.82899E-01    41.45    1.29186E+00   172.16
  148.00     0.00      -8.67    1.61    2.00    0.22327   -78.15  LEFT      3.95392E-01    41.43    1.29186E+00   171.97
  150.00     0.00      -8.41    1.61    2.03    0.23009   -77.80  LEFT      4.07462E-01    41.40    1.29186E+00   171.78
  152.00     0.00      -8.16    1.61    2.05    0.23662   -77.45  LEFT      4.19058E-01    41.38    1.29186E+00   171.61
  154.00     0.00      -7.94    1.61    2.07    0.24282   -77.13  LEFT      4.30129E-01    41.36    1.29186E+00   171.45
  156.00     0.00      -7.73    1.61    2.09    0.24867   -76.81  LEFT      4.40625E-01    41.34    1.29186E+00   171.30
  158.00     0.00      -7.54    1.61    2.11    0.25415   -76.52  LEFT      4.50495E-01    41.32    1.29186E+00   171.16
  160.00     0.00      -7.36    1.61    2.13    0.25923   -76.24  LEFT      4.59692E-01    41.30    1.29186E+00   171.03
  162.00     0.00      -7.20    1.61    2.15    0.26389   -75.99  LEFT      4.68168E-01    41.29    1.29186E+00   170.92
  164.00     0.00      -7.06    1.61    2.17    0.26812   -75.76  LEFT      4.75882E-01    41.27    1.29186E+00   170.81
  166.00     0.00      -6.93    1.61    2.18    0.27189   -75.55  LEFT      4.82791E-01    41.26    1.29186E+00   170.72
  168.00     0.00      -6.83    1.61    2.20    0.27519   -75.36  LEFT      4.88858E-01    41.25    1.29186E+00   170.64
  170.00     0.00      -6.73    1.61    2.21    0.27801   -75.21  LEFT      4.94051E-01    41.24    1.29186E+00   170.57
  172.00     0.00      -6.66    1.61    2.22    0.28033   -75.07  LEFT      4.98341E-01    41.23    1.29186E+00   170.52
  174.00     0.00      -6.60    1.61    2.22    0.28214   -74.97  LEFT      5.01703E-01    41.23    1.29186E+00   170.47
  176.00     0.00      -6.56    1.61    2.23    0.28344   -74.90  LEFT      5.04118E-01    41.22    1.29186E+00   170.44
  178.00     0.00      -6.53    1.61    2.23    0.28423   -74.85  LEFT      5.05573E-01    41.22    1.29186E+00   170.42
  180.00     0.00      -6.53    1.61    2.23    0.28449   -74.84  LEFT      5.06058E-01    41.22    1.29186E+00   170.42
 ***** DATA CARD NO.  9   EN   0   181     1  1000 -1.80000E+02  0.00000E+00  2.00000E+00  0.00000E+00  0.00000E+00  0.00000E+00

 RUN TIME =     0.375
