1



                                 *********************************************

                                    NUMERICAL ELECTROMAGNETICS CODE (NEC-2D)

                                 *********************************************




                                     - - - - COMMENTS - - - -


                          30/17-M dipoles:  open sleeve coupling                                     
                          FR 0 1 0 0 18.118 1	                                                       
                                                                                                     




                                 - - - STRUCTURE SPECIFICATION - - -

                                     COORDINATES MUST BE INPUT IN
                                     METERS OR BE SCALED TO METERS
                                     BEFORE STRUCTURE INPUT IS ENDED


  WIRE                                                                               NO. OF    FIRST  LAST     TAG
  NO.        X1         Y1         Z1          X2         Y2         Z2      RADIUS   SEG.     SEG.   SEG.     NO.
     1    0.00000   -0.04550    0.00500     0.00000    0.04550    0.00500    0.00025     21        1    21       1
     2   -0.04550    0.00000    0.00000     0.04550    0.00000    0.00000    0.00025     21       22    42       2

   TOTAL SEGMENTS USED=   42     NO. SEG. IN A SYMMETRIC CELL=   42     SYMMETRY FLAG=  0


         - MULTIPLE WIRE JUNCTIONS -
 JUNCTION    SEGMENTS  (- FOR END 1, + FOR END 2)
  NONE




                                 - - - - SEGMENTATION DATA - - - -

                                        COORDINATES IN METERS

                         I+ AND I- INDICATE THE SEGMENTS BEFORE AND AFTER I


  SEG.   COORDINATES OF SEG. CENTER     SEG.     ORIENTATION ANGLES    WIRE    CONNECTION DATA   TAG
  NO.       X         Y         Z       LENGTH     ALPHA     BETA      RADIUS    I-   I    I+    NO.
     1   0.00000  -0.04333   0.00500   0.00433    0.00000  90.00000   0.00025     0    1    2      1
     2   0.00000  -0.03900   0.00500   0.00433    0.00000  90.00000   0.00025     1    2    3      1
     3   0.00000  -0.03467   0.00500   0.00433    0.00000  90.00000   0.00025     2    3    4      1
     4   0.00000  -0.03033   0.00500   0.00433    0.00000  90.00000   0.00025     3    4    5      1
     5   0.00000  -0.02600   0.00500   0.00433    0.00000  90.00000   0.00025     4    5    6      1
     6   0.00000  -0.02167   0.00500   0.00433    0.00000  90.00000   0.00025     5    6    7      1
     7   0.00000  -0.01733   0.00500   0.00433    0.00000  90.00000   0.00025     6    7    8      1
     8   0.00000  -0.01300   0.00500   0.00433    0.00000  90.00000   0.00025     7    8    9      1
     9   0.00000  -0.00867   0.00500   0.00433    0.00000  90.00000   0.00025     8    9   10      1
    10   0.00000  -0.00433   0.00500   0.00433    0.00000  90.00000   0.00025     9   10   11      1
    11   0.00000   0.00000   0.00500   0.00433    0.00000  90.00000   0.00025    10   11   12      1
    12   0.00000   0.00433   0.00500   0.00433    0.00000  90.00000   0.00025    11   12   13      1
    13   0.00000   0.00867   0.00500   0.00433    0.00000  90.00000   0.00025    12   13   14      1
    14   0.00000   0.01300   0.00500   0.00433    0.00000  90.00000   0.00025    13   14   15      1
    15   0.00000   0.01733   0.00500   0.00433    0.00000  90.00000   0.00025    14   15   16      1
    16   0.00000   0.02167   0.00500   0.00433    0.00000  90.00000   0.00025    15   16   17      1
    17   0.00000   0.02600   0.00500   0.00433    0.00000  90.00000   0.00025    16   17   18      1
    18   0.00000   0.03033   0.00500   0.00433    0.00000  90.00000   0.00025    17   18   19      1
    19   0.00000   0.03467   0.00500   0.00433    0.00000  90.00000   0.00025    18   19   20      1
    20   0.00000   0.03900   0.00500   0.00433    0.00000  90.00000   0.00025    19   20   21      1
    21   0.00000   0.04333   0.00500   0.00433    0.00000  90.00000   0.00025    20   21    0      1
    22  -0.04333   0.00000   0.00000   0.00433    0.00000   0.00000   0.00025     0   22   23      2
    23  -0.03900   0.00000   0.00000   0.00433    0.00000   0.00000   0.00025    22   23   24      2
    24  -0.03467   0.00000   0.00000   0.00433    0.00000   0.00000   0.00025    23   24   25      2
    25  -0.03033   0.00000   0.00000   0.00433    0.00000   0.00000   0.00025    24   25   26      2
    26  -0.02600   0.00000   0.00000   0.00433    0.00000   0.00000   0.00025    25   26   27      2
    27  -0.02167   0.00000   0.00000   0.00433    0.00000   0.00000   0.00025    26   27   28      2
    28  -0.01733   0.00000   0.00000   0.00433    0.00000   0.00000   0.00025    27   28   29      2
    29  -0.01300   0.00000   0.00000   0.00433    0.00000   0.00000   0.00025    28   29   30      2
    30  -0.00867   0.00000   0.00000   0.00433    0.00000   0.00000   0.00025    29   30   31      2
    31  -0.00433   0.00000   0.00000   0.00433    0.00000   0.00000   0.00025    30   31   32      2
    32   0.00000   0.00000   0.00000   0.00433    0.00000   0.00000   0.00025    31   32   33      2
    33   0.00433   0.00000   0.00000   0.00433    0.00000   0.00000   0.00025    32   33   34      2
    34   0.00867   0.00000   0.00000   0.00433    0.00000   0.00000   0.00025    33   34   35      2
    35   0.01300   0.00000   0.00000   0.00433    0.00000   0.00000   0.00025    34   35   36      2
    36   0.01733   0.00000   0.00000   0.00433    0.00000   0.00000   0.00025    35   36   37      2
    37   0.02167   0.00000   0.00000   0.00433    0.00000   0.00000   0.00025    36   37   38      2
    38   0.02600   0.00000   0.00000   0.00433    0.00000   0.00000   0.00025    37   38   39      2
    39   0.03033   0.00000   0.00000   0.00433    0.00000   0.00000   0.00025    38   39   40      2
    40   0.03467   0.00000   0.00000   0.00433    0.00000   0.00000   0.00025    39   40   41      2
    41   0.03900   0.00000   0.00000   0.00433    0.00000   0.00000   0.00025    40   41   42      2
    42   0.04333   0.00000   0.00000   0.00433    0.00000   0.00000   0.00025    41   42    0      2






 ***** DATA CARD NO.  1   GN  -1     0     0     0  0.00000E+00  0.00000E+00  0.00000E+00  0.00000E+00  0.00000E+00  0.00000E+00
 ***** DATA CARD NO.  2   EK   0     0     0     0  0.00000E+00  0.00000E+00  0.00000E+00  0.00000E+00  0.00000E+00  0.00000E+00
 ***** DATA CARD NO.  3   EX   0     2    11     0  1.00000E+00  0.00000E+00  0.00000E+00  0.00000E+00  0.00000E+00  0.00000E+00
 ***** DATA CARD NO.  4   TL   1    11     2    11  5.00000E+01  4.75000E-02  0.00000E+00  0.00000E+00  0.00000E+00  0.00000E+00
 ***** DATA CARD NO.  5   FR   0     0     0     0  1.57500E+03  0.00000E+00  0.00000E+00  0.00000E+00  0.00000E+00  0.00000E+00
 ***** DATA CARD NO.  6   XQ   0     0     0     0  0.00000E+00  0.00000E+00  0.00000E+00  0.00000E+00  0.00000E+00  0.00000E+00




                                 - - - - - - FREQUENCY - - - - - -

                                    FREQUENCY= 1.5750E+03 MHZ
                                    WAVELENGTH= 1.9035E-01 METERS




                    APPROXIMATE INTEGRATION EMPLOYED FOR SEGMENTS MORE THAN   1.000 WAVELENGTHS APART

                    THE EXTENDED THIN WIRE KERNEL WILL BE USED



                               - - - STRUCTURE IMPEDANCE LOADING - - -

                                   THIS STRUCTURE IS NOT LOADED



                                  - - - ANTENNA ENVIRONMENT - - -

                                            FREE SPACE



                                - - - MATRIX TIMING - - -

                        FILL=    0.016 SEC.,  FACTOR=    0.000 SEC.



                                            - - - NETWORK DATA - - -

      - FROM -    - TO -           TRANSMISSION LINE               -  -  SHUNT ADMITTANCES (MHOS)  -  -              LINE
      TAG  SEG.   TAG  SEG.      IMPEDANCE      LENGTH            - END ONE -                 - END TWO -            TYPE
      NO.   NO.   NO.   NO.         OHMS        METERS         REAL          IMAG.         REAL          IMAG.
        1    11     2    32     5.0000E+01    4.7500E-02    0.0000E+00    0.0000E+00    0.0000E+00    0.0000E+00   STRAIGHT



                           - - - STRUCTURE EXCITATION DATA AT NETWORK CONNECTION POINTS - - -

   TAG   SEG.    VOLTAGE (VOLTS)         CURRENT (AMPS)         IMPEDANCE (OHMS)        ADMITTANCE (MHOS)      POWER
   NO.   NO.    REAL        IMAG.       REAL        IMAG.       REAL        IMAG.       REAL        IMAG.     (WATTS)
     1    11 1.96592E-01-1.48676E+00 8.56866E-05-1.99888E-02 7.44206E+01 9.51611E+00 1.32210E-02-1.69056E-03 1.48677E-02
     2    32 1.00000E+00 0.00000E+00 1.32210E-02-1.69056E-03 7.44206E+01 9.51611E+00 1.32210E-02-1.69056E-03 6.61049E-03



                                          - - - ANTENNA INPUT PARAMETERS - - -

   TAG   SEG.    VOLTAGE (VOLTS)         CURRENT (AMPS)         IMPEDANCE (OHMS)        ADMITTANCE (MHOS)      POWER
   NO.   NO.    REAL        IMAG.       REAL        IMAG.       REAL        IMAG.       REAL        IMAG.     (WATTS)
     2    32 1.00000E+00 0.00000E+00 4.29563E-02 2.18367E-03 2.32195E+01-1.18035E+00 4.29563E-02 2.18367E-03 2.14781E-02



                             - - - CURRENTS AND LOCATION - - -

                                 DISTANCES IN WAVELENGTHS


  SEG.  TAG    COORD. OF SEG. CENTER     SEG.            - - - CURRENT (AMPS) - - -
  NO.   NO.     X        Y        Z      LENGTH     REAL        IMAG.       MAG.        PHASE
     1    1   0.0000  -0.2277   0.0263  0.02277  -2.9176E-04 -2.2776E-03  2.2962E-03  -97.300
     2    1   0.0000  -0.2049   0.0263  0.02277  -6.7177E-04 -5.6007E-03  5.6409E-03  -96.840
     3    1   0.0000  -0.1821   0.0263  0.02277  -9.4261E-04 -8.4737E-03  8.5260E-03  -96.347
     4    1   0.0000  -0.1594   0.0263  0.02277  -1.1292E-03 -1.1069E-02  1.1126E-02  -95.825
     5    1   0.0000  -0.1366   0.0263  0.02277  -1.2322E-03 -1.3380E-02  1.3437E-02  -95.262
     6    1   0.0000  -0.1138   0.0263  0.02277  -1.2501E-03 -1.5386E-02  1.5437E-02  -94.645
     7    1   0.0000  -0.0911   0.0263  0.02277  -1.1800E-03 -1.7060E-02  1.7101E-02  -93.957
     8    1   0.0000  -0.0683   0.0263  0.02277  -1.0185E-03 -1.8377E-02  1.8405E-02  -93.172
     9    1   0.0000  -0.0455   0.0263  0.02277  -7.5773E-04 -1.9313E-02  1.9328E-02  -92.247
    10    1   0.0000  -0.0228   0.0263  0.02277  -3.6445E-04 -1.9851E-02  1.9854E-02  -91.052
    11    1   0.0000   0.0000   0.0263  0.02277   8.5687E-05 -1.9989E-02  1.9989E-02  -89.754
    12    1   0.0000   0.0228   0.0263  0.02277  -3.6445E-04 -1.9851E-02  1.9854E-02  -91.052
    13    1   0.0000   0.0455   0.0263  0.02277  -7.5773E-04 -1.9313E-02  1.9328E-02  -92.247
    14    1   0.0000   0.0683   0.0263  0.02277  -1.0185E-03 -1.8377E-02  1.8405E-02  -93.172
    15    1   0.0000   0.0911   0.0263  0.02277  -1.1800E-03 -1.7060E-02  1.7101E-02  -93.957
    16    1   0.0000   0.1138   0.0263  0.02277  -1.2501E-03 -1.5386E-02  1.5437E-02  -94.645
    17    1   0.0000   0.1366   0.0263  0.02277  -1.2322E-03 -1.3380E-02  1.3437E-02  -95.262
    18    1   0.0000   0.1594   0.0263  0.02277  -1.1292E-03 -1.1069E-02  1.1126E-02  -95.825
    19    1   0.0000   0.1821   0.0263  0.02277  -9.4261E-04 -8.4737E-03  8.5260E-03  -96.347
    20    1   0.0000   0.2049   0.0263  0.02277  -6.7177E-04 -5.6007E-03  5.6409E-03  -96.840
    21    1   0.0000   0.2277   0.0263  0.02277  -2.9176E-04 -2.2776E-03  2.2962E-03  -97.300
    22    2  -0.2277   0.0000   0.0000  0.02277   1.4801E-03 -3.9195E-04  1.5311E-03  -14.832
    23    2  -0.2049   0.0000   0.0000  0.02277   3.6436E-03 -9.3363E-04  3.7613E-03  -14.372
    24    2  -0.1821   0.0000   0.0000  0.02277   5.5191E-03 -1.3638E-03  5.6851E-03  -13.880
    25    2  -0.1594   0.0000   0.0000  0.02277   7.2182E-03 -1.7140E-03  7.4189E-03  -13.358
    26    2  -0.1366   0.0000   0.0000  0.02277   8.7373E-03 -1.9841E-03  8.9598E-03  -12.794
    27    2  -0.1138   0.0000   0.0000  0.02277   1.0062E-02 -2.1713E-03  1.0293E-02  -12.177
    28    2  -0.0911   0.0000   0.0000  0.02277   1.1174E-02 -2.2713E-03  1.1403E-02  -11.489
    29    2  -0.0683   0.0000   0.0000  0.02277   1.2059E-02 -2.2795E-03  1.2272E-02  -10.705
    30    2  -0.0455   0.0000   0.0000  0.02277   1.2701E-02 -2.1891E-03  1.2888E-02   -9.779
    31    2  -0.0228   0.0000   0.0000  0.02277   1.3090E-02 -1.9761E-03  1.3239E-02   -8.584
    32    2   0.0000   0.0000   0.0000  0.02277   1.3221E-02 -1.6906E-03  1.3329E-02   -7.287
    33    2   0.0228   0.0000   0.0000  0.02277   1.3090E-02 -1.9761E-03  1.3239E-02   -8.584
    34    2   0.0455   0.0000   0.0000  0.02277   1.2701E-02 -2.1891E-03  1.2888E-02   -9.779
    35    2   0.0683   0.0000   0.0000  0.02277   1.2059E-02 -2.2795E-03  1.2272E-02  -10.705
    36    2   0.0911   0.0000   0.0000  0.02277   1.1174E-02 -2.2713E-03  1.1403E-02  -11.489
    37    2   0.1138   0.0000   0.0000  0.02277   1.0062E-02 -2.1713E-03  1.0293E-02  -12.177
    38    2   0.1366   0.0000   0.0000  0.02277   8.7373E-03 -1.9841E-03  8.9598E-03  -12.794
    39    2   0.1594   0.0000   0.0000  0.02277   7.2182E-03 -1.7140E-03  7.4189E-03  -13.358
    40    2   0.1821   0.0000   0.0000  0.02277   5.5191E-03 -1.3638E-03  5.6851E-03  -13.880
    41    2   0.2049   0.0000   0.0000  0.02277   3.6436E-03 -9.3363E-04  3.7613E-03  -14.372
    42    2   0.2277   0.0000   0.0000  0.02277   1.4801E-03 -3.9195E-04  1.5311E-03  -14.832



                                        - - - POWER BUDGET - - -

                                           INPUT POWER   = 2.1478E-02 WATTS
                                           RADIATED POWER= 2.1478E-02 WATTS
                                           STRUCTURE LOSS= 0.0000E+00 WATTS
                                           NETWORK LOSS  = 3.1225E-17 WATTS
                                           EFFICIENCY    = 100.00 PERCENT






 ***** DATA CARD NO.  7   FR   0    31     0     0  1.40000E+03  1.00000E+01  0.00000E+00  0.00000E+00  0.00000E+00  0.00000E+00
 ***** DATA CARD NO.  8   RP   0     1     1  1000  0.00000E+00  0.00000E+00  0.00000E+00  0.00000E+00  0.00000E+00  0.00000E+00




                                 - - - - - - FREQUENCY - - - - - -

                                    FREQUENCY= 1.4000E+03 MHZ
                                    WAVELENGTH= 2.1414E-01 METERS




                    APPROXIMATE INTEGRATION EMPLOYED FOR SEGMENTS MORE THAN   1.000 WAVELENGTHS APART

                    THE EXTENDED THIN WIRE KERNEL WILL BE USED



                               - - - STRUCTURE IMPEDANCE LOADING - - -

                                   THIS STRUCTURE IS NOT LOADED



                                  - - - ANTENNA ENVIRONMENT - - -

                                            FREE SPACE



                                - - - MATRIX TIMING - - -

                        FILL=    0.000 SEC.,  FACTOR=    0.000 SEC.



                                            - - - NETWORK DATA - - -

      - FROM -    - TO -           TRANSMISSION LINE               -  -  SHUNT ADMITTANCES (MHOS)  -  -              LINE
      TAG  SEG.   TAG  SEG.      IMPEDANCE      LENGTH            - END ONE -                 - END TWO -            TYPE
      NO.   NO.   NO.   NO.         OHMS        METERS         REAL          IMAG.         REAL          IMAG.
        1    11     2    32     5.0000E+01    4.7500E-02    0.0000E+00    0.0000E+00    0.0000E+00    0.0000E+00   STRAIGHT



                           - - - STRUCTURE EXCITATION DATA AT NETWORK CONNECTION POINTS - - -

   TAG   SEG.    VOLTAGE (VOLTS)         CURRENT (AMPS)         IMPEDANCE (OHMS)        ADMITTANCE (MHOS)      POWER
   NO.   NO.    REAL        IMAG.       REAL        IMAG.       REAL        IMAG.       REAL        IMAG.     (WATTS)
     1    11-1.98749E+00-2.06650E+00 7.39681E-03-2.74318E-02 5.20143E+01-8.64776E+01 5.10753E-03 8.49163E-03 2.09934E-02
     2    32 1.00000E+00 0.00000E+00 5.10753E-03 8.49163E-03 5.20143E+01-8.64776E+01 5.10753E-03 8.49163E-03 2.55376E-03



                                          - - - ANTENNA INPUT PARAMETERS - - -

   TAG   SEG.    VOLTAGE (VOLTS)         CURRENT (AMPS)         IMPEDANCE (OHMS)        ADMITTANCE (MHOS)      POWER
   NO.   NO.    REAL        IMAG.       REAL        IMAG.       REAL        IMAG.       REAL        IMAG.     (WATTS)
     2    32 1.00000E+00 0.00000E+00 4.70943E-02-3.54692E-02 1.35487E+01 1.02042E+01 4.70943E-02-3.54692E-02 2.35471E-02



                             - - - CURRENTS AND LOCATION - - -

                                 DISTANCES IN WAVELENGTHS


  SEG.  TAG    COORD. OF SEG. CENTER     SEG.            - - - CURRENT (AMPS) - - -
  NO.   NO.     X        Y        Z      LENGTH     REAL        IMAG.       MAG.        PHASE
     1    1   0.0000  -0.2024   0.0233  0.02024   4.8889E-04 -2.8466E-03  2.8882E-03  -80.255
     2    1   0.0000  -0.1821   0.0233  0.02024   1.2474E-03 -6.9993E-03  7.1096E-03  -79.895
     3    1   0.0000  -0.1619   0.0233  0.02024   1.9630E-03 -1.0605E-02  1.0785E-02  -79.514
     4    1   0.0000  -0.1416   0.0233  0.02024   2.6725E-03 -1.3896E-02  1.4151E-02  -79.114
     5    1   0.0000  -0.1214   0.0233  0.02024   3.3766E-03 -1.6880E-02  1.7214E-02  -78.688
     6    1   0.0000  -0.1012   0.0233  0.02024   4.0719E-03 -1.9542E-02  1.9961E-02  -78.230
     7    1   0.0000  -0.0809   0.0233  0.02024   4.7549E-03 -2.1861E-02  2.2372E-02  -77.729
     8    1   0.0000  -0.0607   0.0233  0.02024   5.4242E-03 -2.3818E-02  2.4428E-02  -77.170
     9    1   0.0000  -0.0405   0.0233  0.02024   6.0842E-03 -2.5402E-02  2.6121E-02  -76.531
    10    1   0.0000  -0.0202   0.0233  0.02024   6.7732E-03 -2.6640E-02  2.7487E-02  -75.735
    11    1   0.0000   0.0000   0.0233  0.02024   7.3968E-03 -2.7432E-02  2.8412E-02  -74.909
    12    1   0.0000   0.0202   0.0233  0.02024   6.7732E-03 -2.6640E-02  2.7487E-02  -75.735
    13    1   0.0000   0.0405   0.0233  0.02024   6.0842E-03 -2.5402E-02  2.6121E-02  -76.531
    14    1   0.0000   0.0607   0.0233  0.02024   5.4242E-03 -2.3818E-02  2.4428E-02  -77.170
    15    1   0.0000   0.0809   0.0233  0.02024   4.7549E-03 -2.1861E-02  2.2372E-02  -77.729
    16    1   0.0000   0.1012   0.0233  0.02024   4.0719E-03 -1.9542E-02  1.9961E-02  -78.230
    17    1   0.0000   0.1214   0.0233  0.02024   3.3766E-03 -1.6880E-02  1.7214E-02  -78.688
    18    1   0.0000   0.1416   0.0233  0.02024   2.6725E-03 -1.3896E-02  1.4151E-02  -79.114
    19    1   0.0000   0.1619   0.0233  0.02024   1.9630E-03 -1.0605E-02  1.0785E-02  -79.514
    20    1   0.0000   0.1821   0.0233  0.02024   1.2474E-03 -6.9993E-03  7.1096E-03  -79.895
    21    1   0.0000   0.2024   0.0233  0.02024   4.8889E-04 -2.8466E-03  2.8882E-03  -80.255
    22    2  -0.2024   0.0000   0.0000  0.02024   5.9737E-04  8.1111E-04  1.0074E-03   53.629
    23    2  -0.1821   0.0000   0.0000  0.02024   1.4579E-03  2.0058E-03  2.4797E-03   53.989
    24    2  -0.1619   0.0000   0.0000  0.02024   2.1914E-03  3.0575E-03  3.7617E-03   54.370
    25    2  -0.1416   0.0000   0.0000  0.02024   2.8471E-03  4.0315E-03  4.9355E-03   54.770
    26    2  -0.1214   0.0000   0.0000  0.02024   3.4269E-03  4.9299E-03  6.0040E-03   55.195
    27    2  -0.1012   0.0000   0.0000  0.02024   3.9279E-03  5.7482E-03  6.9621E-03   55.654
    28    2  -0.0809   0.0000   0.0000  0.02024   4.3457E-03  6.4805E-03  7.8028E-03   56.155
    29    2  -0.0607   0.0000   0.0000  0.02024   4.6759E-03  7.1220E-03  8.5198E-03   56.713
    30    2  -0.0405   0.0000   0.0000  0.02024   4.9147E-03  7.6710E-03  9.1104E-03   57.353
    31    2  -0.0202   0.0000   0.0000  0.02024   5.0592E-03  8.1433E-03  9.5869E-03   58.149
    32    2   0.0000   0.0000   0.0000  0.02024   5.1075E-03  8.4916E-03  9.9093E-03   58.974
    33    2   0.0202   0.0000   0.0000  0.02024   5.0592E-03  8.1433E-03  9.5869E-03   58.149
    34    2   0.0405   0.0000   0.0000  0.02024   4.9147E-03  7.6710E-03  9.1104E-03   57.353
    35    2   0.0607   0.0000   0.0000  0.02024   4.6759E-03  7.1220E-03  8.5198E-03   56.713
    36    2   0.0809   0.0000   0.0000  0.02024   4.3457E-03  6.4805E-03  7.8028E-03   56.155
    37    2   0.1012   0.0000   0.0000  0.02024   3.9279E-03  5.7482E-03  6.9621E-03   55.654
    38    2   0.1214   0.0000   0.0000  0.02024   3.4269E-03  4.9299E-03  6.0040E-03   55.195
    39    2   0.1416   0.0000   0.0000  0.02024   2.8471E-03  4.0315E-03  4.9355E-03   54.770
    40    2   0.1619   0.0000   0.0000  0.02024   2.1914E-03  3.0575E-03  3.7617E-03   54.370
    41    2   0.1821   0.0000   0.0000  0.02024   1.4579E-03  2.0058E-03  2.4797E-03   53.989
    42    2   0.2024   0.0000   0.0000  0.02024   5.9737E-04  8.1111E-04  1.0074E-03   53.629



                                        - - - POWER BUDGET - - -

                                           INPUT POWER   = 2.3547E-02 WATTS
                                           RADIATED POWER= 2.3547E-02 WATTS
                                           STRUCTURE LOSS= 0.0000E+00 WATTS
                                           NETWORK LOSS  = 7.6328E-17 WATTS
                                           EFFICIENCY    = 100.00 PERCENT



                                                - - - RADIATION PATTERNS - - -

  - - ANGLES - -           - POWER GAINS -       - - - POLARIZATION - - -    - - - E(THETA) - - -    - - - E(PHI) - - -
  THETA     PHI        VERT.   HOR.    TOTAL      AXIAL     TILT   SENSE     MAGNITUDE    PHASE      MAGNITUDE    PHASE 
 DEGREES  DEGREES       DB      DB      DB        RATIO     DEG.              VOLTS/M    DEGREES      VOLTS/M    DEGREES
    0.00     0.00      -7.59    1.55    2.05    0.27195   -77.63  RIGHT     4.95663E-01   -33.56    1.42114E+00  -159.04




                                 - - - - - - FREQUENCY - - - - - -

                                    FREQUENCY= 1.4100E+03 MHZ
                                    WAVELENGTH= 2.1262E-01 METERS




                    APPROXIMATE INTEGRATION EMPLOYED FOR SEGMENTS MORE THAN   1.000 WAVELENGTHS APART

                    THE EXTENDED THIN WIRE KERNEL WILL BE USED



                               - - - STRUCTURE IMPEDANCE LOADING - - -

                                   THIS STRUCTURE IS NOT LOADED



                                  - - - ANTENNA ENVIRONMENT - - -

                                            FREE SPACE



                                - - - MATRIX TIMING - - -

                        FILL=    0.000 SEC.,  FACTOR=    0.000 SEC.



                                            - - - NETWORK DATA - - -

      - FROM -    - TO -           TRANSMISSION LINE               -  -  SHUNT ADMITTANCES (MHOS)  -  -              LINE
      TAG  SEG.   TAG  SEG.      IMPEDANCE      LENGTH            - END ONE -                 - END TWO -            TYPE
      NO.   NO.   NO.   NO.         OHMS        METERS         REAL          IMAG.         REAL          IMAG.
        1    11     2    32     5.0000E+01    4.7500E-02    0.0000E+00    0.0000E+00    0.0000E+00    0.0000E+00   STRAIGHT



                           - - - STRUCTURE EXCITATION DATA AT NETWORK CONNECTION POINTS - - -

   TAG   SEG.    VOLTAGE (VOLTS)         CURRENT (AMPS)         IMPEDANCE (OHMS)        ADMITTANCE (MHOS)      POWER
   NO.   NO.    REAL        IMAG.       REAL        IMAG.       REAL        IMAG.       REAL        IMAG.     (WATTS)
     1    11-1.78290E+00-1.92065E+00 6.48079E-03-2.62986E-02 5.31010E+01-8.08802E+01 5.67239E-03 8.63982E-03 1.94780E-02
     2    32 1.00000E+00 0.00000E+00 5.67239E-03 8.63982E-03 5.31010E+01-8.08802E+01 5.67239E-03 8.63982E-03 2.83619E-03



                                          - - - ANTENNA INPUT PARAMETERS - - -

   TAG   SEG.    VOLTAGE (VOLTS)         CURRENT (AMPS)         IMPEDANCE (OHMS)        ADMITTANCE (MHOS)      POWER
   NO.   NO.    REAL        IMAG.       REAL        IMAG.       REAL        IMAG.       REAL        IMAG.     (WATTS)
     2    32 1.00000E+00 0.00000E+00 4.46283E-02-3.08964E-02 1.51474E+01 1.04866E+01 4.46283E-02-3.08964E-02 2.23141E-02



                             - - - CURRENTS AND LOCATION - - -

                                 DISTANCES IN WAVELENGTHS


  SEG.  TAG    COORD. OF SEG. CENTER     SEG.            - - - CURRENT (AMPS) - - -
  NO.   NO.     X        Y        Z      LENGTH     REAL        IMAG.       MAG.        PHASE
     1    1   0.0000  -0.2038   0.0235  0.02038   4.0423E-04 -2.7419E-03  2.7715E-03  -81.613
     2    1   0.0000  -0.1834   0.0235  0.02038   1.0379E-03 -6.7420E-03  6.8215E-03  -81.248
     3    1   0.0000  -0.1630   0.0235  0.02038   1.6434E-03 -1.0215E-02  1.0346E-02  -80.861
     4    1   0.0000  -0.1427   0.0235  0.02038   2.2505E-03 -1.3383E-02  1.3570E-02  -80.454
     5    1   0.0000  -0.1223   0.0235  0.02038   2.8595E-03 -1.6252E-02  1.6502E-02  -80.021
     6    1   0.0000  -0.1019   0.0235  0.02038   3.4675E-03 -1.8808E-02  1.9125E-02  -79.554
     7    1   0.0000  -0.0815   0.0235  0.02038   4.0715E-03 -2.1031E-02  2.1421E-02  -79.043
     8    1   0.0000  -0.0611   0.0235  0.02038   4.6702E-03 -2.2900E-02  2.3372E-02  -78.473
     9    1   0.0000  -0.0408   0.0235  0.02038   5.2681E-03 -2.4405E-02  2.4968E-02  -77.819
    10    1   0.0000  -0.0204   0.0235  0.02038   5.9010E-03 -2.5568E-02  2.6240E-02  -77.004
    11    1   0.0000   0.0000   0.0235  0.02038   6.4808E-03 -2.6299E-02  2.7085E-02  -76.156
    12    1   0.0000   0.0204   0.0235  0.02038   5.9010E-03 -2.5568E-02  2.6240E-02  -77.004
    13    1   0.0000   0.0408   0.0235  0.02038   5.2681E-03 -2.4405E-02  2.4968E-02  -77.819
    14    1   0.0000   0.0611   0.0235  0.02038   4.6702E-03 -2.2900E-02  2.3372E-02  -78.473
    15    1   0.0000   0.0815   0.0235  0.02038   4.0715E-03 -2.1031E-02  2.1421E-02  -79.043
    16    1   0.0000   0.1019   0.0235  0.02038   3.4675E-03 -1.8808E-02  1.9125E-02  -79.554
    17    1   0.0000   0.1223   0.0235  0.02038   2.8595E-03 -1.6252E-02  1.6502E-02  -80.021
    18    1   0.0000   0.1427   0.0235  0.02038   2.2505E-03 -1.3383E-02  1.3570E-02  -80.454
    19    1   0.0000   0.1630   0.0235  0.02038   1.6434E-03 -1.0215E-02  1.0346E-02  -80.861
    20    1   0.0000   0.1834   0.0235  0.02038   1.0379E-03 -6.7420E-03  6.8215E-03  -81.248
    21    1   0.0000   0.2038   0.0235  0.02038   4.0423E-04 -2.7419E-03  2.7715E-03  -81.613
    22    2  -0.2038   0.0000   0.0000  0.02038   6.6187E-04  8.2486E-04  1.0576E-03   51.256
    23    2  -0.1834   0.0000   0.0000  0.02038   1.6161E-03  2.0406E-03  2.6030E-03   51.622
    24    2  -0.1630   0.0000   0.0000  0.02038   2.4301E-03  3.1115E-03  3.9480E-03   52.009
    25    2  -0.1427   0.0000   0.0000  0.02038   3.1584E-03  4.1036E-03  5.1783E-03   52.416
    26    2  -0.1223   0.0000   0.0000  0.02038   3.8028E-03  5.0189E-03  6.2969E-03   52.849
    27    2  -0.1019   0.0000   0.0000  0.02038   4.3599E-03  5.8526E-03  7.2980E-03   53.316
    28    2  -0.0815   0.0000   0.0000  0.02038   4.8246E-03  6.5984E-03  8.1741E-03   53.827
    29    2  -0.0611   0.0000   0.0000  0.02038   5.1920E-03  7.2512E-03  8.9183E-03   54.397
    30    2  -0.0408   0.0000   0.0000  0.02038   5.4578E-03  7.8092E-03  9.5273E-03   55.051
    31    2  -0.0204   0.0000   0.0000  0.02038   5.6186E-03  8.2880E-03  1.0013E-02   55.866
    32    2   0.0000   0.0000   0.0000  0.02038   5.6724E-03  8.6398E-03  1.0335E-02   56.714
    33    2   0.0204   0.0000   0.0000  0.02038   5.6186E-03  8.2880E-03  1.0013E-02   55.866
    34    2   0.0408   0.0000   0.0000  0.02038   5.4578E-03  7.8092E-03  9.5273E-03   55.051
    35    2   0.0611   0.0000   0.0000  0.02038   5.1920E-03  7.2512E-03  8.9183E-03   54.397
    36    2   0.0815   0.0000   0.0000  0.02038   4.8246E-03  6.5984E-03  8.1741E-03   53.827
    37    2   0.1019   0.0000   0.0000  0.02038   4.3599E-03  5.8526E-03  7.2980E-03   53.316
    38    2   0.1223   0.0000   0.0000  0.02038   3.8028E-03  5.0189E-03  6.2969E-03   52.849
    39    2   0.1427   0.0000   0.0000  0.02038   3.1584E-03  4.1036E-03  5.1783E-03   52.416
    40    2   0.1630   0.0000   0.0000  0.02038   2.4301E-03  3.1115E-03  3.9480E-03   52.009
    41    2   0.1834   0.0000   0.0000  0.02038   1.6161E-03  2.0406E-03  2.6030E-03   51.622
    42    2   0.2038   0.0000   0.0000  0.02038   6.6187E-04  8.2486E-04  1.0576E-03   51.256



                                        - - - POWER BUDGET - - -

                                           INPUT POWER   = 2.2314E-02 WATTS
                                           RADIATED POWER= 2.2314E-02 WATTS
                                           STRUCTURE LOSS= 0.0000E+00 WATTS
                                           NETWORK LOSS  =-2.3245E-16 WATTS
                                           EFFICIENCY    = 100.00 PERCENT



                                                - - - RADIATION PATTERNS - - -

  - - ANGLES - -           - POWER GAINS -       - - - POLARIZATION - - -    - - - E(THETA) - - -    - - - E(PHI) - - -
  THETA     PHI        VERT.   HOR.    TOTAL      AXIAL     TILT   SENSE     MAGNITUDE    PHASE      MAGNITUDE    PHASE 
 DEGREES  DEGREES       DB      DB      DB        RATIO     DEG.              VOLTS/M    DEGREES      VOLTS/M    DEGREES
    0.00     0.00      -6.90    1.47    2.06    0.29947   -76.61  RIGHT     5.22631E-01   -35.89    1.36962E+00  -160.29




                                 - - - - - - FREQUENCY - - - - - -

                                    FREQUENCY= 1.4200E+03 MHZ
                                    WAVELENGTH= 2.1113E-01 METERS




                    APPROXIMATE INTEGRATION EMPLOYED FOR SEGMENTS MORE THAN   1.000 WAVELENGTHS APART

                    THE EXTENDED THIN WIRE KERNEL WILL BE USED



                               - - - STRUCTURE IMPEDANCE LOADING - - -

                                   THIS STRUCTURE IS NOT LOADED



                                  - - - ANTENNA ENVIRONMENT - - -

                                            FREE SPACE



                                - - - MATRIX TIMING - - -

                        FILL=    0.000 SEC.,  FACTOR=    0.000 SEC.



                                            - - - NETWORK DATA - - -

      - FROM -    - TO -           TRANSMISSION LINE               -  -  SHUNT ADMITTANCES (MHOS)  -  -              LINE
      TAG  SEG.   TAG  SEG.      IMPEDANCE      LENGTH            - END ONE -                 - END TWO -            TYPE
      NO.   NO.   NO.   NO.         OHMS        METERS         REAL          IMAG.         REAL          IMAG.
        1    11     2    32     5.0000E+01    4.7500E-02    0.0000E+00    0.0000E+00    0.0000E+00    0.0000E+00   STRAIGHT



                           - - - STRUCTURE EXCITATION DATA AT NETWORK CONNECTION POINTS - - -

   TAG   SEG.    VOLTAGE (VOLTS)         CURRENT (AMPS)         IMPEDANCE (OHMS)        ADMITTANCE (MHOS)      POWER
   NO.   NO.    REAL        IMAG.       REAL        IMAG.       REAL        IMAG.       REAL        IMAG.     (WATTS)
     1    11-1.59616E+00-1.80213E+00 5.71247E-03-2.53092E-02 5.42086E+01-7.53017E+01 6.29680E-03 8.74694E-03 1.82463E-02
     2    32 1.00000E+00 0.00000E+00 6.29680E-03 8.74694E-03 5.42086E+01-7.53017E+01 6.29680E-03 8.74694E-03 3.14840E-03



                                          - - - ANTENNA INPUT PARAMETERS - - -

   TAG   SEG.    VOLTAGE (VOLTS)         CURRENT (AMPS)         IMPEDANCE (OHMS)        ADMITTANCE (MHOS)      POWER
   NO.   NO.    REAL        IMAG.       REAL        IMAG.       REAL        IMAG.       REAL        IMAG.     (WATTS)
     2    32 1.00000E+00 0.00000E+00 4.27894E-02-2.67446E-02 1.68052E+01 1.05037E+01 4.27894E-02-2.67446E-02 2.13947E-02



                             - - - CURRENTS AND LOCATION - - -

                                 DISTANCES IN WAVELENGTHS


  SEG.  TAG    COORD. OF SEG. CENTER     SEG.            - - - CURRENT (AMPS) - - -
  NO.   NO.     X        Y        Z      LENGTH     REAL        IMAG.       MAG.        PHASE
     1    1   0.0000  -0.2052   0.0237  0.02052   3.3257E-04 -2.6517E-03  2.6725E-03  -82.852
     2    1   0.0000  -0.1847   0.0237  0.02052   8.6069E-04 -6.5204E-03  6.5770E-03  -82.480
     3    1   0.0000  -0.1642   0.0237  0.02052   1.3730E-03 -9.8784E-03  9.9734E-03  -82.087
     4    1   0.0000  -0.1437   0.0237  0.02052   1.8938E-03 -1.2940E-02  1.3077E-02  -81.673
     5    1   0.0000  -0.1231   0.0237  0.02052   2.4228E-03 -1.5710E-02  1.5896E-02  -81.233
     6    1   0.0000  -0.1026   0.0237  0.02052   2.9574E-03 -1.8175E-02  1.8414E-02  -80.758
     7    1   0.0000  -0.0821   0.0237  0.02052   3.4951E-03 -2.0313E-02  2.0611E-02  -80.237
     8    1   0.0000  -0.0616   0.0237  0.02052   4.0350E-03 -2.2105E-02  2.2470E-02  -79.655
     9    1   0.0000  -0.0410   0.0237  0.02052   4.5814E-03 -2.3539E-02  2.3981E-02  -78.986
    10    1   0.0000  -0.0205   0.0237  0.02052   5.1683E-03 -2.4635E-02  2.5171E-02  -78.151
    11    1   0.0000   0.0000   0.0237  0.02052   5.7125E-03 -2.5309E-02  2.5946E-02  -77.281
    12    1   0.0000   0.0205   0.0237  0.02052   5.1683E-03 -2.4635E-02  2.5171E-02  -78.151
    13    1   0.0000   0.0410   0.0237  0.02052   4.5814E-03 -2.3539E-02  2.3981E-02  -78.986
    14    1   0.0000   0.0616   0.0237  0.02052   4.0350E-03 -2.2105E-02  2.2470E-02  -79.655
    15    1   0.0000   0.0821   0.0237  0.02052   3.4951E-03 -2.0313E-02  2.0611E-02  -80.237
    16    1   0.0000   0.1026   0.0237  0.02052   2.9574E-03 -1.8175E-02  1.8414E-02  -80.758
    17    1   0.0000   0.1231   0.0237  0.02052   2.4228E-03 -1.5710E-02  1.5896E-02  -81.233
    18    1   0.0000   0.1437   0.0237  0.02052   1.8938E-03 -1.2940E-02  1.3077E-02  -81.673
    19    1   0.0000   0.1642   0.0237  0.02052   1.3730E-03 -9.8784E-03  9.9734E-03  -82.087
    20    1   0.0000   0.1847   0.0237  0.02052   8.6069E-04 -6.5204E-03  6.5770E-03  -82.480
    21    1   0.0000   0.2052   0.0237  0.02052   3.3257E-04 -2.6517E-03  2.6725E-03  -82.852
    22    2  -0.2052   0.0000   0.0000  0.02052   7.3298E-04  8.3374E-04  1.1101E-03   48.680
    23    2  -0.1847   0.0000   0.0000  0.02052   1.7905E-03  2.0635E-03  2.7320E-03   49.051
    24    2  -0.1642   0.0000   0.0000  0.02052   2.6936E-03  3.1476E-03  4.1429E-03   49.445
    25    2  -0.1437   0.0000   0.0000  0.02052   3.5021E-03  4.1527E-03  5.4323E-03   49.858
    26    2  -0.1231   0.0000   0.0000  0.02052   4.2179E-03  5.0802E-03  6.6030E-03   50.298
    27    2  -0.1026   0.0000   0.0000  0.02052   4.8370E-03  5.9253E-03  7.6489E-03   50.774
    28    2  -0.0821   0.0000   0.0000  0.02052   5.3538E-03  6.6813E-03  8.5617E-03   51.295
    29    2  -0.0616   0.0000   0.0000  0.02052   5.7624E-03  7.3428E-03  9.3339E-03   51.876
    30    2  -0.0410   0.0000   0.0000  0.02052   6.0580E-03  7.9078E-03  9.9615E-03   52.545
    31    2  -0.0205   0.0000   0.0000  0.02052   6.2369E-03  8.3919E-03  1.0456E-02   53.380
    32    2   0.0000   0.0000   0.0000  0.02052   6.2968E-03  8.7469E-03  1.0778E-02   54.250
    33    2   0.0205   0.0000   0.0000  0.02052   6.2369E-03  8.3919E-03  1.0456E-02   53.380
    34    2   0.0410   0.0000   0.0000  0.02052   6.0580E-03  7.9078E-03  9.9615E-03   52.545
    35    2   0.0616   0.0000   0.0000  0.02052   5.7624E-03  7.3428E-03  9.3339E-03   51.876
    36    2   0.0821   0.0000   0.0000  0.02052   5.3538E-03  6.6813E-03  8.5617E-03   51.295
    37    2   0.1026   0.0000   0.0000  0.02052   4.8370E-03  5.9253E-03  7.6489E-03   50.774
    38    2   0.1231   0.0000   0.0000  0.02052   4.2179E-03  5.0802E-03  6.6030E-03   50.298
    39    2   0.1437   0.0000   0.0000  0.02052   3.5021E-03  4.1527E-03  5.4323E-03   49.858
    40    2   0.1642   0.0000   0.0000  0.02052   2.6936E-03  3.1476E-03  4.1429E-03   49.445
    41    2   0.1847   0.0000   0.0000  0.02052   1.7905E-03  2.0635E-03  2.7320E-03   49.051
    42    2   0.2052   0.0000   0.0000  0.02052   7.3298E-04  8.3374E-04  1.1101E-03   48.680



                                        - - - POWER BUDGET - - -

                                           INPUT POWER   = 2.1395E-02 WATTS
                                           RADIATED POWER= 2.1395E-02 WATTS
                                           STRUCTURE LOSS= 0.0000E+00 WATTS
                                           NETWORK LOSS  =-1.1102E-16 WATTS
                                           EFFICIENCY    = 100.00 PERCENT



                                                - - - RADIATION PATTERNS - - -

  - - ANGLES - -           - POWER GAINS -       - - - POLARIZATION - - -    - - - E(THETA) - - -    - - - E(PHI) - - -
  THETA     PHI        VERT.   HOR.    TOTAL      AXIAL     TILT   SENSE     MAGNITUDE    PHASE      MAGNITUDE    PHASE 
 DEGREES  DEGREES       DB      DB      DB        RATIO     DEG.              VOLTS/M    DEGREES      VOLTS/M    DEGREES
    0.00     0.00      -6.26    1.37    2.06    0.32931   -75.66  RIGHT     5.50943E-01   -38.41    1.32632E+00  -161.42




                                 - - - - - - FREQUENCY - - - - - -

                                    FREQUENCY= 1.4300E+03 MHZ
                                    WAVELENGTH= 2.0965E-01 METERS




                    APPROXIMATE INTEGRATION EMPLOYED FOR SEGMENTS MORE THAN   1.000 WAVELENGTHS APART

                    THE EXTENDED THIN WIRE KERNEL WILL BE USED



                               - - - STRUCTURE IMPEDANCE LOADING - - -

                                   THIS STRUCTURE IS NOT LOADED



                                  - - - ANTENNA ENVIRONMENT - - -

                                            FREE SPACE



                                - - - MATRIX TIMING - - -

                        FILL=    0.000 SEC.,  FACTOR=    0.000 SEC.



                                            - - - NETWORK DATA - - -

      - FROM -    - TO -           TRANSMISSION LINE               -  -  SHUNT ADMITTANCES (MHOS)  -  -              LINE
      TAG  SEG.   TAG  SEG.      IMPEDANCE      LENGTH            - END ONE -                 - END TWO -            TYPE
      NO.   NO.   NO.   NO.         OHMS        METERS         REAL          IMAG.         REAL          IMAG.
        1    11     2    32     5.0000E+01    4.7500E-02    0.0000E+00    0.0000E+00    0.0000E+00    0.0000E+00   STRAIGHT



                           - - - STRUCTURE EXCITATION DATA AT NETWORK CONNECTION POINTS - - -

   TAG   SEG.    VOLTAGE (VOLTS)         CURRENT (AMPS)         IMPEDANCE (OHMS)        ADMITTANCE (MHOS)      POWER
   NO.   NO.    REAL        IMAG.       REAL        IMAG.       REAL        IMAG.       REAL        IMAG.     (WATTS)
     1    11-1.42489E+00-1.70552E+00 5.05865E-03-2.44450E-02 5.53374E+01-6.97409E+01 6.98174E-03 8.79898E-03 1.72417E-02
     2    32 1.00000E+00 0.00000E+00 6.98174E-03 8.79898E-03 5.53374E+01-6.97409E+01 6.98174E-03 8.79898E-03 3.49087E-03



                                          - - - ANTENNA INPUT PARAMETERS - - -

   TAG   SEG.    VOLTAGE (VOLTS)         CURRENT (AMPS)         IMPEDANCE (OHMS)        ADMITTANCE (MHOS)      POWER
   NO.   NO.    REAL        IMAG.       REAL        IMAG.       REAL        IMAG.       REAL        IMAG.     (WATTS)
     2    32 1.00000E+00 0.00000E+00 4.14652E-02-2.29765E-02 1.84513E+01 1.02241E+01 4.14652E-02-2.29765E-02 2.07326E-02



                             - - - CURRENTS AND LOCATION - - -

                                 DISTANCES IN WAVELENGTHS


  SEG.  TAG    COORD. OF SEG. CENTER     SEG.            - - - CURRENT (AMPS) - - -
  NO.   NO.     X        Y        Z      LENGTH     REAL        IMAG.       MAG.        PHASE
     1    1   0.0000  -0.2067   0.0238  0.02067   2.7084E-04 -2.5742E-03  2.5884E-03  -83.994
     2    1   0.0000  -0.1860   0.0238  0.02067   7.0810E-04 -6.3298E-03  6.3693E-03  -83.617
     3    1   0.0000  -0.1654   0.0238  0.02067   1.1405E-03 -9.5889E-03  9.6564E-03  -83.217
     4    1   0.0000  -0.1447   0.0238  0.02067   1.5871E-03 -1.2558E-02  1.2658E-02  -82.797
     5    1   0.0000  -0.1240   0.0238  0.02067   2.0476E-03 -1.5243E-02  1.5380E-02  -82.349
     6    1   0.0000  -0.1033   0.0238  0.02067   2.5198E-03 -1.7628E-02  1.7807E-02  -81.865
     7    1   0.0000  -0.0827   0.0238  0.02067   3.0012E-03 -1.9692E-02  1.9919E-02  -81.334
     8    1   0.0000  -0.0620   0.0238  0.02067   3.4914E-03 -2.1416E-02  2.1699E-02  -80.741
     9    1   0.0000  -0.0413   0.0238  0.02067   3.9946E-03 -2.2787E-02  2.3135E-02  -80.057
    10    1   0.0000  -0.0207   0.0238  0.02067   4.5435E-03 -2.3822E-02  2.4251E-02  -79.202
    11    1   0.0000   0.0000   0.0238  0.02067   5.0587E-03 -2.4445E-02  2.4963E-02  -78.308
    12    1   0.0000   0.0207   0.0238  0.02067   4.5435E-03 -2.3822E-02  2.4251E-02  -79.202
    13    1   0.0000   0.0413   0.0238  0.02067   3.9946E-03 -2.2787E-02  2.3135E-02  -80.057
    14    1   0.0000   0.0620   0.0238  0.02067   3.4914E-03 -2.1416E-02  2.1699E-02  -80.741
    15    1   0.0000   0.0827   0.0238  0.02067   3.0012E-03 -1.9692E-02  1.9919E-02  -81.334
    16    1   0.0000   0.1033   0.0238  0.02067   2.5198E-03 -1.7628E-02  1.7807E-02  -81.865
    17    1   0.0000   0.1240   0.0238  0.02067   2.0476E-03 -1.5243E-02  1.5380E-02  -82.349
    18    1   0.0000   0.1447   0.0238  0.02067   1.5871E-03 -1.2558E-02  1.2658E-02  -82.797
    19    1   0.0000   0.1654   0.0238  0.02067   1.1405E-03 -9.5889E-03  9.6564E-03  -83.217
    20    1   0.0000   0.1860   0.0238  0.02067   7.0810E-04 -6.3298E-03  6.3693E-03  -83.617
    21    1   0.0000   0.2067   0.0238  0.02067   2.7084E-04 -2.5742E-03  2.5884E-03  -83.994
    22    2  -0.2067   0.0000   0.0000  0.02067   8.1076E-04  8.3616E-04  1.1647E-03   45.884
    23    2  -0.1860   0.0000   0.0000  0.02067   1.9815E-03  2.0706E-03  2.8659E-03   46.260
    24    2  -0.1654   0.0000   0.0000  0.02067   2.9821E-03  3.1601E-03  4.3450E-03   46.660
    25    2  -0.1447   0.0000   0.0000  0.02067   3.8786E-03  4.1710E-03  5.6957E-03   47.080
    26    2  -0.1240   0.0000   0.0000  0.02067   4.6728E-03  5.1045E-03  6.9204E-03   47.528
    27    2  -0.1033   0.0000   0.0000  0.02067   5.3601E-03  5.9555E-03  8.0124E-03   48.012
    28    2  -0.0827   0.0000   0.0000  0.02067   5.9339E-03  6.7172E-03  8.9629E-03   48.543
    29    2  -0.0620   0.0000   0.0000  0.02067   6.3879E-03  7.3839E-03  9.7635E-03   49.137
    30    2  -0.0413   0.0000   0.0000  0.02067   6.7163E-03  7.9534E-03  1.0410E-02   49.820
    31    2  -0.0207   0.0000   0.0000  0.02067   6.9152E-03  8.4413E-03  1.0912E-02   50.676
    32    2   0.0000   0.0000   0.0000  0.02067   6.9817E-03  8.7990E-03  1.1232E-02   51.569
    33    2   0.0207   0.0000   0.0000  0.02067   6.9152E-03  8.4413E-03  1.0912E-02   50.676
    34    2   0.0413   0.0000   0.0000  0.02067   6.7163E-03  7.9534E-03  1.0410E-02   49.820
    35    2   0.0620   0.0000   0.0000  0.02067   6.3879E-03  7.3839E-03  9.7635E-03   49.137
    36    2   0.0827   0.0000   0.0000  0.02067   5.9339E-03  6.7172E-03  8.9629E-03   48.543
    37    2   0.1033   0.0000   0.0000  0.02067   5.3601E-03  5.9555E-03  8.0124E-03   48.012
    38    2   0.1240   0.0000   0.0000  0.02067   4.6728E-03  5.1045E-03  6.9204E-03   47.528
    39    2   0.1447   0.0000   0.0000  0.02067   3.8786E-03  4.1710E-03  5.6957E-03   47.080
    40    2   0.1654   0.0000   0.0000  0.02067   2.9821E-03  3.1601E-03  4.3450E-03   46.660
    41    2   0.1860   0.0000   0.0000  0.02067   1.9815E-03  2.0706E-03  2.8659E-03   46.260
    42    2   0.2067   0.0000   0.0000  0.02067   8.1076E-04  8.3616E-04  1.1647E-03   45.884



                                        - - - POWER BUDGET - - -

                                           INPUT POWER   = 2.0733E-02 WATTS
                                           RADIATED POWER= 2.0733E-02 WATTS
                                           STRUCTURE LOSS= 0.0000E+00 WATTS
                                           NETWORK LOSS  =-3.0878E-16 WATTS
                                           EFFICIENCY    = 100.00 PERCENT



                                                - - - RADIATION PATTERNS - - -

  - - ANGLES - -           - POWER GAINS -       - - - POLARIZATION - - -    - - - E(THETA) - - -    - - - E(PHI) - - -
  THETA     PHI        VERT.   HOR.    TOTAL      AXIAL     TILT   SENSE     MAGNITUDE    PHASE      MAGNITUDE    PHASE 
 DEGREES  DEGREES       DB      DB      DB        RATIO     DEG.              VOLTS/M    DEGREES      VOLTS/M    DEGREES
    0.00     0.00      -5.67    1.27    2.07    0.36157   -74.81  RIGHT     5.80449E-01   -41.16    1.28999E+00  -162.45




                                 - - - - - - FREQUENCY - - - - - -

                                    FREQUENCY= 1.4400E+03 MHZ
                                    WAVELENGTH= 2.0819E-01 METERS




                    APPROXIMATE INTEGRATION EMPLOYED FOR SEGMENTS MORE THAN   1.000 WAVELENGTHS APART

                    THE EXTENDED THIN WIRE KERNEL WILL BE USED



                               - - - STRUCTURE IMPEDANCE LOADING - - -

                                   THIS STRUCTURE IS NOT LOADED



                                  - - - ANTENNA ENVIRONMENT - - -

                                            FREE SPACE



                                - - - MATRIX TIMING - - -

                        FILL=    0.016 SEC.,  FACTOR=    0.000 SEC.



                                            - - - NETWORK DATA - - -

      - FROM -    - TO -           TRANSMISSION LINE               -  -  SHUNT ADMITTANCES (MHOS)  -  -              LINE
      TAG  SEG.   TAG  SEG.      IMPEDANCE      LENGTH            - END ONE -                 - END TWO -            TYPE
      NO.   NO.   NO.   NO.         OHMS        METERS         REAL          IMAG.         REAL          IMAG.
        1    11     2    32     5.0000E+01    4.7500E-02    0.0000E+00    0.0000E+00    0.0000E+00    0.0000E+00   STRAIGHT



                           - - - STRUCTURE EXCITATION DATA AT NETWORK CONNECTION POINTS - - -

   TAG   SEG.    VOLTAGE (VOLTS)         CURRENT (AMPS)         IMPEDANCE (OHMS)        ADMITTANCE (MHOS)      POWER
   NO.   NO.    REAL        IMAG.       REAL        IMAG.       REAL        IMAG.       REAL        IMAG.     (WATTS)
     1    11-1.26696E+00-1.62675E+00 4.49450E-03-2.36904E-02 5.64880E+01-6.41969E+01 7.72524E-03 8.77950E-03 1.64220E-02
     2    32 1.00000E+00 0.00000E+00 7.72524E-03 8.77950E-03 5.64880E+01-6.41969E+01 7.72524E-03 8.77950E-03 3.86262E-03



                                          - - - ANTENNA INPUT PARAMETERS - - -

   TAG   SEG.    VOLTAGE (VOLTS)         CURRENT (AMPS)         IMPEDANCE (OHMS)        ADMITTANCE (MHOS)      POWER
   NO.   NO.    REAL        IMAG.       REAL        IMAG.       REAL        IMAG.       REAL        IMAG.     (WATTS)
     2    32 1.00000E+00 0.00000E+00 4.05693E-02-1.95633E-02 1.99988E+01 9.64377E+00 4.05693E-02-1.95633E-02 2.02847E-02



                             - - - CURRENTS AND LOCATION - - -

                                 DISTANCES IN WAVELENGTHS


  SEG.  TAG    COORD. OF SEG. CENTER     SEG.            - - - CURRENT (AMPS) - - -
  NO.   NO.     X        Y        Z      LENGTH     REAL        IMAG.       MAG.        PHASE
     1    1   0.0000  -0.2081   0.0240  0.02081   2.1676E-04 -2.5077E-03  2.5171E-03  -85.060
     2    1   0.0000  -0.1873   0.0240  0.02081   5.7449E-04 -6.1664E-03  6.1931E-03  -84.677
     3    1   0.0000  -0.1665   0.0240  0.02081   9.3701E-04 -9.3405E-03  9.3873E-03  -84.271
     4    1   0.0000  -0.1457   0.0240  0.02081   1.3191E-03 -1.2231E-02  1.2302E-02  -83.844
     5    1   0.0000  -0.1249   0.0240  0.02081   1.7202E-03 -1.4841E-02  1.4941E-02  -83.389
     6    1   0.0000  -0.1041   0.0240  0.02081   2.1382E-03 -1.7157E-02  1.7289E-02  -82.896
     7    1   0.0000  -0.0833   0.0240  0.02081   2.5712E-03 -1.9156E-02  1.9328E-02  -82.355
     8    1   0.0000  -0.0624   0.0240  0.02081   3.0190E-03 -2.0820E-02  2.1038E-02  -81.749
     9    1   0.0000  -0.0416   0.0240  0.02081   3.4858E-03 -2.2135E-02  2.2408E-02  -81.051
    10    1   0.0000  -0.0208   0.0240  0.02081   4.0030E-03 -2.3115E-02  2.3459E-02  -80.175
    11    1   0.0000   0.0000   0.0240  0.02081   4.4945E-03 -2.3690E-02  2.4113E-02  -79.258
    12    1   0.0000   0.0208   0.0240  0.02081   4.0030E-03 -2.3115E-02  2.3459E-02  -80.175
    13    1   0.0000   0.0416   0.0240  0.02081   3.4858E-03 -2.2135E-02  2.2408E-02  -81.051
    14    1   0.0000   0.0624   0.0240  0.02081   3.0190E-03 -2.0820E-02  2.1038E-02  -81.749
    15    1   0.0000   0.0833   0.0240  0.02081   2.5712E-03 -1.9156E-02  1.9328E-02  -82.355
    16    1   0.0000   0.1041   0.0240  0.02081   2.1382E-03 -1.7157E-02  1.7289E-02  -82.896
    17    1   0.0000   0.1249   0.0240  0.02081   1.7202E-03 -1.4841E-02  1.4941E-02  -83.389
    18    1   0.0000   0.1457   0.0240  0.02081   1.3191E-03 -1.2231E-02  1.2302E-02  -83.844
    19    1   0.0000   0.1665   0.0240  0.02081   9.3701E-04 -9.3405E-03  9.3873E-03  -84.271
    20    1   0.0000   0.1873   0.0240  0.02081   5.7449E-04 -6.1664E-03  6.1931E-03  -84.677
    21    1   0.0000   0.2081   0.0240  0.02081   2.1676E-04 -2.5077E-03  2.5171E-03  -85.060
    22    2  -0.2081   0.0000   0.0000  0.02081   8.9493E-04  8.3025E-04  1.2207E-03   42.853
    23    2  -0.1873   0.0000   0.0000  0.02081   2.1882E-03  2.0574E-03  3.0035E-03   43.235
    24    2  -0.1665   0.0000   0.0000  0.02081   3.2947E-03  3.1420E-03  4.5527E-03   43.641
    25    2  -0.1457   0.0000   0.0000  0.02081   4.2867E-03  4.1495E-03  5.9661E-03   44.068
    26    2  -0.1249   0.0000   0.0000  0.02081   5.1661E-03  5.0809E-03  7.2460E-03   44.524
    27    2  -0.1041   0.0000   0.0000  0.02081   5.9275E-03  5.9309E-03  8.3851E-03   45.016
    28    2  -0.0833   0.0000   0.0000  0.02081   6.5634E-03  6.6924E-03  9.3737E-03   45.557
    29    2  -0.0624   0.0000   0.0000  0.02081   7.0667E-03  7.3595E-03  1.0203E-02   46.163
    30    2  -0.0416   0.0000   0.0000  0.02081   7.4309E-03  7.9302E-03  1.0868E-02   46.862
    31    2  -0.0208   0.0000   0.0000  0.02081   7.6514E-03  8.4199E-03  1.1377E-02   47.738
    32    2   0.0000   0.0000   0.0000  0.02081   7.7252E-03  8.7795E-03  1.1694E-02   48.655
    33    2   0.0208   0.0000   0.0000  0.02081   7.6514E-03  8.4199E-03  1.1377E-02   47.738
    34    2   0.0416   0.0000   0.0000  0.02081   7.4309E-03  7.9302E-03  1.0868E-02   46.862
    35    2   0.0624   0.0000   0.0000  0.02081   7.0667E-03  7.3595E-03  1.0203E-02   46.163
    36    2   0.0833   0.0000   0.0000  0.02081   6.5634E-03  6.6924E-03  9.3737E-03   45.557
    37    2   0.1041   0.0000   0.0000  0.02081   5.9275E-03  5.9309E-03  8.3851E-03   45.016
    38    2   0.1249   0.0000   0.0000  0.02081   5.1661E-03  5.0809E-03  7.2460E-03   44.524
    39    2   0.1457   0.0000   0.0000  0.02081   4.2867E-03  4.1495E-03  5.9661E-03   44.068
    40    2   0.1665   0.0000   0.0000  0.02081   3.2947E-03  3.1420E-03  4.5527E-03   43.641
    41    2   0.1873   0.0000   0.0000  0.02081   2.1882E-03  2.0574E-03  3.0035E-03   43.235
    42    2   0.2081   0.0000   0.0000  0.02081   8.9493E-04  8.3025E-04  1.2207E-03   42.853



                                        - - - POWER BUDGET - - -

                                           INPUT POWER   = 2.0285E-02 WATTS
                                           RADIATED POWER= 2.0285E-02 WATTS
                                           STRUCTURE LOSS= 0.0000E+00 WATTS
                                           NETWORK LOSS  = 7.9797E-17 WATTS
                                           EFFICIENCY    = 100.00 PERCENT



                                                - - - RADIATION PATTERNS - - -

  - - ANGLES - -           - POWER GAINS -       - - - POLARIZATION - - -    - - - E(THETA) - - -    - - - E(PHI) - - -
  THETA     PHI        VERT.   HOR.    TOTAL      AXIAL     TILT   SENSE     MAGNITUDE    PHASE      MAGNITUDE    PHASE 
 DEGREES  DEGREES       DB      DB      DB        RATIO     DEG.              VOLTS/M    DEGREES      VOLTS/M    DEGREES
    0.00     0.00      -5.13    1.15    2.07    0.39631   -74.10  RIGHT     6.10910E-01   -44.14    1.25965E+00  -163.41




                                 - - - - - - FREQUENCY - - - - - -

                                    FREQUENCY= 1.4500E+03 MHZ
                                    WAVELENGTH= 2.0676E-01 METERS




                    APPROXIMATE INTEGRATION EMPLOYED FOR SEGMENTS MORE THAN   1.000 WAVELENGTHS APART

                    THE EXTENDED THIN WIRE KERNEL WILL BE USED



                               - - - STRUCTURE IMPEDANCE LOADING - - -

                                   THIS STRUCTURE IS NOT LOADED



                                  - - - ANTENNA ENVIRONMENT - - -

                                            FREE SPACE



                                - - - MATRIX TIMING - - -

                        FILL=    0.000 SEC.,  FACTOR=    0.000 SEC.



                                            - - - NETWORK DATA - - -

      - FROM -    - TO -           TRANSMISSION LINE               -  -  SHUNT ADMITTANCES (MHOS)  -  -              LINE
      TAG  SEG.   TAG  SEG.      IMPEDANCE      LENGTH            - END ONE -                 - END TWO -            TYPE
      NO.   NO.   NO.   NO.         OHMS        METERS         REAL          IMAG.         REAL          IMAG.
        1    11     2    32     5.0000E+01    4.7500E-02    0.0000E+00    0.0000E+00    0.0000E+00    0.0000E+00   STRAIGHT



                           - - - STRUCTURE EXCITATION DATA AT NETWORK CONNECTION POINTS - - -

   TAG   SEG.    VOLTAGE (VOLTS)         CURRENT (AMPS)         IMPEDANCE (OHMS)        ADMITTANCE (MHOS)      POWER
   NO.   NO.    REAL        IMAG.       REAL        IMAG.       REAL        IMAG.       REAL        IMAG.     (WATTS)
     1    11-1.12055E+00-1.56279E+00 4.00110E-03-2.30321E-02 5.76608E+01-5.86685E+01 8.52119E-03 8.67011E-03 1.57554E-02
     2    32 1.00000E+00 0.00000E+00 8.52119E-03 8.67011E-03 5.76608E+01-5.86685E+01 8.52119E-03 8.67011E-03 4.26059E-03



                                          - - - ANTENNA INPUT PARAMETERS - - -

   TAG   SEG.    VOLTAGE (VOLTS)         CURRENT (AMPS)         IMPEDANCE (OHMS)        ADMITTANCE (MHOS)      POWER
   NO.   NO.    REAL        IMAG.       REAL        IMAG.       REAL        IMAG.       REAL        IMAG.     (WATTS)
     2    32 1.00000E+00 0.00000E+00 4.00320E-02-1.64840E-02 2.13586E+01 8.79485E+00 4.00320E-02-1.64840E-02 2.00160E-02



                             - - - CURRENTS AND LOCATION - - -

                                 DISTANCES IN WAVELENGTHS


  SEG.  TAG    COORD. OF SEG. CENTER     SEG.            - - - CURRENT (AMPS) - - -
  NO.   NO.     X        Y        Z      LENGTH     REAL        IMAG.       MAG.        PHASE
     1    1   0.0000  -0.2096   0.0242  0.02096   1.6858E-04 -2.4510E-03  2.4568E-03  -86.065
     2    1   0.0000  -0.1886   0.0242  0.02096   4.5555E-04 -6.0269E-03  6.0441E-03  -85.677
     3    1   0.0000  -0.1677   0.0242  0.02096   7.5607E-04 -9.1283E-03  9.1596E-03  -85.265
     4    1   0.0000  -0.1467   0.0242  0.02096   1.0810E-03 -1.1951E-02  1.1999E-02  -84.831
     5    1   0.0000  -0.1258   0.0242  0.02096   1.4297E-03 -1.4498E-02  1.4568E-02  -84.368
     6    1   0.0000  -0.1048   0.0242  0.02096   1.8002E-03 -1.6753E-02  1.6849E-02  -83.867
     7    1   0.0000  -0.0838   0.0242  0.02096   2.1911E-03 -1.8696E-02  1.8824E-02  -83.315
     8    1   0.0000  -0.0629   0.0242  0.02096   2.6022E-03 -2.0306E-02  2.0472E-02  -82.697
     9    1   0.0000  -0.0419   0.0242  0.02096   3.0380E-03 -2.1571E-02  2.1784E-02  -81.984
    10    1   0.0000  -0.0210   0.0242  0.02096   3.5288E-03 -2.2500E-02  2.2775E-02  -81.087
    11    1   0.0000   0.0000   0.0242  0.02096   4.0011E-03 -2.3032E-02  2.3377E-02  -80.145
    12    1   0.0000   0.0210   0.0242  0.02096   3.5288E-03 -2.2500E-02  2.2775E-02  -81.087
    13    1   0.0000   0.0419   0.0242  0.02096   3.0380E-03 -2.1571E-02  2.1784E-02  -81.984
    14    1   0.0000   0.0629   0.0242  0.02096   2.6022E-03 -2.0306E-02  2.0472E-02  -82.697
    15    1   0.0000   0.0838   0.0242  0.02096   2.1911E-03 -1.8696E-02  1.8824E-02  -83.315
    16    1   0.0000   0.1048   0.0242  0.02096   1.8002E-03 -1.6753E-02  1.6849E-02  -83.867
    17    1   0.0000   0.1258   0.0242  0.02096   1.4297E-03 -1.4498E-02  1.4568E-02  -84.368
    18    1   0.0000   0.1467   0.0242  0.02096   1.0810E-03 -1.1951E-02  1.1999E-02  -84.831
    19    1   0.0000   0.1677   0.0242  0.02096   7.5607E-04 -9.1283E-03  9.1596E-03  -85.265
    20    1   0.0000   0.1886   0.0242  0.02096   4.5555E-04 -6.0269E-03  6.0441E-03  -85.677
    21    1   0.0000   0.2096   0.0242  0.02096   1.6858E-04 -2.4510E-03  2.4568E-03  -86.065
    22    2  -0.2096   0.0000   0.0000  0.02096   9.8474E-04  8.1395E-04  1.2776E-03   39.576
    23    2  -0.1886   0.0000   0.0000  0.02096   2.4090E-03  2.0188E-03  3.1430E-03   39.964
    24    2  -0.1677   0.0000   0.0000  0.02096   3.6286E-03  3.0856E-03  4.7632E-03   40.376
    25    2  -0.1467   0.0000   0.0000  0.02096   4.7229E-03  4.0782E-03  6.2400E-03   40.810
    26    2  -0.1258   0.0000   0.0000  0.02096   5.6936E-03  4.9972E-03  7.5756E-03   41.273
    27    2  -0.1048   0.0000   0.0000  0.02096   6.5344E-03  5.8372E-03  8.7620E-03   41.775
    28    2  -0.0838   0.0000   0.0000  0.02096   7.2370E-03  6.5911E-03  9.7886E-03   42.326
    29    2  -0.0629   0.0000   0.0000  0.02096   7.7931E-03  7.2530E-03  1.0646E-02   42.944
    30    2  -0.0419   0.0000   0.0000  0.02096   8.1958E-03  7.8205E-03  1.1328E-02   43.658
    31    2  -0.0210   0.0000   0.0000  0.02096   8.4396E-03  8.3094E-03  1.1844E-02   44.555
    32    2   0.0000   0.0000   0.0000  0.02096   8.5212E-03  8.6701E-03  1.2157E-02   45.496
    33    2   0.0210   0.0000   0.0000  0.02096   8.4396E-03  8.3094E-03  1.1844E-02   44.555
    34    2   0.0419   0.0000   0.0000  0.02096   8.1958E-03  7.8205E-03  1.1328E-02   43.658
    35    2   0.0629   0.0000   0.0000  0.02096   7.7931E-03  7.2530E-03  1.0646E-02   42.944
    36    2   0.0838   0.0000   0.0000  0.02096   7.2370E-03  6.5911E-03  9.7886E-03   42.326
    37    2   0.1048   0.0000   0.0000  0.02096   6.5344E-03  5.8372E-03  8.7620E-03   41.775
    38    2   0.1258   0.0000   0.0000  0.02096   5.6936E-03  4.9972E-03  7.5756E-03   41.273
    39    2   0.1467   0.0000   0.0000  0.02096   4.7229E-03  4.0782E-03  6.2400E-03   40.810
    40    2   0.1677   0.0000   0.0000  0.02096   3.6286E-03  3.0856E-03  4.7632E-03   40.376
    41    2   0.1886   0.0000   0.0000  0.02096   2.4090E-03  2.0188E-03  3.1430E-03   39.964
    42    2   0.2096   0.0000   0.0000  0.02096   9.8474E-04  8.1395E-04  1.2776E-03   39.576



                                        - - - POWER BUDGET - - -

                                           INPUT POWER   = 2.0016E-02 WATTS
                                           RADIATED POWER= 2.0016E-02 WATTS
                                           STRUCTURE LOSS= 0.0000E+00 WATTS
                                           NETWORK LOSS  =-6.2450E-17 WATTS
                                           EFFICIENCY    = 100.00 PERCENT



                                                - - - RADIATION PATTERNS - - -

  - - ANGLES - -           - POWER GAINS -       - - - POLARIZATION - - -    - - - E(THETA) - - -    - - - E(PHI) - - -
  THETA     PHI        VERT.   HOR.    TOTAL      AXIAL     TILT   SENSE     MAGNITUDE    PHASE      MAGNITUDE    PHASE 
 DEGREES  DEGREES       DB      DB      DB        RATIO     DEG.              VOLTS/M    DEGREES      VOLTS/M    DEGREES
    0.00     0.00      -4.64    1.04    2.08    0.43350   -73.57  RIGHT     6.41965E-01   -47.36    1.23450E+00  -164.30




                                 - - - - - - FREQUENCY - - - - - -

                                    FREQUENCY= 1.4600E+03 MHZ
                                    WAVELENGTH= 2.0534E-01 METERS




                    APPROXIMATE INTEGRATION EMPLOYED FOR SEGMENTS MORE THAN   1.000 WAVELENGTHS APART

                    THE EXTENDED THIN WIRE KERNEL WILL BE USED



                               - - - STRUCTURE IMPEDANCE LOADING - - -

                                   THIS STRUCTURE IS NOT LOADED



                                  - - - ANTENNA ENVIRONMENT - - -

                                            FREE SPACE



                                - - - MATRIX TIMING - - -

                        FILL=    0.000 SEC.,  FACTOR=    0.000 SEC.



                                            - - - NETWORK DATA - - -

      - FROM -    - TO -           TRANSMISSION LINE               -  -  SHUNT ADMITTANCES (MHOS)  -  -              LINE
      TAG  SEG.   TAG  SEG.      IMPEDANCE      LENGTH            - END ONE -                 - END TWO -            TYPE
      NO.   NO.   NO.   NO.         OHMS        METERS         REAL          IMAG.         REAL          IMAG.
        1    11     2    32     5.0000E+01    4.7500E-02    0.0000E+00    0.0000E+00    0.0000E+00    0.0000E+00   STRAIGHT



                           - - - STRUCTURE EXCITATION DATA AT NETWORK CONNECTION POINTS - - -

   TAG   SEG.    VOLTAGE (VOLTS)         CURRENT (AMPS)         IMPEDANCE (OHMS)        ADMITTANCE (MHOS)      POWER
   NO.   NO.    REAL        IMAG.       REAL        IMAG.       REAL        IMAG.       REAL        IMAG.     (WATTS)
     1    11-9.84052E-01-1.51129E+00 3.56381E-03-2.24591E-02 5.88563E+01-5.31547E+01 9.35789E-03 8.45136E-03 1.52176E-02
     2    32 1.00000E+00 0.00000E+00 9.35789E-03 8.45136E-03 5.88563E+01-5.31547E+01 9.35789E-03 8.45136E-03 4.67894E-03



                                          - - - ANTENNA INPUT PARAMETERS - - -

   TAG   SEG.    VOLTAGE (VOLTS)         CURRENT (AMPS)         IMPEDANCE (OHMS)        ADMITTANCE (MHOS)      POWER
   NO.   NO.    REAL        IMAG.       REAL        IMAG.       REAL        IMAG.       REAL        IMAG.     (WATTS)
     2    32 1.00000E+00 0.00000E+00 3.97931E-02-1.37241E-02 2.24586E+01 7.74569E+00 3.97931E-02-1.37241E-02 1.98965E-02



                             - - - CURRENTS AND LOCATION - - -

                                 DISTANCES IN WAVELENGTHS


  SEG.  TAG    COORD. OF SEG. CENTER     SEG.            - - - CURRENT (AMPS) - - -
  NO.   NO.     X        Y        Z      LENGTH     REAL        IMAG.       MAG.        PHASE
     1    1   0.0000  -0.2110   0.0243  0.02110   1.2493E-04 -2.4029E-03  2.4062E-03  -87.024
     2    1   0.0000  -0.1899   0.0243  0.02110   3.4792E-04 -5.9086E-03  5.9189E-03  -86.630
     3    1   0.0000  -0.1688   0.0243  0.02110   5.9253E-04 -8.9483E-03  8.9679E-03  -86.212
     4    1   0.0000  -0.1477   0.0243  0.02110   8.6613E-04 -1.1713E-02  1.1745E-02  -85.771
     5    1   0.0000  -0.1266   0.0243  0.02110   1.1679E-03 -1.4205E-02  1.4253E-02  -85.300
     6    1   0.0000  -0.1055   0.0243  0.02110   1.4963E-03 -1.6408E-02  1.6476E-02  -84.790
     7    1   0.0000  -0.0844   0.0243  0.02110   1.8500E-03 -1.8302E-02  1.8395E-02  -84.228
     8    1   0.0000  -0.0633   0.0243  0.02110   2.2291E-03 -1.9865E-02  1.9990E-02  -83.598
     9    1   0.0000  -0.0422   0.0243  0.02110   2.6382E-03 -2.1085E-02  2.1250E-02  -82.868
    10    1   0.0000  -0.0211   0.0243  0.02110   3.1070E-03 -2.1968E-02  2.2187E-02  -81.950
    11    1   0.0000   0.0000   0.0243  0.02110   3.5638E-03 -2.2459E-02  2.2740E-02  -80.983
    12    1   0.0000   0.0211   0.0243  0.02110   3.1070E-03 -2.1968E-02  2.2187E-02  -81.950
    13    1   0.0000   0.0422   0.0243  0.02110   2.6382E-03 -2.1085E-02  2.1250E-02  -82.868
    14    1   0.0000   0.0633   0.0243  0.02110   2.2291E-03 -1.9865E-02  1.9990E-02  -83.598
    15    1   0.0000   0.0844   0.0243  0.02110   1.8500E-03 -1.8302E-02  1.8395E-02  -84.228
    16    1   0.0000   0.1055   0.0243  0.02110   1.4963E-03 -1.6408E-02  1.6476E-02  -84.790
    17    1   0.0000   0.1266   0.0243  0.02110   1.1679E-03 -1.4205E-02  1.4253E-02  -85.300
    18    1   0.0000   0.1477   0.0243  0.02110   8.6613E-04 -1.1713E-02  1.1745E-02  -85.771
    19    1   0.0000   0.1688   0.0243  0.02110   5.9253E-04 -8.9483E-03  8.9679E-03  -86.212
    20    1   0.0000   0.1899   0.0243  0.02110   3.4792E-04 -5.9086E-03  5.9189E-03  -86.630
    21    1   0.0000   0.2110   0.0243  0.02110   1.2493E-04 -2.4029E-03  2.4062E-03  -87.024
    22    2  -0.2110   0.0000   0.0000  0.02110   1.0788E-03  7.8510E-04  1.3342E-03   36.046
    23    2  -0.1899   0.0000   0.0000  0.02110   2.6403E-03  1.9494E-03  3.2820E-03   36.439
    24    2  -0.1688   0.0000   0.0000  0.02110   3.9788E-03  2.9828E-03  4.9727E-03   36.858
    25    2  -0.1477   0.0000   0.0000  0.02110   5.1806E-03  3.9464E-03  6.5125E-03   37.299
    26    2  -0.1266   0.0000   0.0000  0.02110   6.2473E-03  4.8406E-03  7.9032E-03   37.770
    27    2  -0.1055   0.0000   0.0000  0.02110   7.1718E-03  5.6599E-03  9.1361E-03   38.280
    28    2  -0.0844   0.0000   0.0000  0.02110   7.9446E-03  6.3971E-03  1.0200E-02   38.841
    29    2  -0.0633   0.0000   0.0000  0.02110   8.5566E-03  7.0464E-03  1.1085E-02   39.472
    30    2  -0.0422   0.0000   0.0000  0.02110   8.9997E-03  7.6056E-03  1.1783E-02   40.201
    31    2  -0.0211   0.0000   0.0000  0.02110   9.2680E-03  8.0906E-03  1.2303E-02   41.120
    32    2   0.0000   0.0000   0.0000  0.02110   9.3579E-03  8.4514E-03  1.2609E-02   42.086
    33    2   0.0211   0.0000   0.0000  0.02110   9.2680E-03  8.0906E-03  1.2303E-02   41.120
    34    2   0.0422   0.0000   0.0000  0.02110   8.9997E-03  7.6056E-03  1.1783E-02   40.201
    35    2   0.0633   0.0000   0.0000  0.02110   8.5566E-03  7.0464E-03  1.1085E-02   39.472
    36    2   0.0844   0.0000   0.0000  0.02110   7.9446E-03  6.3971E-03  1.0200E-02   38.841
    37    2   0.1055   0.0000   0.0000  0.02110   7.1718E-03  5.6599E-03  9.1361E-03   38.280
    38    2   0.1266   0.0000   0.0000  0.02110   6.2473E-03  4.8406E-03  7.9032E-03   37.770
    39    2   0.1477   0.0000   0.0000  0.02110   5.1806E-03  3.9464E-03  6.5125E-03   37.299
    40    2   0.1688   0.0000   0.0000  0.02110   3.9788E-03  2.9828E-03  4.9727E-03   36.858
    41    2   0.1899   0.0000   0.0000  0.02110   2.6403E-03  1.9494E-03  3.2820E-03   36.439
    42    2   0.2110   0.0000   0.0000  0.02110   1.0788E-03  7.8510E-04  1.3342E-03   36.046



                                        - - - POWER BUDGET - - -

                                           INPUT POWER   = 1.9897E-02 WATTS
                                           RADIATED POWER= 1.9897E-02 WATTS
                                           STRUCTURE LOSS= 0.0000E+00 WATTS
                                           NETWORK LOSS  =-4.1633E-17 WATTS
                                           EFFICIENCY    = 100.00 PERCENT



                                                - - - RADIATION PATTERNS - - -

  - - ANGLES - -           - POWER GAINS -       - - - POLARIZATION - - -    - - - E(THETA) - - -    - - - E(PHI) - - -
  THETA     PHI        VERT.   HOR.    TOTAL      AXIAL     TILT   SENSE     MAGNITUDE    PHASE      MAGNITUDE    PHASE 
 DEGREES  DEGREES       DB      DB      DB        RATIO     DEG.              VOLTS/M    DEGREES      VOLTS/M    DEGREES
    0.00     0.00      -4.20    0.92    2.08    0.47299   -73.31  RIGHT     6.73121E-01   -50.84    1.21393E+00  -165.15




                                 - - - - - - FREQUENCY - - - - - -

                                    FREQUENCY= 1.4700E+03 MHZ
                                    WAVELENGTH= 2.0395E-01 METERS




                    APPROXIMATE INTEGRATION EMPLOYED FOR SEGMENTS MORE THAN   1.000 WAVELENGTHS APART

                    THE EXTENDED THIN WIRE KERNEL WILL BE USED



                               - - - STRUCTURE IMPEDANCE LOADING - - -

                                   THIS STRUCTURE IS NOT LOADED



                                  - - - ANTENNA ENVIRONMENT - - -

                                            FREE SPACE



                                - - - MATRIX TIMING - - -

                        FILL=    0.000 SEC.,  FACTOR=    0.000 SEC.



                                            - - - NETWORK DATA - - -

      - FROM -    - TO -           TRANSMISSION LINE               -  -  SHUNT ADMITTANCES (MHOS)  -  -              LINE
      TAG  SEG.   TAG  SEG.      IMPEDANCE      LENGTH            - END ONE -                 - END TWO -            TYPE
      NO.   NO.   NO.   NO.         OHMS        METERS         REAL          IMAG.         REAL          IMAG.
        1    11     2    32     5.0000E+01    4.7500E-02    0.0000E+00    0.0000E+00    0.0000E+00    0.0000E+00   STRAIGHT



                           - - - STRUCTURE EXCITATION DATA AT NETWORK CONNECTION POINTS - - -

   TAG   SEG.    VOLTAGE (VOLTS)         CURRENT (AMPS)         IMPEDANCE (OHMS)        ADMITTANCE (MHOS)      POWER
   NO.   NO.    REAL        IMAG.       REAL        IMAG.       REAL        IMAG.       REAL        IMAG.     (WATTS)
     1    11-8.56089E-01-1.47049E+00 3.17109E-03-2.19621E-02 6.00751E+01-4.76546E+01 1.02169E-02 8.10455E-03 1.47901E-02
     2    32 1.00000E+00 0.00000E+00 1.02169E-02 8.10455E-03 6.00751E+01-4.76546E+01 1.02169E-02 8.10455E-03 5.10845E-03



                                          - - - ANTENNA INPUT PARAMETERS - - -

   TAG   SEG.    VOLTAGE (VOLTS)         CURRENT (AMPS)         IMPEDANCE (OHMS)        ADMITTANCE (MHOS)      POWER
   NO.   NO.    REAL        IMAG.       REAL        IMAG.       REAL        IMAG.       REAL        IMAG.     (WATTS)
     2    32 1.00000E+00 0.00000E+00 3.97972E-02-1.12730E-02 2.32610E+01 6.58893E+00 3.97972E-02-1.12730E-02 1.98986E-02



                             - - - CURRENTS AND LOCATION - - -

                                 DISTANCES IN WAVELENGTHS


  SEG.  TAG    COORD. OF SEG. CENTER     SEG.            - - - CURRENT (AMPS) - - -
  NO.   NO.     X        Y        Z      LENGTH     REAL        IMAG.       MAG.        PHASE
     1    1   0.0000  -0.2125   0.0245  0.02125   8.4739E-05 -2.3626E-03  2.3641E-03  -87.946
     2    1   0.0000  -0.1912   0.0245  0.02125   2.4893E-04 -5.8094E-03  5.8147E-03  -87.546
     3    1   0.0000  -0.1700   0.0245  0.02125   4.4232E-04 -8.7972E-03  8.8083E-03  -87.122
     4    1   0.0000  -0.1487   0.0245  0.02125   6.6908E-04 -1.1513E-02  1.1532E-02  -86.674
     5    1   0.0000  -0.1275   0.0245  0.02125   9.2830E-04 -1.3958E-02  1.3989E-02  -86.195
     6    1   0.0000  -0.1062   0.0245  0.02125   1.2186E-03 -1.6117E-02  1.6163E-02  -85.676
     7    1   0.0000  -0.0850   0.0245  0.02125   1.5391E-03 -1.7968E-02  1.8033E-02  -85.104
     8    1   0.0000  -0.0637   0.0245  0.02125   1.8900E-03 -1.9490E-02  1.9581E-02  -84.461
     9    1   0.0000  -0.0425   0.0245  0.02125   2.2761E-03 -2.0669E-02  2.0794E-02  -83.716
    10    1   0.0000  -0.0212   0.0245  0.02125   2.7265E-03 -2.1510E-02  2.1682E-02  -82.776
    11    1   0.0000   0.0000   0.0245  0.02125   3.1711E-03 -2.1962E-02  2.2190E-02  -81.784
    12    1   0.0000   0.0212   0.0245  0.02125   2.7265E-03 -2.1510E-02  2.1682E-02  -82.776
    13    1   0.0000   0.0425   0.0245  0.02125   2.2761E-03 -2.0669E-02  2.0794E-02  -83.716
    14    1   0.0000   0.0637   0.0245  0.02125   1.8900E-03 -1.9490E-02  1.9581E-02  -84.461
    15    1   0.0000   0.0850   0.0245  0.02125   1.5391E-03 -1.7968E-02  1.8033E-02  -85.104
    16    1   0.0000   0.1062   0.0245  0.02125   1.2186E-03 -1.6117E-02  1.6163E-02  -85.676
    17    1   0.0000   0.1275   0.0245  0.02125   9.2830E-04 -1.3958E-02  1.3989E-02  -86.195
    18    1   0.0000   0.1487   0.0245  0.02125   6.6908E-04 -1.1513E-02  1.1532E-02  -86.674
    19    1   0.0000   0.1700   0.0245  0.02125   4.4232E-04 -8.7972E-03  8.8083E-03  -87.122
    20    1   0.0000   0.1912   0.0245  0.02125   2.4893E-04 -5.8094E-03  5.8147E-03  -87.546
    21    1   0.0000   0.2125   0.0245  0.02125   8.4739E-05 -2.3626E-03  2.3641E-03  -87.946
    22    2  -0.2125   0.0000   0.0000  0.02125   1.1749E-03  7.4163E-04  1.3894E-03   32.261
    23    2  -0.1912   0.0000   0.0000  0.02125   2.8770E-03  1.8442E-03  3.4173E-03   32.661
    24    2  -0.1700   0.0000   0.0000  0.02125   4.3373E-03  2.8259E-03  5.1767E-03   33.085
    25    2  -0.1487   0.0000   0.0000  0.02125   5.6496E-03  3.7441E-03  6.7776E-03   33.533
    26    2  -0.1275   0.0000   0.0000  0.02125   6.8150E-03  4.5988E-03  8.2215E-03   34.012
    27    2  -0.1062   0.0000   0.0000  0.02125   7.8255E-03  5.3846E-03  9.4991E-03   34.531
    28    2  -0.0850   0.0000   0.0000  0.02125   8.6707E-03  6.0945E-03  1.0598E-02   35.103
    29    2  -0.0637   0.0000   0.0000  0.02125   9.3400E-03  6.7229E-03  1.1508E-02   35.746
    30    2  -0.0425   0.0000   0.0000  0.02125   9.8249E-03  7.2677E-03  1.2221E-02   36.491
    31    2  -0.0212   0.0000   0.0000  0.02125   1.0119E-02  7.7450E-03  1.2742E-02   37.431
    32    2   0.0000   0.0000   0.0000  0.02125   1.0217E-02  8.1046E-03  1.3041E-02   38.423
    33    2   0.0212   0.0000   0.0000  0.02125   1.0119E-02  7.7450E-03  1.2742E-02   37.431
    34    2   0.0425   0.0000   0.0000  0.02125   9.8249E-03  7.2677E-03  1.2221E-02   36.491
    35    2   0.0637   0.0000   0.0000  0.02125   9.3400E-03  6.7229E-03  1.1508E-02   35.746
    36    2   0.0850   0.0000   0.0000  0.02125   8.6707E-03  6.0945E-03  1.0598E-02   35.103
    37    2   0.1062   0.0000   0.0000  0.02125   7.8255E-03  5.3846E-03  9.4991E-03   34.531
    38    2   0.1275   0.0000   0.0000  0.02125   6.8150E-03  4.5988E-03  8.2215E-03   34.012
    39    2   0.1487   0.0000   0.0000  0.02125   5.6496E-03  3.7441E-03  6.7776E-03   33.533
    40    2   0.1700   0.0000   0.0000  0.02125   4.3373E-03  2.8259E-03  5.1767E-03   33.085
    41    2   0.1912   0.0000   0.0000  0.02125   2.8770E-03  1.8442E-03  3.4173E-03   32.661
    42    2   0.2125   0.0000   0.0000  0.02125   1.1749E-03  7.4163E-04  1.3894E-03   32.261



                                        - - - POWER BUDGET - - -

                                           INPUT POWER   = 1.9899E-02 WATTS
                                           RADIATED POWER= 1.9899E-02 WATTS
                                           STRUCTURE LOSS= 0.0000E+00 WATTS
                                           NETWORK LOSS  =-1.2143E-16 WATTS
                                           EFFICIENCY    = 100.00 PERCENT



                                                - - - RADIATION PATTERNS - - -

  - - ANGLES - -           - POWER GAINS -       - - - POLARIZATION - - -    - - - E(THETA) - - -    - - - E(PHI) - - -
  THETA     PHI        VERT.   HOR.    TOTAL      AXIAL     TILT   SENSE     MAGNITUDE    PHASE      MAGNITUDE    PHASE 
 DEGREES  DEGREES       DB      DB      DB        RATIO     DEG.              VOLTS/M    DEGREES      VOLTS/M    DEGREES
    0.00     0.00      -3.82    0.80    2.09    0.51439   -73.40  RIGHT     7.03734E-01   -54.58    1.19743E+00  -165.96




                                 - - - - - - FREQUENCY - - - - - -

                                    FREQUENCY= 1.4800E+03 MHZ
                                    WAVELENGTH= 2.0257E-01 METERS




                    APPROXIMATE INTEGRATION EMPLOYED FOR SEGMENTS MORE THAN   1.000 WAVELENGTHS APART

                    THE EXTENDED THIN WIRE KERNEL WILL BE USED



                               - - - STRUCTURE IMPEDANCE LOADING - - -

                                   THIS STRUCTURE IS NOT LOADED



                                  - - - ANTENNA ENVIRONMENT - - -

                                            FREE SPACE



                                - - - MATRIX TIMING - - -

                        FILL=    0.000 SEC.,  FACTOR=    0.000 SEC.



                                            - - - NETWORK DATA - - -

      - FROM -    - TO -           TRANSMISSION LINE               -  -  SHUNT ADMITTANCES (MHOS)  -  -              LINE
      TAG  SEG.   TAG  SEG.      IMPEDANCE      LENGTH            - END ONE -                 - END TWO -            TYPE
      NO.   NO.   NO.   NO.         OHMS        METERS         REAL          IMAG.         REAL          IMAG.
        1    11     2    32     5.0000E+01    4.7500E-02    0.0000E+00    0.0000E+00    0.0000E+00    0.0000E+00   STRAIGHT



                           - - - STRUCTURE EXCITATION DATA AT NETWORK CONNECTION POINTS - - -

   TAG   SEG.    VOLTAGE (VOLTS)         CURRENT (AMPS)         IMPEDANCE (OHMS)        ADMITTANCE (MHOS)      POWER
   NO.   NO.    REAL        IMAG.       REAL        IMAG.       REAL        IMAG.       REAL        IMAG.     (WATTS)
     1    11-7.35471E-01-1.43902E+00 2.81369E-03-2.15334E-02 6.13177E+01-4.21670E+01 1.10723E-02 7.61424E-03 1.44588E-02
     2    32 1.00000E+00 0.00000E+00 1.10723E-02 7.61424E-03 6.13177E+01-4.21670E+01 1.10723E-02 7.61424E-03 5.53617E-03



                                          - - - ANTENNA INPUT PARAMETERS - - -

   TAG   SEG.    VOLTAGE (VOLTS)         CURRENT (AMPS)         IMPEDANCE (OHMS)        ADMITTANCE (MHOS)      POWER
   NO.   NO.    REAL        IMAG.       REAL        IMAG.       REAL        IMAG.       REAL        IMAG.     (WATTS)
     2    32 1.00000E+00 0.00000E+00 3.99900E-02-9.12058E-03 2.37698E+01 5.42122E+00 3.99900E-02-9.12058E-03 1.99950E-02



                             - - - CURRENTS AND LOCATION - - -

                                 DISTANCES IN WAVELENGTHS


  SEG.  TAG    COORD. OF SEG. CENTER     SEG.            - - - CURRENT (AMPS) - - -
  NO.   NO.     X        Y        Z      LENGTH     REAL        IMAG.       MAG.        PHASE
     1    1   0.0000  -0.2139   0.0247  0.02139   4.7130E-05 -2.3293E-03  2.3297E-03  -88.841
     2    1   0.0000  -0.1925   0.0247  0.02139   1.5641E-04 -5.7274E-03  5.7295E-03  -88.436
     3    1   0.0000  -0.1711   0.0247  0.02139   3.0215E-04 -8.6721E-03  8.6774E-03  -88.005
     4    1   0.0000  -0.1497   0.0247  0.02139   4.8552E-04 -1.1347E-02  1.1357E-02  -87.550
     5    1   0.0000  -0.1284   0.0247  0.02139   7.0555E-04 -1.3753E-02  1.3771E-02  -87.063
     6    1   0.0000  -0.1070   0.0247  0.02139   9.6112E-04 -1.5874E-02  1.5903E-02  -86.535
     7    1   0.0000  -0.0856   0.0247  0.02139   1.2515E-03 -1.7687E-02  1.7731E-02  -85.953
     8    1   0.0000  -0.0642   0.0247  0.02139   1.5773E-03 -1.9173E-02  1.9238E-02  -85.297
     9    1   0.0000  -0.0428   0.0247  0.02139   1.9433E-03 -2.0316E-02  2.0408E-02  -84.536
    10    1   0.0000  -0.0214   0.0247  0.02139   2.3785E-03 -2.1117E-02  2.1251E-02  -83.574
    11    1   0.0000   0.0000   0.0247  0.02139   2.8137E-03 -2.1533E-02  2.1716E-02  -82.556
    12    1   0.0000   0.0214   0.0247  0.02139   2.3785E-03 -2.1117E-02  2.1251E-02  -83.574
    13    1   0.0000   0.0428   0.0247  0.02139   1.9433E-03 -2.0316E-02  2.0408E-02  -84.536
    14    1   0.0000   0.0642   0.0247  0.02139   1.5773E-03 -1.9173E-02  1.9238E-02  -85.297
    15    1   0.0000   0.0856   0.0247  0.02139   1.2515E-03 -1.7687E-02  1.7731E-02  -85.953
    16    1   0.0000   0.1070   0.0247  0.02139   9.6112E-04 -1.5874E-02  1.5903E-02  -86.535
    17    1   0.0000   0.1284   0.0247  0.02139   7.0555E-04 -1.3753E-02  1.3771E-02  -87.063
    18    1   0.0000   0.1497   0.0247  0.02139   4.8552E-04 -1.1347E-02  1.1357E-02  -87.550
    19    1   0.0000   0.1711   0.0247  0.02139   3.0215E-04 -8.6721E-03  8.6774E-03  -88.005
    20    1   0.0000   0.1925   0.0247  0.02139   1.5641E-04 -5.7274E-03  5.7295E-03  -88.436
    21    1   0.0000   0.2139   0.0247  0.02139   4.7130E-05 -2.3293E-03  2.3297E-03  -88.841
    22    2  -0.2139   0.0000   0.0000  0.02139   1.2701E-03  6.8190E-04  1.4416E-03   28.230
    23    2  -0.1925   0.0000   0.0000  0.02139   3.1117E-03  1.6990E-03  3.5453E-03   28.635
    24    2  -0.1711   0.0000   0.0000  0.02139   4.6932E-03  2.6086E-03  5.3694E-03   29.067
    25    2  -0.1497   0.0000   0.0000  0.02139   6.1154E-03  3.4629E-03  7.0278E-03   29.521
    26    2  -0.1284   0.0000   0.0000  0.02139   7.3792E-03  4.2618E-03  8.5215E-03   30.008
    27    2  -0.1070   0.0000   0.0000  0.02139   8.4757E-03  4.9998E-03  9.8405E-03   30.536
    28    2  -0.0856   0.0000   0.0000  0.02139   9.3931E-03  5.6704E-03  1.0972E-02   31.118
    29    2  -0.0642   0.0000   0.0000  0.02139   1.0120E-02  6.2683E-03  1.1904E-02   31.774
    30    2  -0.0428   0.0000   0.0000  0.02139   1.0647E-02  6.7918E-03  1.2628E-02   32.535
    31    2  -0.0214   0.0000   0.0000  0.02139   1.0965E-02  7.2572E-03  1.3150E-02   33.498
    32    2   0.0000   0.0000   0.0000  0.02139   1.1072E-02  7.6142E-03  1.3438E-02   34.516
    33    2   0.0214   0.0000   0.0000  0.02139   1.0965E-02  7.2572E-03  1.3150E-02   33.498
    34    2   0.0428   0.0000   0.0000  0.02139   1.0647E-02  6.7918E-03  1.2628E-02   32.535
    35    2   0.0642   0.0000   0.0000  0.02139   1.0120E-02  6.2683E-03  1.1904E-02   31.774
    36    2   0.0856   0.0000   0.0000  0.02139   9.3931E-03  5.6704E-03  1.0972E-02   31.118
    37    2   0.1070   0.0000   0.0000  0.02139   8.4757E-03  4.9998E-03  9.8405E-03   30.536
    38    2   0.1284   0.0000   0.0000  0.02139   7.3792E-03  4.2618E-03  8.5215E-03   30.008
    39    2   0.1497   0.0000   0.0000  0.02139   6.1154E-03  3.4629E-03  7.0278E-03   29.521
    40    2   0.1711   0.0000   0.0000  0.02139   4.6932E-03  2.6086E-03  5.3694E-03   29.067
    41    2   0.1925   0.0000   0.0000  0.02139   3.1117E-03  1.6990E-03  3.5453E-03   28.635
    42    2   0.2139   0.0000   0.0000  0.02139   1.2701E-03  6.8190E-04  1.4416E-03   28.230



                                        - - - POWER BUDGET - - -

                                           INPUT POWER   = 1.9995E-02 WATTS
                                           RADIATED POWER= 1.9995E-02 WATTS
                                           STRUCTURE LOSS= 0.0000E+00 WATTS
                                           NETWORK LOSS  = 7.2858E-17 WATTS
                                           EFFICIENCY    = 100.00 PERCENT



                                                - - - RADIATION PATTERNS - - -

  - - ANGLES - -           - POWER GAINS -       - - - POLARIZATION - - -    - - - E(THETA) - - -    - - - E(PHI) - - -
  THETA     PHI        VERT.   HOR.    TOTAL      AXIAL     TILT   SENSE     MAGNITUDE    PHASE      MAGNITUDE    PHASE 
 DEGREES  DEGREES       DB      DB      DB        RATIO     DEG.              VOLTS/M    DEGREES      VOLTS/M    DEGREES
    0.00     0.00      -3.49    0.68    2.09    0.55699   -73.98  RIGHT     7.33020E-01   -58.55    1.18462E+00  -166.74




                                 - - - - - - FREQUENCY - - - - - -

                                    FREQUENCY= 1.4900E+03 MHZ
                                    WAVELENGTH= 2.0121E-01 METERS




                    APPROXIMATE INTEGRATION EMPLOYED FOR SEGMENTS MORE THAN   1.000 WAVELENGTHS APART

                    THE EXTENDED THIN WIRE KERNEL WILL BE USED



                               - - - STRUCTURE IMPEDANCE LOADING - - -

                                   THIS STRUCTURE IS NOT LOADED



                                  - - - ANTENNA ENVIRONMENT - - -

                                            FREE SPACE



                                - - - MATRIX TIMING - - -

                        FILL=    0.000 SEC.,  FACTOR=    0.000 SEC.



                                            - - - NETWORK DATA - - -

      - FROM -    - TO -           TRANSMISSION LINE               -  -  SHUNT ADMITTANCES (MHOS)  -  -              LINE
      TAG  SEG.   TAG  SEG.      IMPEDANCE      LENGTH            - END ONE -                 - END TWO -            TYPE
      NO.   NO.   NO.   NO.         OHMS        METERS         REAL          IMAG.         REAL          IMAG.
        1    11     2    32     5.0000E+01    4.7500E-02    0.0000E+00    0.0000E+00    0.0000E+00    0.0000E+00   STRAIGHT



                           - - - STRUCTURE EXCITATION DATA AT NETWORK CONNECTION POINTS - - -

   TAG   SEG.    VOLTAGE (VOLTS)         CURRENT (AMPS)         IMPEDANCE (OHMS)        ADMITTANCE (MHOS)      POWER
   NO.   NO.    REAL        IMAG.       REAL        IMAG.       REAL        IMAG.       REAL        IMAG.     (WATTS)
     1    11-6.21164E-01-1.41585E+00 2.48406E-03-2.11666E-02 6.25846E+01-3.66912E+01 1.18913E-02 6.97143E-03 1.42129E-02
     2    32 1.00000E+00 0.00000E+00 1.18913E-02 6.97143E-03 6.25846E+01-3.66912E+01 1.18913E-02 6.97143E-03 5.94563E-03



                                          - - - ANTENNA INPUT PARAMETERS - - -

   TAG   SEG.    VOLTAGE (VOLTS)         CURRENT (AMPS)         IMPEDANCE (OHMS)        ADMITTANCE (MHOS)      POWER
   NO.   NO.    REAL        IMAG.       REAL        IMAG.       REAL        IMAG.       REAL        IMAG.     (WATTS)
     2    32 1.00000E+00 0.00000E+00 4.03170E-02-7.25403E-03 2.40257E+01 4.32282E+00 4.03170E-02-7.25403E-03 2.01585E-02



                             - - - CURRENTS AND LOCATION - - -

                                 DISTANCES IN WAVELENGTHS


  SEG.  TAG    COORD. OF SEG. CENTER     SEG.            - - - CURRENT (AMPS) - - -
  NO.   NO.     X        Y        Z      LENGTH     REAL        IMAG.       MAG.        PHASE
     1    1   0.0000  -0.2154   0.0248  0.02154   1.1376E-05 -2.3023E-03  2.3023E-03  -89.717
     2    1   0.0000  -0.1938   0.0248  0.02154   6.8577E-05 -5.6610E-03  5.6614E-03  -89.306
     3    1   0.0000  -0.1723   0.0248  0.02154   1.6928E-04 -8.5708E-03  8.5725E-03  -88.869
     4    1   0.0000  -0.1508   0.0248  0.02154   3.1184E-04 -1.1212E-02  1.1217E-02  -88.407
     5    1   0.0000  -0.1292   0.0248  0.02154   4.9524E-04 -1.3586E-02  1.3595E-02  -87.912
     6    1   0.0000  -0.1077   0.0248  0.02154   7.1859E-04 -1.5675E-02  1.5691E-02  -87.375
     7    1   0.0000  -0.0861   0.0248  0.02154   9.8143E-04 -1.7456E-02  1.7484E-02  -86.782
     8    1   0.0000  -0.0646   0.0248  0.02154   1.2847E-03 -1.8910E-02  1.8953E-02  -86.113
     9    1   0.0000  -0.0431   0.0248  0.02154   1.6332E-03 -2.0019E-02  2.0086E-02  -85.336
    10    1   0.0000  -0.0215   0.0248  0.02154   2.0558E-03 -2.0785E-02  2.0886E-02  -84.351
    11    1   0.0000   0.0000   0.0248  0.02154   2.4841E-03 -2.1167E-02  2.1312E-02  -83.307
    12    1   0.0000   0.0215   0.0248  0.02154   2.0558E-03 -2.0785E-02  2.0886E-02  -84.351
    13    1   0.0000   0.0431   0.0248  0.02154   1.6332E-03 -2.0019E-02  2.0086E-02  -85.336
    14    1   0.0000   0.0646   0.0248  0.02154   1.2847E-03 -1.8910E-02  1.8953E-02  -86.113
    15    1   0.0000   0.0861   0.0248  0.02154   9.8143E-04 -1.7456E-02  1.7484E-02  -86.782
    16    1   0.0000   0.1077   0.0248  0.02154   7.1859E-04 -1.5675E-02  1.5691E-02  -87.375
    17    1   0.0000   0.1292   0.0248  0.02154   4.9524E-04 -1.3586E-02  1.3595E-02  -87.912
    18    1   0.0000   0.1508   0.0248  0.02154   3.1184E-04 -1.1212E-02  1.1217E-02  -88.407
    19    1   0.0000   0.1723   0.0248  0.02154   1.6928E-04 -8.5708E-03  8.5725E-03  -88.869
    20    1   0.0000   0.1938   0.0248  0.02154   6.8577E-05 -5.6610E-03  5.6614E-03  -89.306
    21    1   0.0000   0.2154   0.0248  0.02154   1.1376E-05 -2.3023E-03  2.3023E-03  -89.717
    22    2  -0.2154   0.0000   0.0000  0.02154   1.3607E-03  6.0499E-04  1.4891E-03   23.971
    23    2  -0.1938   0.0000   0.0000  0.02154   3.3351E-03  1.5116E-03  3.6617E-03   24.382
    24    2  -0.1723   0.0000   0.0000  0.02154   5.0324E-03  2.3274E-03  5.5445E-03   24.820
    25    2  -0.1508   0.0000   0.0000  0.02154   6.5599E-03  3.0982E-03  7.2547E-03   25.281
    26    2  -0.1292   0.0000   0.0000  0.02154   7.9182E-03  3.8237E-03  8.7931E-03   25.776
    27    2  -0.1077   0.0000   0.0000  0.02154   9.0972E-03  4.4987E-03  1.0149E-02   26.313
    28    2  -0.0861   0.0000   0.0000  0.02154   1.0084E-02  5.1172E-03  1.1308E-02   26.906
    29    2  -0.0646   0.0000   0.0000  0.02154   1.0866E-02  5.6745E-03  1.2259E-02   27.575
    30    2  -0.0431   0.0000   0.0000  0.02154   1.1433E-02  6.1693E-03  1.2991E-02   28.352
    31    2  -0.0215   0.0000   0.0000  0.02154   1.1776E-02  6.6185E-03  1.3509E-02   29.337
    32    2   0.0000   0.0000   0.0000  0.02154   1.1891E-02  6.9714E-03  1.3784E-02   30.382
    33    2   0.0215   0.0000   0.0000  0.02154   1.1776E-02  6.6185E-03  1.3509E-02   29.337
    34    2   0.0431   0.0000   0.0000  0.02154   1.1433E-02  6.1693E-03  1.2991E-02   28.352
    35    2   0.0646   0.0000   0.0000  0.02154   1.0866E-02  5.6745E-03  1.2259E-02   27.575
    36    2   0.0861   0.0000   0.0000  0.02154   1.0084E-02  5.1172E-03  1.1308E-02   26.906
    37    2   0.1077   0.0000   0.0000  0.02154   9.0972E-03  4.4987E-03  1.0149E-02   26.313
    38    2   0.1292   0.0000   0.0000  0.02154   7.9182E-03  3.8237E-03  8.7931E-03   25.776
    39    2   0.1508   0.0000   0.0000  0.02154   6.5599E-03  3.0982E-03  7.2547E-03   25.281
    40    2   0.1723   0.0000   0.0000  0.02154   5.0324E-03  2.3274E-03  5.5445E-03   24.820
    41    2   0.1938   0.0000   0.0000  0.02154   3.3351E-03  1.5116E-03  3.6617E-03   24.382
    42    2   0.2154   0.0000   0.0000  0.02154   1.3607E-03  6.0499E-04  1.4891E-03   23.971



                                        - - - POWER BUDGET - - -

                                           INPUT POWER   = 2.0158E-02 WATTS
                                           RADIATED POWER= 2.0158E-02 WATTS
                                           STRUCTURE LOSS= 0.0000E+00 WATTS
                                           NETWORK LOSS  =-6.9389E-18 WATTS
                                           EFFICIENCY    = 100.00 PERCENT



                                                - - - RADIATION PATTERNS - - -

  - - ANGLES - -           - POWER GAINS -       - - - POLARIZATION - - -    - - - E(THETA) - - -    - - - E(PHI) - - -
  THETA     PHI        VERT.   HOR.    TOTAL      AXIAL     TILT   SENSE     MAGNITUDE    PHASE      MAGNITUDE    PHASE 
 DEGREES  DEGREES       DB      DB      DB        RATIO     DEG.              VOLTS/M    DEGREES      VOLTS/M    DEGREES
    0.00     0.00      -3.21    0.58    2.10    0.59951   -75.25  RIGHT     7.60081E-01   -62.76    1.17517E+00  -167.50




                                 - - - - - - FREQUENCY - - - - - -

                                    FREQUENCY= 1.5000E+03 MHZ
                                    WAVELENGTH= 1.9987E-01 METERS




                    APPROXIMATE INTEGRATION EMPLOYED FOR SEGMENTS MORE THAN   1.000 WAVELENGTHS APART

                    THE EXTENDED THIN WIRE KERNEL WILL BE USED



                               - - - STRUCTURE IMPEDANCE LOADING - - -

                                   THIS STRUCTURE IS NOT LOADED



                                  - - - ANTENNA ENVIRONMENT - - -

                                            FREE SPACE



                                - - - MATRIX TIMING - - -

                        FILL=    0.000 SEC.,  FACTOR=    0.000 SEC.



                                            - - - NETWORK DATA - - -

      - FROM -    - TO -           TRANSMISSION LINE               -  -  SHUNT ADMITTANCES (MHOS)  -  -              LINE
      TAG  SEG.   TAG  SEG.      IMPEDANCE      LENGTH            - END ONE -                 - END TWO -            TYPE
      NO.   NO.   NO.   NO.         OHMS        METERS         REAL          IMAG.         REAL          IMAG.
        1    11     2    32     5.0000E+01    4.7500E-02    0.0000E+00    0.0000E+00    0.0000E+00    0.0000E+00   STRAIGHT



                           - - - STRUCTURE EXCITATION DATA AT NETWORK CONNECTION POINTS - - -

   TAG   SEG.    VOLTAGE (VOLTS)         CURRENT (AMPS)         IMPEDANCE (OHMS)        ADMITTANCE (MHOS)      POWER
   NO.   NO.    REAL        IMAG.       REAL        IMAG.       REAL        IMAG.       REAL        IMAG.     (WATTS)
     1    11-5.12273E-01-1.40017E+00 2.17587E-03-2.08564E-02 6.38765E+01-3.12260E+01 1.26356E-02 6.17692E-03 1.40439E-02
     2    32 1.00000E+00 0.00000E+00 1.26356E-02 6.17692E-03 6.38765E+01-3.12260E+01 1.26356E-02 6.17692E-03 6.31782E-03



                                          - - - ANTENNA INPUT PARAMETERS - - -

   TAG   SEG.    VOLTAGE (VOLTS)         CURRENT (AMPS)         IMPEDANCE (OHMS)        ADMITTANCE (MHOS)      POWER
   NO.   NO.    REAL        IMAG.       REAL        IMAG.       REAL        IMAG.       REAL        IMAG.     (WATTS)
     2    32 1.00000E+00 0.00000E+00 4.07235E-02-5.65342E-03 2.40915E+01 3.34450E+00 4.07235E-02-5.65342E-03 2.03618E-02



                             - - - CURRENTS AND LOCATION - - -

                                 DISTANCES IN WAVELENGTHS


  SEG.  TAG    COORD. OF SEG. CENTER     SEG.            - - - CURRENT (AMPS) - - -
  NO.   NO.     X        Y        Z      LENGTH     REAL        IMAG.       MAG.        PHASE
     1    1   0.0000  -0.2168   0.0250  0.02168  -2.3141E-05 -2.2812E-03  2.2813E-03  -90.581
     2    1   0.0000  -0.1951   0.0250  0.02168  -1.6104E-05 -5.6091E-03  5.6091E-03  -90.165
     3    1   0.0000  -0.1734   0.0250  0.02168   4.1393E-05 -8.4914E-03  8.4915E-03  -89.721
     4    1   0.0000  -0.1518   0.0250  0.02168   1.4500E-04 -1.1106E-02  1.1107E-02  -89.252
     5    1   0.0000  -0.1301   0.0250  0.02168   2.9365E-04 -1.3454E-02  1.3457E-02  -88.750
     6    1   0.0000  -0.1084   0.0250  0.02168   4.8671E-04 -1.5516E-02  1.5523E-02  -88.203
     7    1   0.0000  -0.0867   0.0250  0.02168   7.2400E-04 -1.7270E-02  1.7285E-02  -87.599
     8    1   0.0000  -0.0650   0.0250  0.02168   1.0067E-03 -1.8695E-02  1.8722E-02  -86.918
     9    1   0.0000  -0.0434   0.0250  0.02168   1.3398E-03 -1.9775E-02  1.9821E-02  -86.124
    10    1   0.0000  -0.0217   0.0250  0.02168   1.7523E-03 -2.0507E-02  2.0582E-02  -85.116
    11    1   0.0000   0.0000   0.0250  0.02168   2.1759E-03 -2.0856E-02  2.0970E-02  -84.044
    12    1   0.0000   0.0217   0.0250  0.02168   1.7523E-03 -2.0507E-02  2.0582E-02  -85.116
    13    1   0.0000   0.0434   0.0250  0.02168   1.3398E-03 -1.9775E-02  1.9821E-02  -86.124
    14    1   0.0000   0.0650   0.0250  0.02168   1.0067E-03 -1.8695E-02  1.8722E-02  -86.918
    15    1   0.0000   0.0867   0.0250  0.02168   7.2400E-04 -1.7270E-02  1.7285E-02  -87.599
    16    1   0.0000   0.1084   0.0250  0.02168   4.8671E-04 -1.5516E-02  1.5523E-02  -88.203
    17    1   0.0000   0.1301   0.0250  0.02168   2.9365E-04 -1.3454E-02  1.3457E-02  -88.750
    18    1   0.0000   0.1518   0.0250  0.02168   1.4500E-04 -1.1106E-02  1.1107E-02  -89.252
    19    1   0.0000   0.1734   0.0250  0.02168   4.1393E-05 -8.4914E-03  8.4915E-03  -89.721
    20    1   0.0000   0.1951   0.0250  0.02168  -1.6104E-05 -5.6091E-03  5.6091E-03  -90.165
    21    1   0.0000   0.2168   0.0250  0.02168  -2.3141E-05 -2.2812E-03  2.2813E-03  -90.581
    22    2  -0.2168   0.0000   0.0000  0.02168   1.4422E-03  5.1113E-04  1.5301E-03   19.515
    23    2  -0.1951   0.0000   0.0000  0.02168   3.5368E-03  1.2825E-03  3.7621E-03   19.931
    24    2  -0.1734   0.0000   0.0000  0.02168   5.3390E-03  1.9829E-03  5.6954E-03   20.375
    25    2  -0.1518   0.0000   0.0000  0.02168   6.9622E-03  2.6508E-03  7.4498E-03   20.844
    26    2  -0.1301   0.0000   0.0000  0.02168   8.4065E-03  3.2854E-03  9.0257E-03   21.346
    27    2  -0.1084   0.0000   0.0000  0.02168   9.6608E-03  3.8822E-03  1.0412E-02   21.892
    28    2  -0.0867   0.0000   0.0000  0.02168   1.0711E-02  4.4359E-03  1.1593E-02   22.496
    29    2  -0.0650   0.0000   0.0000  0.02168   1.1544E-02  4.9424E-03  1.2557E-02   23.178
    30    2  -0.0434   0.0000   0.0000  0.02168   1.2147E-02  5.4012E-03  1.3294E-02   23.972
    31    2  -0.0217   0.0000   0.0000  0.02168   1.2513E-02  5.8296E-03  1.3804E-02   24.980
    32    2   0.0000   0.0000   0.0000  0.02168   1.2636E-02  6.1769E-03  1.4065E-02   26.052
    33    2   0.0217   0.0000   0.0000  0.02168   1.2513E-02  5.8296E-03  1.3804E-02   24.980
    34    2   0.0434   0.0000   0.0000  0.02168   1.2147E-02  5.4012E-03  1.3294E-02   23.972
    35    2   0.0650   0.0000   0.0000  0.02168   1.1544E-02  4.9424E-03  1.2557E-02   23.178
    36    2   0.0867   0.0000   0.0000  0.02168   1.0711E-02  4.4359E-03  1.1593E-02   22.496
    37    2   0.1084   0.0000   0.0000  0.02168   9.6608E-03  3.8822E-03  1.0412E-02   21.892
    38    2   0.1301   0.0000   0.0000  0.02168   8.4065E-03  3.2854E-03  9.0257E-03   21.346
    39    2   0.1518   0.0000   0.0000  0.02168   6.9622E-03  2.6508E-03  7.4498E-03   20.844
    40    2   0.1734   0.0000   0.0000  0.02168   5.3390E-03  1.9829E-03  5.6954E-03   20.375
    41    2   0.1951   0.0000   0.0000  0.02168   3.5368E-03  1.2825E-03  3.7621E-03   19.931
    42    2   0.2168   0.0000   0.0000  0.02168   1.4422E-03  5.1113E-04  1.5301E-03   19.515



                                        - - - POWER BUDGET - - -

                                           INPUT POWER   = 2.0362E-02 WATTS
                                           RADIATED POWER= 2.0362E-02 WATTS
                                           STRUCTURE LOSS= 0.0000E+00 WATTS
                                           NETWORK LOSS  = 6.9389E-18 WATTS
                                           EFFICIENCY    = 100.00 PERCENT



                                                - - - RADIATION PATTERNS - - -

  - - ANGLES - -           - POWER GAINS -       - - - POLARIZATION - - -    - - - E(THETA) - - -    - - - E(PHI) - - -
  THETA     PHI        VERT.   HOR.    TOTAL      AXIAL     TILT   SENSE     MAGNITUDE    PHASE      MAGNITUDE    PHASE 
 DEGREES  DEGREES       DB      DB      DB        RATIO     DEG.              VOLTS/M    DEGREES      VOLTS/M    DEGREES
    0.00     0.00      -2.98    0.49    2.10    0.63980   -77.44  RIGHT     7.83964E-01   -67.16    1.16885E+00  -168.25




                                 - - - - - - FREQUENCY - - - - - -

                                    FREQUENCY= 1.5100E+03 MHZ
                                    WAVELENGTH= 1.9854E-01 METERS




                    APPROXIMATE INTEGRATION EMPLOYED FOR SEGMENTS MORE THAN   1.000 WAVELENGTHS APART

                    THE EXTENDED THIN WIRE KERNEL WILL BE USED



                               - - - STRUCTURE IMPEDANCE LOADING - - -

                                   THIS STRUCTURE IS NOT LOADED



                                  - - - ANTENNA ENVIRONMENT - - -

                                            FREE SPACE



                                - - - MATRIX TIMING - - -

                        FILL=    0.016 SEC.,  FACTOR=    0.000 SEC.



                                            - - - NETWORK DATA - - -

      - FROM -    - TO -           TRANSMISSION LINE               -  -  SHUNT ADMITTANCES (MHOS)  -  -              LINE
      TAG  SEG.   TAG  SEG.      IMPEDANCE      LENGTH            - END ONE -                 - END TWO -            TYPE
      NO.   NO.   NO.   NO.         OHMS        METERS         REAL          IMAG.         REAL          IMAG.
        1    11     2    32     5.0000E+01    4.7500E-02    0.0000E+00    0.0000E+00    0.0000E+00    0.0000E+00   STRAIGHT



                           - - - STRUCTURE EXCITATION DATA AT NETWORK CONNECTION POINTS - - -

   TAG   SEG.    VOLTAGE (VOLTS)         CURRENT (AMPS)         IMPEDANCE (OHMS)        ADMITTANCE (MHOS)      POWER
   NO.   NO.    REAL        IMAG.       REAL        IMAG.       REAL        IMAG.       REAL        IMAG.     (WATTS)
     1    11-4.08016E-01-1.39142E+00 1.88377E-03-2.05982E-02 6.51938E+01-2.57705E+01 1.32660E-02 5.24394E-03 1.39460E-02
     2    32 1.00000E+00 0.00000E+00 1.32660E-02 5.24394E-03 6.51938E+01-2.57705E+01 1.32660E-02 5.24394E-03 6.63300E-03



                                          - - - ANTENNA INPUT PARAMETERS - - -

   TAG   SEG.    VOLTAGE (VOLTS)         CURRENT (AMPS)         IMPEDANCE (OHMS)        ADMITTANCE (MHOS)      POWER
   NO.   NO.    REAL        IMAG.       REAL        IMAG.       REAL        IMAG.       REAL        IMAG.     (WATTS)
     2    32 1.00000E+00 0.00000E+00 4.11580E-02-4.28890E-03 2.40356E+01 2.50464E+00 4.11580E-02-4.28890E-03 2.05790E-02



                             - - - CURRENTS AND LOCATION - - -

                                 DISTANCES IN WAVELENGTHS


  SEG.  TAG    COORD. OF SEG. CENTER     SEG.            - - - CURRENT (AMPS) - - -
  NO.   NO.     X        Y        Z      LENGTH     REAL        IMAG.       MAG.        PHASE
     1    1   0.0000  -0.2183   0.0252  0.02183  -5.6963E-05 -2.2655E-03  2.2662E-03  -91.440
     2    1   0.0000  -0.1964   0.0252  0.02183  -9.8969E-05 -5.5705E-03  5.5714E-03  -91.018
     3    1   0.0000  -0.1746   0.0252  0.02183  -8.3544E-05 -8.4322E-03  8.4326E-03  -90.568
     4    1   0.0000  -0.1528   0.0252  0.02183  -1.7688E-05 -1.1027E-02  1.1027E-02  -90.092
     5    1   0.0000  -0.1310   0.0252  0.02183   9.7533E-05 -1.3353E-02  1.3354E-02  -89.582
     6    1   0.0000  -0.1091   0.0252  0.02183   2.6171E-04 -1.5394E-02  1.5396E-02  -89.026
     7    1   0.0000  -0.0873   0.0252  0.02183   4.7499E-04 -1.7125E-02  1.7132E-02  -88.411
     8    1   0.0000  -0.0655   0.0252  0.02183   7.3877E-04 -1.8526E-02  1.8541E-02  -87.716
     9    1   0.0000  -0.0437   0.0252  0.02183   1.0584E-03 -1.9580E-02  1.9608E-02  -86.906
    10    1   0.0000  -0.0218   0.0252  0.02183   1.4628E-03 -2.0280E-02  2.0333E-02  -85.874
    11    1   0.0000   0.0000   0.0252  0.02183   1.8838E-03 -2.0598E-02  2.0684E-02  -84.775
    12    1   0.0000   0.0218   0.0252  0.02183   1.4628E-03 -2.0280E-02  2.0333E-02  -85.874
    13    1   0.0000   0.0437   0.0252  0.02183   1.0584E-03 -1.9580E-02  1.9608E-02  -86.906
    14    1   0.0000   0.0655   0.0252  0.02183   7.3877E-04 -1.8526E-02  1.8541E-02  -87.716
    15    1   0.0000   0.0873   0.0252  0.02183   4.7499E-04 -1.7125E-02  1.7132E-02  -88.411
    16    1   0.0000   0.1091   0.0252  0.02183   2.6171E-04 -1.5394E-02  1.5396E-02  -89.026
    17    1   0.0000   0.1310   0.0252  0.02183   9.7533E-05 -1.3353E-02  1.3354E-02  -89.582
    18    1   0.0000   0.1528   0.0252  0.02183  -1.7688E-05 -1.1027E-02  1.1027E-02  -90.092
    19    1   0.0000   0.1746   0.0252  0.02183  -8.3544E-05 -8.4322E-03  8.4326E-03  -90.568
    20    1   0.0000   0.1964   0.0252  0.02183  -9.8969E-05 -5.5705E-03  5.5714E-03  -91.018
    21    1   0.0000   0.2183   0.0252  0.02183  -5.6963E-05 -2.2655E-03  2.2662E-03  -91.440
    22    2  -0.2183   0.0000   0.0000  0.02183   1.5103E-03  4.0195E-04  1.5629E-03   14.903
    23    2  -0.1964   0.0000   0.0000  0.02183   3.7057E-03  1.0155E-03  3.8423E-03   15.325
    24    2  -0.1746   0.0000   0.0000  0.02183   5.5965E-03  1.5811E-03  5.8156E-03   15.775
    25    2  -0.1528   0.0000   0.0000  0.02183   7.3008E-03  2.1281E-03  7.6046E-03   16.251
    26    2  -0.1310   0.0000   0.0000  0.02183   8.8182E-03  2.6559E-03  9.2095E-03   16.762
    27    2  -0.1091   0.0000   0.0000  0.02183   1.0137E-02  3.1605E-03  1.0618E-02   17.317
    28    2  -0.0873   0.0000   0.0000  0.02183   1.1241E-02  3.6377E-03  1.1815E-02   17.932
    29    2  -0.0655   0.0000   0.0000  0.02183   1.2117E-02  4.0841E-03  1.2787E-02   18.627
    30    2  -0.0437   0.0000   0.0000  0.02183   1.2752E-02  4.5001E-03  1.3523E-02   19.437
    31    2  -0.0218   0.0000   0.0000  0.02183   1.3137E-02  4.9035E-03  1.4022E-02   20.469
    32    2   0.0000   0.0000   0.0000  0.02183   1.3266E-02  5.2439E-03  1.4265E-02   21.568
    33    2   0.0218   0.0000   0.0000  0.02183   1.3137E-02  4.9035E-03  1.4022E-02   20.469
    34    2   0.0437   0.0000   0.0000  0.02183   1.2752E-02  4.5001E-03  1.3523E-02   19.437
    35    2   0.0655   0.0000   0.0000  0.02183   1.2117E-02  4.0841E-03  1.2787E-02   18.627
    36    2   0.0873   0.0000   0.0000  0.02183   1.1241E-02  3.6377E-03  1.1815E-02   17.932
    37    2   0.1091   0.0000   0.0000  0.02183   1.0137E-02  3.1605E-03  1.0618E-02   17.317
    38    2   0.1310   0.0000   0.0000  0.02183   8.8182E-03  2.6559E-03  9.2095E-03   16.762
    39    2   0.1528   0.0000   0.0000  0.02183   7.3008E-03  2.1281E-03  7.6046E-03   16.251
    40    2   0.1746   0.0000   0.0000  0.02183   5.5965E-03  1.5811E-03  5.8156E-03   15.775
    41    2   0.1964   0.0000   0.0000  0.02183   3.7057E-03  1.0155E-03  3.8423E-03   15.325
    42    2   0.2183   0.0000   0.0000  0.02183   1.5103E-03  4.0195E-04  1.5629E-03   14.903



                                        - - - POWER BUDGET - - -

                                           INPUT POWER   = 2.0579E-02 WATTS
                                           RADIATED POWER= 2.0579E-02 WATTS
                                           STRUCTURE LOSS= 0.0000E+00 WATTS
                                           NETWORK LOSS  = 5.5511E-17 WATTS
                                           EFFICIENCY    = 100.00 PERCENT



                                                - - - RADIATION PATTERNS - - -

  - - ANGLES - -           - POWER GAINS -       - - - POLARIZATION - - -    - - - E(THETA) - - -    - - - E(PHI) - - -
  THETA     PHI        VERT.   HOR.    TOTAL      AXIAL     TILT   SENSE     MAGNITUDE    PHASE      MAGNITUDE    PHASE 
 DEGREES  DEGREES       DB      DB      DB        RATIO     DEG.              VOLTS/M    DEGREES      VOLTS/M    DEGREES
    0.00     0.00      -2.81    0.42    2.11    0.67454   -80.79  RIGHT     8.03752E-01   -71.72    1.16545E+00  -169.00




                                 - - - - - - FREQUENCY - - - - - -

                                    FREQUENCY= 1.5200E+03 MHZ
                                    WAVELENGTH= 1.9724E-01 METERS




                    APPROXIMATE INTEGRATION EMPLOYED FOR SEGMENTS MORE THAN   1.000 WAVELENGTHS APART

                    THE EXTENDED THIN WIRE KERNEL WILL BE USED



                               - - - STRUCTURE IMPEDANCE LOADING - - -

                                   THIS STRUCTURE IS NOT LOADED



                                  - - - ANTENNA ENVIRONMENT - - -

                                            FREE SPACE



                                - - - MATRIX TIMING - - -

                        FILL=    0.000 SEC.,  FACTOR=    0.000 SEC.



                                            - - - NETWORK DATA - - -

      - FROM -    - TO -           TRANSMISSION LINE               -  -  SHUNT ADMITTANCES (MHOS)  -  -              LINE
      TAG  SEG.   TAG  SEG.      IMPEDANCE      LENGTH            - END ONE -                 - END TWO -            TYPE
      NO.   NO.   NO.   NO.         OHMS        METERS         REAL          IMAG.         REAL          IMAG.
        1    11     2    32     5.0000E+01    4.7500E-02    0.0000E+00    0.0000E+00    0.0000E+00    0.0000E+00   STRAIGHT



                           - - - STRUCTURE EXCITATION DATA AT NETWORK CONNECTION POINTS - - -

   TAG   SEG.    VOLTAGE (VOLTS)         CURRENT (AMPS)         IMPEDANCE (OHMS)        ADMITTANCE (MHOS)      POWER
   NO.   NO.    REAL        IMAG.       REAL        IMAG.       REAL        IMAG.       REAL        IMAG.     (WATTS)
     1    11-3.07708E-01-1.38916E+00 1.60304E-03-2.03883E-02 6.65372E+01-2.03239E+01 1.37466E-02 4.19892E-03 1.39147E-02
     2    32 1.00000E+00 0.00000E+00 1.37466E-02 4.19892E-03 6.65372E+01-2.03239E+01 1.37466E-02 4.19892E-03 6.87331E-03



                                          - - - ANTENNA INPUT PARAMETERS - - -

   TAG   SEG.    VOLTAGE (VOLTS)         CURRENT (AMPS)         IMPEDANCE (OHMS)        ADMITTANCE (MHOS)      POWER
   NO.   NO.    REAL        IMAG.       REAL        IMAG.       REAL        IMAG.       REAL        IMAG.     (WATTS)
     2    32 1.00000E+00 0.00000E+00 4.15761E-02-3.11944E-03 2.39176E+01 1.79453E+00 4.15761E-02-3.11944E-03 2.07880E-02



                             - - - CURRENTS AND LOCATION - - -

                                 DISTANCES IN WAVELENGTHS


  SEG.  TAG    COORD. OF SEG. CENTER     SEG.            - - - CURRENT (AMPS) - - -
  NO.   NO.     X        Y        Z      LENGTH     REAL        IMAG.       MAG.        PHASE
     1    1   0.0000  -0.2197   0.0254  0.02197  -9.0579E-05 -2.2549E-03  2.2567E-03  -92.300
     2    1   0.0000  -0.1977   0.0254  0.02197  -1.8122E-04 -5.5445E-03  5.5474E-03  -91.872
     3    1   0.0000  -0.1758   0.0254  0.02197  -2.0736E-04 -8.3920E-03  8.3946E-03  -91.415
     4    1   0.0000  -0.1538   0.0254  0.02197  -1.7861E-04 -1.0972E-02  1.0974E-02  -90.933
     5    1   0.0000  -0.1318   0.0254  0.02197  -9.6035E-05 -1.3284E-02  1.3284E-02  -90.414
     6    1   0.0000  -0.1099   0.0254  0.02197   4.0227E-05 -1.5307E-02  1.5307E-02  -89.849
     7    1   0.0000  -0.0879   0.0254  0.02197   2.3061E-04 -1.7020E-02  1.7022E-02  -89.224
     8    1   0.0000  -0.0659   0.0254  0.02197   4.7683E-04 -1.8400E-02  1.8406E-02  -88.516
     9    1   0.0000  -0.0439   0.0254  0.02197   7.8441E-04 -1.9429E-02  1.9445E-02  -87.688
    10    1   0.0000  -0.0220   0.0254  0.02197   1.1826E-03 -2.0100E-02  2.0135E-02  -86.633
    11    1   0.0000   0.0000   0.0254  0.02197   1.6030E-03 -2.0388E-02  2.0451E-02  -85.504
    12    1   0.0000   0.0220   0.0254  0.02197   1.1826E-03 -2.0100E-02  2.0135E-02  -86.633
    13    1   0.0000   0.0439   0.0254  0.02197   7.8441E-04 -1.9429E-02  1.9445E-02  -87.688
    14    1   0.0000   0.0659   0.0254  0.02197   4.7683E-04 -1.8400E-02  1.8406E-02  -88.516
    15    1   0.0000   0.0879   0.0254  0.02197   2.3061E-04 -1.7020E-02  1.7022E-02  -89.224
    16    1   0.0000   0.1099   0.0254  0.02197   4.0227E-05 -1.5307E-02  1.5307E-02  -89.849
    17    1   0.0000   0.1318   0.0254  0.02197  -9.6035E-05 -1.3284E-02  1.3284E-02  -90.414
    18    1   0.0000   0.1538   0.0254  0.02197  -1.7861E-04 -1.0972E-02  1.0974E-02  -90.933
    19    1   0.0000   0.1758   0.0254  0.02197  -2.0736E-04 -8.3920E-03  8.3946E-03  -91.415
    20    1   0.0000   0.1977   0.0254  0.02197  -1.8122E-04 -5.5445E-03  5.5474E-03  -91.872
    21    1   0.0000   0.2197   0.0254  0.02197  -9.0579E-05 -2.2549E-03  2.2567E-03  -92.300
    22    2  -0.2197   0.0000   0.0000  0.02197   1.5611E-03  2.8058E-04  1.5861E-03   10.189
    23    2  -0.1977   0.0000   0.0000  0.02197   3.8321E-03  7.1838E-04  3.8989E-03   10.618
    24    2  -0.1758   0.0000   0.0000  0.02197   5.7900E-03  1.1333E-03  5.8999E-03   11.074
    25    2  -0.1538   0.0000   0.0000  0.02197   7.5561E-03  1.5452E-03  7.7125E-03   11.557
    26    2  -0.1318   0.0000   0.0000  0.02197   9.1296E-03  1.9531E-03  9.3362E-03   12.075
    27    2  -0.1099   0.0000   0.0000  0.02197   1.0498E-02  2.3542E-03  1.0758E-02   12.640
    28    2  -0.0879   0.0000   0.0000  0.02197   1.1644E-02  2.7452E-03  1.1963E-02   13.266
    29    2  -0.0659   0.0000   0.0000  0.02197   1.2553E-02  3.1239E-03  1.2936E-02   13.974
    30    2  -0.0439   0.0000   0.0000  0.02197   1.3213E-02  3.4914E-03  1.3666E-02   14.802
    31    2  -0.0220   0.0000   0.0000  0.02197   1.3613E-02  3.8666E-03  1.4151E-02   15.857
    32    2   0.0000   0.0000   0.0000  0.02197   1.3747E-02  4.1989E-03  1.4374E-02   16.985
    33    2   0.0220   0.0000   0.0000  0.02197   1.3613E-02  3.8666E-03  1.4151E-02   15.857
    34    2   0.0439   0.0000   0.0000  0.02197   1.3213E-02  3.4914E-03  1.3666E-02   14.802
    35    2   0.0659   0.0000   0.0000  0.02197   1.2553E-02  3.1239E-03  1.2936E-02   13.974
    36    2   0.0879   0.0000   0.0000  0.02197   1.1644E-02  2.7452E-03  1.1963E-02   13.266
    37    2   0.1099   0.0000   0.0000  0.02197   1.0498E-02  2.3542E-03  1.0758E-02   12.640
    38    2   0.1318   0.0000   0.0000  0.02197   9.1296E-03  1.9531E-03  9.3362E-03   12.075
    39    2   0.1538   0.0000   0.0000  0.02197   7.5561E-03  1.5452E-03  7.7125E-03   11.557
    40    2   0.1758   0.0000   0.0000  0.02197   5.7900E-03  1.1333E-03  5.8999E-03   11.074
    41    2   0.1977   0.0000   0.0000  0.02197   3.8321E-03  7.1838E-04  3.8989E-03   10.618
    42    2   0.2197   0.0000   0.0000  0.02197   1.5611E-03  2.8058E-04  1.5861E-03   10.189



                                        - - - POWER BUDGET - - -

                                           INPUT POWER   = 2.0788E-02 WATTS
                                           RADIATED POWER= 2.0788E-02 WATTS
                                           STRUCTURE LOSS= 0.0000E+00 WATTS
                                           NETWORK LOSS  =-1.1796E-16 WATTS
                                           EFFICIENCY    = 100.00 PERCENT



                                                - - - RADIATION PATTERNS - - -

  - - ANGLES - -           - POWER GAINS -       - - - POLARIZATION - - -    - - - E(THETA) - - -    - - - E(PHI) - - -
  THETA     PHI        VERT.   HOR.    TOTAL      AXIAL     TILT   SENSE     MAGNITUDE    PHASE      MAGNITUDE    PHASE 
 DEGREES  DEGREES       DB      DB      DB        RATIO     DEG.              VOLTS/M    DEGREES      VOLTS/M    DEGREES
    0.00     0.00      -2.69    0.37    2.11    0.69928   -85.37  RIGHT     8.18665E-01   -76.38    1.16482E+00  -169.75




                                 - - - - - - FREQUENCY - - - - - -

                                    FREQUENCY= 1.5300E+03 MHZ
                                    WAVELENGTH= 1.9595E-01 METERS




                    APPROXIMATE INTEGRATION EMPLOYED FOR SEGMENTS MORE THAN   1.000 WAVELENGTHS APART

                    THE EXTENDED THIN WIRE KERNEL WILL BE USED



                               - - - STRUCTURE IMPEDANCE LOADING - - -

                                   THIS STRUCTURE IS NOT LOADED



                                  - - - ANTENNA ENVIRONMENT - - -

                                            FREE SPACE



                                - - - MATRIX TIMING - - -

                        FILL=    0.000 SEC.,  FACTOR=    0.000 SEC.



                                            - - - NETWORK DATA - - -

      - FROM -    - TO -           TRANSMISSION LINE               -  -  SHUNT ADMITTANCES (MHOS)  -  -              LINE
      TAG  SEG.   TAG  SEG.      IMPEDANCE      LENGTH            - END ONE -                 - END TWO -            TYPE
      NO.   NO.   NO.   NO.         OHMS        METERS         REAL          IMAG.         REAL          IMAG.
        1    11     2    32     5.0000E+01    4.7500E-02    0.0000E+00    0.0000E+00    0.0000E+00    0.0000E+00   STRAIGHT



                           - - - STRUCTURE EXCITATION DATA AT NETWORK CONNECTION POINTS - - -

   TAG   SEG.    VOLTAGE (VOLTS)         CURRENT (AMPS)         IMPEDANCE (OHMS)        ADMITTANCE (MHOS)      POWER
   NO.   NO.    REAL        IMAG.       REAL        IMAG.       REAL        IMAG.       REAL        IMAG.     (WATTS)
     1    11-2.10753E-01-1.39314E+00 1.32948E-03-2.02239E-02 6.79073E+01-1.48851E+01 1.40509E-02 3.07991E-03 1.39472E-02
     2    32 1.00000E+00 0.00000E+00 1.40509E-02 3.07991E-03 6.79073E+01-1.48851E+01 1.40509E-02 3.07991E-03 7.02543E-03



                                          - - - ANTENNA INPUT PARAMETERS - - -

   TAG   SEG.    VOLTAGE (VOLTS)         CURRENT (AMPS)         IMPEDANCE (OHMS)        ADMITTANCE (MHOS)      POWER
   NO.   NO.    REAL        IMAG.       REAL        IMAG.       REAL        IMAG.       REAL        IMAG.     (WATTS)
     2    32 1.00000E+00 0.00000E+00 4.19453E-02-2.09425E-03 2.37813E+01 1.18735E+00 4.19453E-02-2.09425E-03 2.09727E-02



                             - - - CURRENTS AND LOCATION - - -

                                 DISTANCES IN WAVELENGTHS


  SEG.  TAG    COORD. OF SEG. CENTER     SEG.            - - - CURRENT (AMPS) - - -
  NO.   NO.     X        Y        Z      LENGTH     REAL        IMAG.       MAG.        PHASE
     1    1   0.0000  -0.2211   0.0255  0.02211  -1.2445E-04 -2.2491E-03  2.2526E-03  -93.167
     2    1   0.0000  -0.1990   0.0255  0.02211  -2.6399E-04 -5.5303E-03  5.5366E-03  -92.733
     3    1   0.0000  -0.1769   0.0255  0.02211  -3.3176E-04 -8.3698E-03  8.3764E-03  -92.270
     4    1   0.0000  -0.1548   0.0255  0.02211  -3.4000E-04 -1.0941E-02  1.0946E-02  -91.780
     5    1   0.0000  -0.1327   0.0255  0.02211  -2.8975E-04 -1.3242E-02  1.3245E-02  -91.253
     6    1   0.0000  -0.1106   0.0255  0.02211  -1.8086E-04 -1.5254E-02  1.5255E-02  -90.679
     7    1   0.0000  -0.0885   0.0255  0.02211  -1.2592E-05 -1.6952E-02  1.6952E-02  -90.043
     8    1   0.0000  -0.0663   0.0255  0.02211   2.1709E-04 -1.8314E-02  1.8315E-02  -89.321
     9    1   0.0000  -0.0442   0.0255  0.02211   5.1400E-04 -1.9321E-02  1.9328E-02  -88.476
    10    1   0.0000  -0.0221   0.0255  0.02211   9.0783E-04 -1.9965E-02  1.9985E-02  -87.396
    11    1   0.0000   0.0000   0.0255  0.02211   1.3295E-03 -2.0224E-02  2.0268E-02  -86.239
    12    1   0.0000   0.0221   0.0255  0.02211   9.0783E-04 -1.9965E-02  1.9985E-02  -87.396
    13    1   0.0000   0.0442   0.0255  0.02211   5.1400E-04 -1.9321E-02  1.9328E-02  -88.476
    14    1   0.0000   0.0663   0.0255  0.02211   2.1709E-04 -1.8314E-02  1.8315E-02  -89.321
    15    1   0.0000   0.0885   0.0255  0.02211  -1.2592E-05 -1.6952E-02  1.6952E-02  -90.043
    16    1   0.0000   0.1106   0.0255  0.02211  -1.8086E-04 -1.5254E-02  1.5255E-02  -90.679
    17    1   0.0000   0.1327   0.0255  0.02211  -2.8975E-04 -1.3242E-02  1.3245E-02  -91.253
    18    1   0.0000   0.1548   0.0255  0.02211  -3.4000E-04 -1.0941E-02  1.0946E-02  -91.780
    19    1   0.0000   0.1769   0.0255  0.02211  -3.3176E-04 -8.3698E-03  8.3764E-03  -92.270
    20    1   0.0000   0.1990   0.0255  0.02211  -2.6399E-04 -5.5303E-03  5.5366E-03  -92.733
    21    1   0.0000   0.2211   0.0255  0.02211  -1.2445E-04 -2.2491E-03  2.2526E-03  -93.167
    22    2  -0.2211   0.0000   0.0000  0.02211   1.5915E-03  1.5144E-04  1.5987E-03    5.435
    23    2  -0.1990   0.0000   0.0000  0.02211   3.9089E-03  4.0184E-04  3.9295E-03    5.870
    24    2  -0.1769   0.0000   0.0000  0.02211   5.9087E-03  6.5572E-04  5.9450E-03    6.333
    25    2  -0.1548   0.0000   0.0000  0.02211   7.7140E-03  9.2291E-04  7.7690E-03    6.822
    26    2  -0.1327   0.0000   0.0000  0.02211   9.3234E-03  1.2025E-03  9.4007E-03    7.349
    27    2  -0.1106   0.0000   0.0000  0.02211   1.0723E-02  1.4924E-03  1.0827E-02    7.923
    28    2  -0.0885   0.0000   0.0000  0.02211   1.1897E-02  1.7907E-03  1.2031E-02    8.560
    29    2  -0.0663   0.0000   0.0000  0.02211   1.2828E-02  2.0965E-03  1.2999E-02    9.282
    30    2  -0.0442   0.0000   0.0000  0.02211   1.3504E-02  2.4118E-03  1.3718E-02   10.126
    31    2  -0.0221   0.0000   0.0000  0.02211   1.3914E-02  2.7565E-03  1.4184E-02   11.206
    32    2   0.0000   0.0000   0.0000  0.02211   1.4051E-02  3.0799E-03  1.4384E-02   12.364
    33    2   0.0221   0.0000   0.0000  0.02211   1.3914E-02  2.7565E-03  1.4184E-02   11.206
    34    2   0.0442   0.0000   0.0000  0.02211   1.3504E-02  2.4118E-03  1.3718E-02   10.126
    35    2   0.0663   0.0000   0.0000  0.02211   1.2828E-02  2.0965E-03  1.2999E-02    9.282
    36    2   0.0885   0.0000   0.0000  0.02211   1.1897E-02  1.7907E-03  1.2031E-02    8.560
    37    2   0.1106   0.0000   0.0000  0.02211   1.0723E-02  1.4924E-03  1.0827E-02    7.923
    38    2   0.1327   0.0000   0.0000  0.02211   9.3234E-03  1.2025E-03  9.4007E-03    7.349
    39    2   0.1548   0.0000   0.0000  0.02211   7.7140E-03  9.2291E-04  7.7690E-03    6.822
    40    2   0.1769   0.0000   0.0000  0.02211   5.9087E-03  6.5572E-04  5.9450E-03    6.333
    41    2   0.1990   0.0000   0.0000  0.02211   3.9089E-03  4.0184E-04  3.9295E-03    5.870
    42    2   0.2211   0.0000   0.0000  0.02211   1.5915E-03  1.5144E-04  1.5987E-03    5.435



                                        - - - POWER BUDGET - - -

                                           INPUT POWER   = 2.0973E-02 WATTS
                                           RADIATED POWER= 2.0973E-02 WATTS
                                           STRUCTURE LOSS= 0.0000E+00 WATTS
                                           NETWORK LOSS  =-2.0817E-17 WATTS
                                           EFFICIENCY    = 100.00 PERCENT



                                                - - - RADIATION PATTERNS - - -

  - - ANGLES - -           - POWER GAINS -       - - - POLARIZATION - - -    - - - E(THETA) - - -    - - - E(PHI) - - -
  THETA     PHI        VERT.   HOR.    TOTAL      AXIAL     TILT   SENSE     MAGNITUDE    PHASE      MAGNITUDE    PHASE 
 DEGREES  DEGREES       DB      DB      DB        RATIO     DEG.              VOLTS/M    DEGREES      VOLTS/M    DEGREES
    0.00     0.00      -2.63    0.35    2.12    0.70962    89.17  RIGHT     8.28167E-01   -81.08    1.16688E+00  -170.50




                                 - - - - - - FREQUENCY - - - - - -

                                    FREQUENCY= 1.5400E+03 MHZ
                                    WAVELENGTH= 1.9468E-01 METERS




                    APPROXIMATE INTEGRATION EMPLOYED FOR SEGMENTS MORE THAN   1.000 WAVELENGTHS APART

                    THE EXTENDED THIN WIRE KERNEL WILL BE USED



                               - - - STRUCTURE IMPEDANCE LOADING - - -

                                   THIS STRUCTURE IS NOT LOADED



                                  - - - ANTENNA ENVIRONMENT - - -

                                            FREE SPACE



                                - - - MATRIX TIMING - - -

                        FILL=    0.000 SEC.,  FACTOR=    0.000 SEC.



                                            - - - NETWORK DATA - - -

      - FROM -    - TO -           TRANSMISSION LINE               -  -  SHUNT ADMITTANCES (MHOS)  -  -              LINE
      TAG  SEG.   TAG  SEG.      IMPEDANCE      LENGTH            - END ONE -                 - END TWO -            TYPE
      NO.   NO.   NO.   NO.         OHMS        METERS         REAL          IMAG.         REAL          IMAG.
        1    11     2    32     5.0000E+01    4.7500E-02    0.0000E+00    0.0000E+00    0.0000E+00    0.0000E+00   STRAIGHT



                           - - - STRUCTURE EXCITATION DATA AT NETWORK CONNECTION POINTS - - -

   TAG   SEG.    VOLTAGE (VOLTS)         CURRENT (AMPS)         IMPEDANCE (OHMS)        ADMITTANCE (MHOS)      POWER
   NO.   NO.    REAL        IMAG.       REAL        IMAG.       REAL        IMAG.       REAL        IMAG.     (WATTS)
     1    11-1.16625E-01-1.40320E+00 1.05919E-03-2.01023E-02 6.93047E+01-9.45326E+00 1.41655E-02 1.93219E-03 1.40419E-02
     2    32 1.00000E+00 0.00000E+00 1.41655E-02 1.93219E-03 6.93047E+01-9.45326E+00 1.41655E-02 1.93219E-03 7.08274E-03



                                          - - - ANTENNA INPUT PARAMETERS - - -

   TAG   SEG.    VOLTAGE (VOLTS)         CURRENT (AMPS)         IMPEDANCE (OHMS)        ADMITTANCE (MHOS)      POWER
   NO.   NO.    REAL        IMAG.       REAL        IMAG.       REAL        IMAG.       REAL        IMAG.     (WATTS)
     2    32 1.00000E+00 0.00000E+00 4.22494E-02-1.15681E-03 2.36513E+01 6.47587E-01 4.22494E-02-1.15681E-03 2.11247E-02



                             - - - CURRENTS AND LOCATION - - -

                                 DISTANCES IN WAVELENGTHS


  SEG.  TAG    COORD. OF SEG. CENTER     SEG.            - - - CURRENT (AMPS) - - -
  NO.   NO.     X        Y        Z      LENGTH     REAL        IMAG.       MAG.        PHASE
     1    1   0.0000  -0.2226   0.0257  0.02226  -1.5900E-04 -2.2480E-03  2.2536E-03  -94.046
     2    1   0.0000  -0.2003   0.0257  0.02226  -3.4834E-04 -5.5274E-03  5.5384E-03  -93.606
     3    1   0.0000  -0.1781   0.0257  0.02226  -4.5837E-04 -8.3648E-03  8.3773E-03  -93.137
     4    1   0.0000  -0.1558   0.0257  0.02226  -5.0399E-04 -1.0933E-02  1.0944E-02  -92.639
     5    1   0.0000  -0.1336   0.0257  0.02226  -4.8618E-04 -1.3228E-02  1.3237E-02  -92.105
     6    1   0.0000  -0.1113   0.0257  0.02226  -4.0452E-04 -1.5231E-02  1.5237E-02  -91.521
     7    1   0.0000  -0.0890   0.0257  0.02226  -2.5791E-04 -1.6918E-02  1.6920E-02  -90.873
     8    1   0.0000  -0.0668   0.0257  0.02226  -4.3980E-05 -1.8265E-02  1.8265E-02  -90.138
     9    1   0.0000  -0.0445   0.0257  0.02226   2.4338E-04 -1.9254E-02  1.9255E-02  -89.276
    10    1   0.0000  -0.0223   0.0257  0.02226   6.3444E-04 -1.9871E-02  1.9881E-02  -88.171
    11    1   0.0000   0.0000   0.0257  0.02226   1.0592E-03 -2.0102E-02  2.0130E-02  -86.984
    12    1   0.0000   0.0223   0.0257  0.02226   6.3444E-04 -1.9871E-02  1.9881E-02  -88.171
    13    1   0.0000   0.0445   0.0257  0.02226   2.4338E-04 -1.9254E-02  1.9255E-02  -89.276
    14    1   0.0000   0.0668   0.0257  0.02226  -4.3980E-05 -1.8265E-02  1.8265E-02  -90.138
    15    1   0.0000   0.0890   0.0257  0.02226  -2.5791E-04 -1.6918E-02  1.6920E-02  -90.873
    16    1   0.0000   0.1113   0.0257  0.02226  -4.0452E-04 -1.5231E-02  1.5237E-02  -91.521
    17    1   0.0000   0.1336   0.0257  0.02226  -4.8618E-04 -1.3228E-02  1.3237E-02  -92.105
    18    1   0.0000   0.1558   0.0257  0.02226  -5.0399E-04 -1.0933E-02  1.0944E-02  -92.639
    19    1   0.0000   0.1781   0.0257  0.02226  -4.5837E-04 -8.3648E-03  8.3773E-03  -93.137
    20    1   0.0000   0.2003   0.0257  0.02226  -3.4834E-04 -5.5274E-03  5.5384E-03  -93.606
    21    1   0.0000   0.2226   0.0257  0.02226  -1.5900E-04 -2.2480E-03  2.2536E-03  -94.046
    22    2  -0.2226   0.0000   0.0000  0.02226   1.6004E-03  1.9701E-05  1.6005E-03    0.705
    23    2  -0.2003   0.0000   0.0000  0.02226   3.9326E-03  7.8610E-05  3.9334E-03    1.145
    24    2  -0.1781   0.0000   0.0000  0.02226   5.9473E-03  1.6764E-04  5.9497E-03    1.615
    25    2  -0.1558   0.0000   0.0000  0.02226   7.7674E-03  2.8641E-04  7.7727E-03    2.112
    26    2  -0.1336   0.0000   0.0000  0.02226   9.3911E-03  4.3405E-04  9.4011E-03    2.646
    27    2  -0.1113   0.0000   0.0000  0.02226   1.0804E-02  6.0969E-04  1.0821E-02    3.230
    28    2  -0.0890   0.0000   0.0000  0.02226   1.1989E-02  8.1268E-04  1.2017E-02    3.878
    29    2  -0.0668   0.0000   0.0000  0.02226   1.2930E-02  1.0433E-03  1.2972E-02    4.613
    30    2  -0.0445   0.0000   0.0000  0.02226   1.3613E-02  1.3049E-03  1.3675E-02    5.475
    31    2  -0.0223   0.0000   0.0000  0.02226   1.4027E-02  1.6180E-03  1.4120E-02    6.580
    32    2   0.0000   0.0000   0.0000  0.02226   1.4165E-02  1.9322E-03  1.4297E-02    7.767
    33    2   0.0223   0.0000   0.0000  0.02226   1.4027E-02  1.6180E-03  1.4120E-02    6.580
    34    2   0.0445   0.0000   0.0000  0.02226   1.3613E-02  1.3049E-03  1.3675E-02    5.475
    35    2   0.0668   0.0000   0.0000  0.02226   1.2930E-02  1.0433E-03  1.2972E-02    4.613
    36    2   0.0890   0.0000   0.0000  0.02226   1.1989E-02  8.1268E-04  1.2017E-02    3.878
    37    2   0.1113   0.0000   0.0000  0.02226   1.0804E-02  6.0969E-04  1.0821E-02    3.230
    38    2   0.1336   0.0000   0.0000  0.02226   9.3911E-03  4.3405E-04  9.4011E-03    2.646
    39    2   0.1558   0.0000   0.0000  0.02226   7.7674E-03  2.8641E-04  7.7727E-03    2.112
    40    2   0.1781   0.0000   0.0000  0.02226   5.9473E-03  1.6764E-04  5.9497E-03    1.615
    41    2   0.2003   0.0000   0.0000  0.02226   3.9326E-03  7.8610E-05  3.9334E-03    1.145
    42    2   0.2226   0.0000   0.0000  0.02226   1.6004E-03  1.9701E-05  1.6005E-03    0.705



                                        - - - POWER BUDGET - - -

                                           INPUT POWER   = 2.1125E-02 WATTS
                                           RADIATED POWER= 2.1125E-02 WATTS
                                           STRUCTURE LOSS= 0.0000E+00 WATTS
                                           NETWORK LOSS  = 8.3267E-17 WATTS
                                           EFFICIENCY    = 100.00 PERCENT



                                                - - - RADIATION PATTERNS - - -

  - - ANGLES - -           - POWER GAINS -       - - - POLARIZATION - - -    - - - E(THETA) - - -    - - - E(PHI) - - -
  THETA     PHI        VERT.   HOR.    TOTAL      AXIAL     TILT   SENSE     MAGNITUDE    PHASE      MAGNITUDE    PHASE 
 DEGREES  DEGREES       DB      DB      DB        RATIO     DEG.              VOLTS/M    DEGREES      VOLTS/M    DEGREES
    0.00     0.00      -2.62    0.35    2.12    0.70368    83.67  RIGHT     8.32038E-01   -85.76    1.17154E+00  -171.26




                                 - - - - - - FREQUENCY - - - - - -

                                    FREQUENCY= 1.5500E+03 MHZ
                                    WAVELENGTH= 1.9342E-01 METERS




                    APPROXIMATE INTEGRATION EMPLOYED FOR SEGMENTS MORE THAN   1.000 WAVELENGTHS APART

                    THE EXTENDED THIN WIRE KERNEL WILL BE USED



                               - - - STRUCTURE IMPEDANCE LOADING - - -

                                   THIS STRUCTURE IS NOT LOADED



                                  - - - ANTENNA ENVIRONMENT - - -

                                            FREE SPACE



                                - - - MATRIX TIMING - - -

                        FILL=    0.000 SEC.,  FACTOR=    0.000 SEC.



                                            - - - NETWORK DATA - - -

      - FROM -    - TO -           TRANSMISSION LINE               -  -  SHUNT ADMITTANCES (MHOS)  -  -              LINE
      TAG  SEG.   TAG  SEG.      IMPEDANCE      LENGTH            - END ONE -                 - END TWO -            TYPE
      NO.   NO.   NO.   NO.         OHMS        METERS         REAL          IMAG.         REAL          IMAG.
        1    11     2    32     5.0000E+01    4.7500E-02    0.0000E+00    0.0000E+00    0.0000E+00    0.0000E+00   STRAIGHT



                           - - - STRUCTURE EXCITATION DATA AT NETWORK CONNECTION POINTS - - -

   TAG   SEG.    VOLTAGE (VOLTS)         CURRENT (AMPS)         IMPEDANCE (OHMS)        ADMITTANCE (MHOS)      POWER
   NO.   NO.    REAL        IMAG.       REAL        IMAG.       REAL        IMAG.       REAL        IMAG.     (WATTS)
     1    11-2.48690E-02-1.41930E+00 7.88459E-04-2.00215E-02 7.07301E+01-4.02751E+00 1.40926E-02 8.02457E-04 1.41985E-02
     2    32 1.00000E+00 0.00000E+00 1.40926E-02 8.02457E-04 7.07301E+01-4.02751E+00 1.40926E-02 8.02457E-04 7.04628E-03



                                          - - - ANTENNA INPUT PARAMETERS - - -

   TAG   SEG.    VOLTAGE (VOLTS)         CURRENT (AMPS)         IMPEDANCE (OHMS)        ADMITTANCE (MHOS)      POWER
   NO.   NO.    REAL        IMAG.       REAL        IMAG.       REAL        IMAG.       REAL        IMAG.     (WATTS)
     2    32 1.00000E+00 0.00000E+00 4.24895E-02-2.50642E-04 2.35344E+01 1.38828E-01 4.24895E-02-2.50642E-04 2.12448E-02



                             - - - CURRENTS AND LOCATION - - -

                                 DISTANCES IN WAVELENGTHS


  SEG.  TAG    COORD. OF SEG. CENTER     SEG.            - - - CURRENT (AMPS) - - -
  NO.   NO.     X        Y        Z      LENGTH     REAL        IMAG.       MAG.        PHASE
     1    1   0.0000  -0.2240   0.0259  0.02240  -1.9468E-04 -2.2512E-03  2.2596E-03  -94.943
     2    1   0.0000  -0.2016   0.0259  0.02240  -4.3535E-04 -5.5354E-03  5.5525E-03  -94.497
     3    1   0.0000  -0.1792   0.0259  0.02240  -5.8881E-04 -8.3762E-03  8.3969E-03  -94.021
     4    1   0.0000  -0.1568   0.0259  0.02240  -6.7267E-04 -1.0946E-02  1.0966E-02  -93.517
     5    1   0.0000  -0.1344   0.0259  0.02240  -6.8787E-04 -1.3240E-02  1.3258E-02  -92.974
     6    1   0.0000  -0.1120   0.0259  0.02240  -6.3365E-04 -1.5240E-02  1.5253E-02  -92.381
     7    1   0.0000  -0.0896   0.0259  0.02240  -5.0855E-04 -1.6919E-02  1.6926E-02  -91.722
     8    1   0.0000  -0.0672   0.0259  0.02240  -3.0984E-04 -1.8254E-02  1.8256E-02  -90.972
     9    1   0.0000  -0.0448   0.0259  0.02240  -3.1043E-05 -1.9225E-02  1.9225E-02  -90.093
    10    1   0.0000  -0.0224   0.0259  0.02240   3.5880E-04 -1.9818E-02  1.9821E-02  -88.963
    11    1   0.0000   0.0000   0.0259  0.02240   7.8846E-04 -2.0022E-02  2.0037E-02  -87.745
    12    1   0.0000   0.0224   0.0259  0.02240   3.5880E-04 -1.9818E-02  1.9821E-02  -88.963
    13    1   0.0000   0.0448   0.0259  0.02240  -3.1043E-05 -1.9225E-02  1.9225E-02  -90.093
    14    1   0.0000   0.0672   0.0259  0.02240  -3.0984E-04 -1.8254E-02  1.8256E-02  -90.972
    15    1   0.0000   0.0896   0.0259  0.02240  -5.0855E-04 -1.6919E-02  1.6926E-02  -91.722
    16    1   0.0000   0.1120   0.0259  0.02240  -6.3365E-04 -1.5240E-02  1.5253E-02  -92.381
    17    1   0.0000   0.1344   0.0259  0.02240  -6.8787E-04 -1.3240E-02  1.3258E-02  -92.974
    18    1   0.0000   0.1568   0.0259  0.02240  -6.7267E-04 -1.0946E-02  1.0966E-02  -93.517
    19    1   0.0000   0.1792   0.0259  0.02240  -5.8881E-04 -8.3762E-03  8.3969E-03  -94.021
    20    1   0.0000   0.2016   0.0259  0.02240  -4.3535E-04 -5.5354E-03  5.5525E-03  -94.497
    21    1   0.0000   0.2240   0.0259  0.02240  -1.9468E-04 -2.2512E-03  2.2596E-03  -94.943
    22    2  -0.2240   0.0000   0.0000  0.02240   1.5880E-03 -1.0934E-04  1.5918E-03   -3.939
    23    2  -0.2016   0.0000   0.0000  0.02240   3.9043E-03 -2.3832E-04  3.9115E-03   -3.493
    24    2  -0.1792   0.0000   0.0000  0.02240   5.9071E-03 -3.1135E-04  5.9153E-03   -3.017
    25    2  -0.1568   0.0000   0.0000  0.02240   7.7179E-03 -3.3871E-04  7.7254E-03   -2.513
    26    2  -0.1344   0.0000   0.0000  0.02240   9.3344E-03 -3.2109E-04  9.3399E-03   -1.970
    27    2  -0.1120   0.0000   0.0000  0.02240   1.0742E-02 -2.5824E-04  1.0745E-02   -1.377
    28    2  -0.0896   0.0000   0.0000  0.02240   1.1923E-02 -1.4940E-04  1.1924E-02   -0.718
    29    2  -0.0672   0.0000   0.0000  0.02240   1.2861E-02  7.0436E-06  1.2861E-02    0.031
    30    2  -0.0448   0.0000   0.0000  0.02240   1.3541E-02  2.1540E-04  1.3543E-02    0.911
    31    2  -0.0224   0.0000   0.0000  0.02240   1.3954E-02  4.9731E-04  1.3963E-02    2.041
    32    2   0.0000   0.0000   0.0000  0.02240   1.4093E-02  8.0246E-04  1.4115E-02    3.259
    33    2   0.0224   0.0000   0.0000  0.02240   1.3954E-02  4.9731E-04  1.3963E-02    2.041
    34    2   0.0448   0.0000   0.0000  0.02240   1.3541E-02  2.1540E-04  1.3543E-02    0.911
    35    2   0.0672   0.0000   0.0000  0.02240   1.2861E-02  7.0435E-06  1.2861E-02    0.031
    36    2   0.0896   0.0000   0.0000  0.02240   1.1923E-02 -1.4940E-04  1.1924E-02   -0.718
    37    2   0.1120   0.0000   0.0000  0.02240   1.0742E-02 -2.5824E-04  1.0745E-02   -1.377
    38    2   0.1344   0.0000   0.0000  0.02240   9.3344E-03 -3.2109E-04  9.3399E-03   -1.970
    39    2   0.1568   0.0000   0.0000  0.02240   7.7179E-03 -3.3871E-04  7.7254E-03   -2.513
    40    2   0.1792   0.0000   0.0000  0.02240   5.9071E-03 -3.1135E-04  5.9153E-03   -3.017
    41    2   0.2016   0.0000   0.0000  0.02240   3.9043E-03 -2.3832E-04  3.9115E-03   -3.493
    42    2   0.2240   0.0000   0.0000  0.02240   1.5880E-03 -1.0934E-04  1.5918E-03   -3.939



                                        - - - POWER BUDGET - - -

                                           INPUT POWER   = 2.1245E-02 WATTS
                                           RADIATED POWER= 2.1245E-02 WATTS
                                           STRUCTURE LOSS= 0.0000E+00 WATTS
                                           NETWORK LOSS  =-5.5511E-17 WATTS
                                           EFFICIENCY    = 100.00 PERCENT



                                                - - - RADIATION PATTERNS - - -

  - - ANGLES - -           - POWER GAINS -       - - - POLARIZATION - - -    - - - E(THETA) - - -    - - - E(PHI) - - -
  THETA     PHI        VERT.   HOR.    TOTAL      AXIAL     TILT   SENSE     MAGNITUDE    PHASE      MAGNITUDE    PHASE 
 DEGREES  DEGREES       DB      DB      DB        RATIO     DEG.              VOLTS/M    DEGREES      VOLTS/M    DEGREES
    0.00     0.00      -2.67    0.38    2.13    0.68357    79.00  RIGHT     8.30397E-01   -90.35    1.17876E+00  -172.04




                                 - - - - - - FREQUENCY - - - - - -

                                    FREQUENCY= 1.5600E+03 MHZ
                                    WAVELENGTH= 1.9218E-01 METERS




                    APPROXIMATE INTEGRATION EMPLOYED FOR SEGMENTS MORE THAN   1.000 WAVELENGTHS APART

                    THE EXTENDED THIN WIRE KERNEL WILL BE USED



                               - - - STRUCTURE IMPEDANCE LOADING - - -

                                   THIS STRUCTURE IS NOT LOADED



                                  - - - ANTENNA ENVIRONMENT - - -

                                            FREE SPACE



                                - - - MATRIX TIMING - - -

                        FILL=    0.000 SEC.,  FACTOR=    0.000 SEC.



                                            - - - NETWORK DATA - - -

      - FROM -    - TO -           TRANSMISSION LINE               -  -  SHUNT ADMITTANCES (MHOS)  -  -              LINE
      TAG  SEG.   TAG  SEG.      IMPEDANCE      LENGTH            - END ONE -                 - END TWO -            TYPE
      NO.   NO.   NO.   NO.         OHMS        METERS         REAL          IMAG.         REAL          IMAG.
        1    11     2    32     5.0000E+01    4.7500E-02    0.0000E+00    0.0000E+00    0.0000E+00    0.0000E+00   STRAIGHT



                           - - - STRUCTURE EXCITATION DATA AT NETWORK CONNECTION POINTS - - -

   TAG   SEG.    VOLTAGE (VOLTS)         CURRENT (AMPS)         IMPEDANCE (OHMS)        ADMITTANCE (MHOS)      POWER
   NO.   NO.    REAL        IMAG.       REAL        IMAG.       REAL        IMAG.       REAL        IMAG.     (WATTS)
     1    11 6.49107E-02-1.44153E+00 5.13647E-04-1.99800E-02 7.21842E+01 1.39306E+00 1.38483E-02-2.67254E-04 1.44176E-02
     2    32 1.00000E+00 0.00000E+00 1.38483E-02-2.67254E-04 7.21842E+01 1.39306E+00 1.38483E-02-2.67254E-04 6.92414E-03



                                          - - - ANTENNA INPUT PARAMETERS - - -

   TAG   SEG.    VOLTAGE (VOLTS)         CURRENT (AMPS)         IMPEDANCE (OHMS)        ADMITTANCE (MHOS)      POWER
   NO.   NO.    REAL        IMAG.       REAL        IMAG.       REAL        IMAG.       REAL        IMAG.     (WATTS)
     2    32 1.00000E+00 0.00000E+00 4.26834E-02 6.74844E-04 2.34224E+01-3.70319E-01 4.26834E-02 6.74844E-04 2.13417E-02



                             - - - CURRENTS AND LOCATION - - -

                                 DISTANCES IN WAVELENGTHS


  SEG.  TAG    COORD. OF SEG. CENTER     SEG.            - - - CURRENT (AMPS) - - -
  NO.   NO.     X        Y        Z      LENGTH     REAL        IMAG.       MAG.        PHASE
     1    1   0.0000  -0.2255   0.0260  0.02255  -2.3192E-04 -2.2586E-03  2.2705E-03  -95.863
     2    1   0.0000  -0.2029   0.0260  0.02255  -5.2610E-04 -5.5539E-03  5.5787E-03  -95.411
     3    1   0.0000  -0.1804   0.0260  0.02255  -7.2471E-04 -8.4036E-03  8.4348E-03  -94.929
     4    1   0.0000  -0.1578   0.0260  0.02255  -8.4819E-04 -1.0980E-02  1.1012E-02  -94.417
     5    1   0.0000  -0.1353   0.0260  0.02255  -8.9738E-04 -1.3278E-02  1.3308E-02  -93.866
     6    1   0.0000  -0.1127   0.0260  0.02255  -8.7120E-04 -1.5277E-02  1.5302E-02  -93.264
     7    1   0.0000  -0.0902   0.0260  0.02255  -7.6776E-04 -1.6951E-02  1.6969E-02  -92.593
     8    1   0.0000  -0.0676   0.0260  0.02255  -5.8395E-04 -1.8277E-02  1.8286E-02  -91.830
     9    1   0.0000  -0.0451   0.0260  0.02255  -3.1289E-04 -1.9233E-02  1.9236E-02  -90.932
    10    1   0.0000  -0.0225   0.0260  0.02255   7.7229E-05 -1.9803E-02  1.9803E-02  -89.777
    11    1   0.0000   0.0000   0.0260  0.02255   5.1365E-04 -1.9980E-02  1.9987E-02  -88.527
    12    1   0.0000   0.0225   0.0260  0.02255   7.7228E-05 -1.9803E-02  1.9803E-02  -89.777
    13    1   0.0000   0.0451   0.0260  0.02255  -3.1289E-04 -1.9233E-02  1.9236E-02  -90.932
    14    1   0.0000   0.0676   0.0260  0.02255  -5.8395E-04 -1.8277E-02  1.8286E-02  -91.830
    15    1   0.0000   0.0902   0.0260  0.02255  -7.6776E-04 -1.6951E-02  1.6969E-02  -92.593
    16    1   0.0000   0.1127   0.0260  0.02255  -8.7120E-04 -1.5277E-02  1.5302E-02  -93.264
    17    1   0.0000   0.1353   0.0260  0.02255  -8.9738E-04 -1.3278E-02  1.3308E-02  -93.866
    18    1   0.0000   0.1578   0.0260  0.02255  -8.4819E-04 -1.0980E-02  1.1012E-02  -94.417
    19    1   0.0000   0.1804   0.0260  0.02255  -7.2471E-04 -8.4036E-03  8.4348E-03  -94.929
    20    1   0.0000   0.2029   0.0260  0.02255  -5.2610E-04 -5.5539E-03  5.5787E-03  -95.411
    21    1   0.0000   0.2255   0.0260  0.02255  -2.3192E-04 -2.2586E-03  2.2705E-03  -95.863
    22    2  -0.2255   0.0000   0.0000  0.02255   1.5564E-03 -2.3097E-04  1.5735E-03   -8.441
    23    2  -0.2029   0.0000   0.0000  0.02255   3.8286E-03 -5.3736E-04  3.8661E-03   -7.990
    24    2  -0.1804   0.0000   0.0000  0.02255   5.7953E-03 -7.6369E-04  5.8454E-03   -7.507
    25    2  -0.1578   0.0000   0.0000  0.02255   7.5748E-03 -9.2948E-04  7.6316E-03   -6.996
    26    2  -0.1353   0.0000   0.0000  0.02255   9.1644E-03 -1.0352E-03  9.2226E-03   -6.445
    27    2  -0.1127   0.0000   0.0000  0.02255   1.0549E-02 -1.0794E-03  1.0604E-02   -5.842
    28    2  -0.0902   0.0000   0.0000  0.02255   1.1712E-02 -1.0600E-03  1.1760E-02   -5.171
    29    2  -0.0676   0.0000   0.0000  0.02255   1.2635E-02 -9.7404E-04  1.2673E-02   -4.408
    30    2  -0.0451   0.0000   0.0000  0.02255   1.3305E-02 -8.1619E-04  1.3330E-02   -3.510
    31    2  -0.0225   0.0000   0.0000  0.02255   1.3712E-02 -5.6387E-04  1.3724E-02   -2.355
    32    2   0.0000   0.0000   0.0000  0.02255   1.3848E-02 -2.6725E-04  1.3851E-02   -1.106
    33    2   0.0225   0.0000   0.0000  0.02255   1.3712E-02 -5.6387E-04  1.3724E-02   -2.355
    34    2   0.0451   0.0000   0.0000  0.02255   1.3305E-02 -8.1619E-04  1.3330E-02   -3.510
    35    2   0.0676   0.0000   0.0000  0.02255   1.2635E-02 -9.7404E-04  1.2673E-02   -4.408
    36    2   0.0902   0.0000   0.0000  0.02255   1.1712E-02 -1.0600E-03  1.1760E-02   -5.171
    37    2   0.1127   0.0000   0.0000  0.02255   1.0549E-02 -1.0794E-03  1.0604E-02   -5.842
    38    2   0.1353   0.0000   0.0000  0.02255   9.1644E-03 -1.0352E-03  9.2226E-03   -6.445
    39    2   0.1578   0.0000   0.0000  0.02255   7.5748E-03 -9.2948E-04  7.6316E-03   -6.996
    40    2   0.1804   0.0000   0.0000  0.02255   5.7953E-03 -7.6369E-04  5.8454E-03   -7.507
    41    2   0.2029   0.0000   0.0000  0.02255   3.8286E-03 -5.3736E-04  3.8661E-03   -7.990
    42    2   0.2255   0.0000   0.0000  0.02255   1.5564E-03 -2.3097E-04  1.5735E-03   -8.441



                                        - - - POWER BUDGET - - -

                                           INPUT POWER   = 2.1342E-02 WATTS
                                           RADIATED POWER= 2.1342E-02 WATTS
                                           STRUCTURE LOSS= 0.0000E+00 WATTS
                                           NETWORK LOSS  =-2.4286E-17 WATTS
                                           EFFICIENCY    = 100.00 PERCENT



                                                - - - RADIATION PATTERNS - - -

  - - ANGLES - -           - POWER GAINS -       - - - POLARIZATION - - -    - - - E(THETA) - - -    - - - E(PHI) - - -
  THETA     PHI        VERT.   HOR.    TOTAL      AXIAL     TILT   SENSE     MAGNITUDE    PHASE      MAGNITUDE    PHASE 
 DEGREES  DEGREES       DB      DB      DB        RATIO     DEG.              VOLTS/M    DEGREES      VOLTS/M    DEGREES
    0.00     0.00      -2.76    0.43    2.13    0.65384    75.55  RIGHT     8.23673E-01   -94.79    1.18855E+00  -172.85




                                 - - - - - - FREQUENCY - - - - - -

                                    FREQUENCY= 1.5700E+03 MHZ
                                    WAVELENGTH= 1.9096E-01 METERS




                    APPROXIMATE INTEGRATION EMPLOYED FOR SEGMENTS MORE THAN   1.000 WAVELENGTHS APART

                    THE EXTENDED THIN WIRE KERNEL WILL BE USED



                               - - - STRUCTURE IMPEDANCE LOADING - - -

                                   THIS STRUCTURE IS NOT LOADED



                                  - - - ANTENNA ENVIRONMENT - - -

                                            FREE SPACE



                                - - - MATRIX TIMING - - -

                        FILL=    0.000 SEC.,  FACTOR=    0.000 SEC.



                                            - - - NETWORK DATA - - -

      - FROM -    - TO -           TRANSMISSION LINE               -  -  SHUNT ADMITTANCES (MHOS)  -  -              LINE
      TAG  SEG.   TAG  SEG.      IMPEDANCE      LENGTH            - END ONE -                 - END TWO -            TYPE
      NO.   NO.   NO.   NO.         OHMS        METERS         REAL          IMAG.         REAL          IMAG.
        1    11     2    32     5.0000E+01    4.7500E-02    0.0000E+00    0.0000E+00    0.0000E+00    0.0000E+00   STRAIGHT



                           - - - STRUCTURE EXCITATION DATA AT NETWORK CONNECTION POINTS - - -

   TAG   SEG.    VOLTAGE (VOLTS)         CURRENT (AMPS)         IMPEDANCE (OHMS)        ADMITTANCE (MHOS)      POWER
   NO.   NO.    REAL        IMAG.       REAL        IMAG.       REAL        IMAG.       REAL        IMAG.     (WATTS)
     1    11 1.53049E-01-1.47005E+00 2.31072E-04-1.99766E-02 7.36676E+01 6.80933E+00 1.34595E-02-1.24410E-03 1.47010E-02
     2    32 1.00000E+00 0.00000E+00 1.34595E-02-1.24410E-03 7.36676E+01 6.80933E+00 1.34595E-02-1.24410E-03 6.72974E-03



                                          - - - ANTENNA INPUT PARAMETERS - - -

   TAG   SEG.    VOLTAGE (VOLTS)         CURRENT (AMPS)         IMPEDANCE (OHMS)        ADMITTANCE (MHOS)      POWER
   NO.   NO.    REAL        IMAG.       REAL        IMAG.       REAL        IMAG.       REAL        IMAG.     (WATTS)
     2    32 1.00000E+00 0.00000E+00 4.28614E-02 1.65980E-03 2.32961E+01-9.02133E-01 4.28614E-02 1.65980E-03 2.14307E-02



                             - - - CURRENTS AND LOCATION - - -

                                 DISTANCES IN WAVELENGTHS


  SEG.  TAG    COORD. OF SEG. CENTER     SEG.            - - - CURRENT (AMPS) - - -
  NO.   NO.     X        Y        Z      LENGTH     REAL        IMAG.       MAG.        PHASE
     1    1   0.0000  -0.2269   0.0262  0.02269  -2.7120E-04 -2.2702E-03  2.2864E-03  -96.812
     2    1   0.0000  -0.2042   0.0262  0.02269  -6.2174E-04 -5.5826E-03  5.6171E-03  -96.355
     3    1   0.0000  -0.1815   0.0262  0.02269  -8.6780E-04 -8.4465E-03  8.4910E-03  -95.866
     4    1   0.0000  -0.1589   0.0262  0.02269  -1.0328E-03 -1.1034E-02  1.1082E-02  -95.347
     5    1   0.0000  -0.1362   0.0262  0.02269  -1.1174E-03 -1.3340E-02  1.3387E-02  -94.788
     6    1   0.0000  -0.1135   0.0262  0.02269  -1.1202E-03 -1.5343E-02  1.5384E-02  -94.176
     7    1   0.0000  -0.0908   0.0262  0.02269  -1.0389E-03 -1.7016E-02  1.7048E-02  -93.494
     8    1   0.0000  -0.0681   0.0262  0.02269  -8.6989E-04 -1.8335E-02  1.8356E-02  -92.716
     9    1   0.0000  -0.0454   0.0262  0.02269  -6.0586E-04 -1.9278E-02  1.9287E-02  -91.800
    10    1   0.0000  -0.0227   0.0262  0.02269  -2.1400E-04 -1.9826E-02  1.9827E-02  -90.618
    11    1   0.0000   0.0000   0.0262  0.02269   2.3107E-04 -1.9977E-02  1.9978E-02  -89.337
    12    1   0.0000   0.0227   0.0262  0.02269  -2.1400E-04 -1.9826E-02  1.9827E-02  -90.618
    13    1   0.0000   0.0454   0.0262  0.02269  -6.0586E-04 -1.9278E-02  1.9287E-02  -91.800
    14    1   0.0000   0.0681   0.0262  0.02269  -8.6989E-04 -1.8335E-02  1.8356E-02  -92.716
    15    1   0.0000   0.0908   0.0262  0.02269  -1.0389E-03 -1.7016E-02  1.7048E-02  -93.494
    16    1   0.0000   0.1135   0.0262  0.02269  -1.1202E-03 -1.5343E-02  1.5384E-02  -94.176
    17    1   0.0000   0.1362   0.0262  0.02269  -1.1174E-03 -1.3340E-02  1.3387E-02  -94.788
    18    1   0.0000   0.1589   0.0262  0.02269  -1.0328E-03 -1.1034E-02  1.1082E-02  -95.347
    19    1   0.0000   0.1815   0.0262  0.02269  -8.6780E-04 -8.4465E-03  8.4910E-03  -95.866
    20    1   0.0000   0.2042   0.0262  0.02269  -6.2174E-04 -5.5826E-03  5.6171E-03  -96.355
    21    1   0.0000   0.2269   0.0262  0.02269  -2.7120E-04 -2.2702E-03  2.2864E-03  -96.812
    22    2  -0.2269   0.0000   0.0000  0.02269   1.5088E-03 -3.4156E-04  1.5469E-03  -12.756
    23    2  -0.2042   0.0000   0.0000  0.02269   3.7133E-03 -8.0953E-04  3.8005E-03  -12.299
    24    2  -0.1815   0.0000   0.0000  0.02269   5.6233E-03 -1.1758E-03  5.7449E-03  -11.810
    25    2  -0.1589   0.0000   0.0000  0.02269   7.3530E-03 -1.4681E-03  7.4981E-03  -11.291
    26    2  -0.1362   0.0000   0.0000  0.02269   8.8990E-03 -1.6866E-03  9.0574E-03  -10.732
    27    2  -0.1135   0.0000   0.0000  0.02269   1.0247E-02 -1.8288E-03  1.0409E-02  -10.120
    28    2  -0.0908   0.0000   0.0000  0.02269   1.1378E-02 -1.8913E-03  1.1534E-02   -9.438
    29    2  -0.0681   0.0000   0.0000  0.02269   1.2278E-02 -1.8700E-03  1.2419E-02   -8.660
    30    2  -0.0454   0.0000   0.0000  0.02269   1.2931E-02 -1.7584E-03  1.3050E-02   -7.744
    31    2  -0.0227   0.0000   0.0000  0.02269   1.3327E-02 -1.5330E-03  1.3415E-02   -6.562
    32    2   0.0000   0.0000   0.0000  0.02269   1.3459E-02 -1.2441E-03  1.3517E-02   -5.281
    33    2   0.0227   0.0000   0.0000  0.02269   1.3327E-02 -1.5330E-03  1.3415E-02   -6.562
    34    2   0.0454   0.0000   0.0000  0.02269   1.2931E-02 -1.7584E-03  1.3050E-02   -7.744
    35    2   0.0681   0.0000   0.0000  0.02269   1.2278E-02 -1.8700E-03  1.2419E-02   -8.660
    36    2   0.0908   0.0000   0.0000  0.02269   1.1378E-02 -1.8913E-03  1.1534E-02   -9.438
    37    2   0.1135   0.0000   0.0000  0.02269   1.0247E-02 -1.8288E-03  1.0409E-02  -10.120
    38    2   0.1362   0.0000   0.0000  0.02269   8.8990E-03 -1.6866E-03  9.0574E-03  -10.732
    39    2   0.1589   0.0000   0.0000  0.02269   7.3530E-03 -1.4681E-03  7.4981E-03  -11.291
    40    2   0.1815   0.0000   0.0000  0.02269   5.6233E-03 -1.1758E-03  5.7449E-03  -11.810
    41    2   0.2042   0.0000   0.0000  0.02269   3.7133E-03 -8.0953E-04  3.8005E-03  -12.299
    42    2   0.2269   0.0000   0.0000  0.02269   1.5088E-03 -3.4156E-04  1.5469E-03  -12.756



                                        - - - POWER BUDGET - - -

                                           INPUT POWER   = 2.1431E-02 WATTS
                                           RADIATED POWER= 2.1431E-02 WATTS
                                           STRUCTURE LOSS= 0.0000E+00 WATTS
                                           NETWORK LOSS  = 4.5103E-17 WATTS
                                           EFFICIENCY    = 100.00 PERCENT



                                                - - - RADIATION PATTERNS - - -

  - - ANGLES - -           - POWER GAINS -       - - - POLARIZATION - - -    - - - E(THETA) - - -    - - - E(PHI) - - -
  THETA     PHI        VERT.   HOR.    TOTAL      AXIAL     TILT   SENSE     MAGNITUDE    PHASE      MAGNITUDE    PHASE 
 DEGREES  DEGREES       DB      DB      DB        RATIO     DEG.              VOLTS/M    DEGREES      VOLTS/M    DEGREES
    0.00     0.00      -2.89    0.50    2.14    0.61900    73.26  RIGHT     8.12529E-01   -99.05    1.20092E+00  -173.68




                                 - - - - - - FREQUENCY - - - - - -

                                    FREQUENCY= 1.5800E+03 MHZ
                                    WAVELENGTH= 1.8975E-01 METERS




                    APPROXIMATE INTEGRATION EMPLOYED FOR SEGMENTS MORE THAN   1.000 WAVELENGTHS APART

                    THE EXTENDED THIN WIRE KERNEL WILL BE USED



                               - - - STRUCTURE IMPEDANCE LOADING - - -

                                   THIS STRUCTURE IS NOT LOADED



                                  - - - ANTENNA ENVIRONMENT - - -

                                            FREE SPACE



                                - - - MATRIX TIMING - - -

                        FILL=    0.000 SEC.,  FACTOR=    0.000 SEC.



                                            - - - NETWORK DATA - - -

      - FROM -    - TO -           TRANSMISSION LINE               -  -  SHUNT ADMITTANCES (MHOS)  -  -              LINE
      TAG  SEG.   TAG  SEG.      IMPEDANCE      LENGTH            - END ONE -                 - END TWO -            TYPE
      NO.   NO.   NO.   NO.         OHMS        METERS         REAL          IMAG.         REAL          IMAG.
        1    11     2    32     5.0000E+01    4.7500E-02    0.0000E+00    0.0000E+00    0.0000E+00    0.0000E+00   STRAIGHT



                           - - - STRUCTURE EXCITATION DATA AT NETWORK CONNECTION POINTS - - -

   TAG   SEG.    VOLTAGE (VOLTS)         CURRENT (AMPS)         IMPEDANCE (OHMS)        ADMITTANCE (MHOS)      POWER
   NO.   NO.    REAL        IMAG.       REAL        IMAG.       REAL        IMAG.       REAL        IMAG.     (WATTS)
     1    11 2.39823E-01-1.50515E+00-6.30918E-05-2.00101E-02 7.51811E+01 1.22221E+01 1.29587E-02-2.10669E-03 1.50516E-02
     2    32 1.00000E+00 0.00000E+00 1.29587E-02-2.10669E-03 7.51811E+01 1.22221E+01 1.29587E-02-2.10669E-03 6.47936E-03



                                          - - - ANTENNA INPUT PARAMETERS - - -

   TAG   SEG.    VOLTAGE (VOLTS)         CURRENT (AMPS)         IMPEDANCE (OHMS)        ADMITTANCE (MHOS)      POWER
   NO.   NO.    REAL        IMAG.       REAL        IMAG.       REAL        IMAG.       REAL        IMAG.     (WATTS)
     2    32 1.00000E+00 0.00000E+00 4.30618E-02 2.73170E-03 2.31293E+01-1.46725E+00 4.30618E-02 2.73170E-03 2.15309E-02



                             - - - CURRENTS AND LOCATION - - -

                                 DISTANCES IN WAVELENGTHS


  SEG.  TAG    COORD. OF SEG. CENTER     SEG.            - - - CURRENT (AMPS) - - -
  NO.   NO.     X        Y        Z      LENGTH     REAL        IMAG.       MAG.        PHASE
     1    1   0.0000  -0.2284   0.0264  0.02284  -3.1301E-04 -2.2859E-03  2.3072E-03  -97.797
     2    1   0.0000  -0.2055   0.0264  0.02284  -7.2349E-04 -5.6213E-03  5.6677E-03  -97.334
     3    1   0.0000  -0.1827   0.0264  0.02284  -1.0199E-03 -8.5047E-03  8.5656E-03  -96.838
     4    1   0.0000  -0.1599   0.0264  0.02284  -1.2288E-03 -1.1108E-02  1.1176E-02  -96.312
     5    1   0.0000  -0.1370   0.0264  0.02284  -1.3508E-03 -1.3427E-02  1.3494E-02  -95.745
     6    1   0.0000  -0.1142   0.0264  0.02284  -1.3840E-03 -1.5437E-02  1.5499E-02  -95.123
     7    1   0.0000  -0.0913   0.0264  0.02284  -1.3255E-03 -1.7112E-02  1.7163E-02  -94.429
     8    1   0.0000  -0.0685   0.0264  0.02284  -1.1714E-03 -1.8426E-02  1.8464E-02  -93.638
     9    1   0.0000  -0.0457   0.0264  0.02284  -9.1386E-04 -1.9358E-02  1.9379E-02  -92.703
    10    1   0.0000  -0.0228   0.0264  0.02284  -5.1880E-04 -1.9885E-02  1.9892E-02  -91.495
    11    1   0.0000   0.0000   0.0264  0.02284  -6.3092E-05 -2.0010E-02  2.0010E-02  -90.181
    12    1   0.0000   0.0228   0.0264  0.02284  -5.1880E-04 -1.9885E-02  1.9892E-02  -91.495
    13    1   0.0000   0.0457   0.0264  0.02284  -9.1386E-04 -1.9358E-02  1.9379E-02  -92.703
    14    1   0.0000   0.0685   0.0264  0.02284  -1.1714E-03 -1.8426E-02  1.8464E-02  -93.638
    15    1   0.0000   0.0913   0.0264  0.02284  -1.3255E-03 -1.7112E-02  1.7163E-02  -94.429
    16    1   0.0000   0.1142   0.0264  0.02284  -1.3840E-03 -1.5437E-02  1.5499E-02  -95.123
    17    1   0.0000   0.1370   0.0264  0.02284  -1.3508E-03 -1.3427E-02  1.3494E-02  -95.745
    18    1   0.0000   0.1599   0.0264  0.02284  -1.2288E-03 -1.1108E-02  1.1176E-02  -96.312
    19    1   0.0000   0.1827   0.0264  0.02284  -1.0199E-03 -8.5047E-03  8.5656E-03  -96.838
    20    1   0.0000   0.2055   0.0264  0.02284  -7.2349E-04 -5.6213E-03  5.6677E-03  -97.334
    21    1   0.0000   0.2284   0.0264  0.02284  -3.1301E-04 -2.2859E-03  2.3072E-03  -97.797
    22    2  -0.2284   0.0000   0.0000  0.02284   1.4488E-03 -4.3880E-04  1.5138E-03  -16.850
    23    2  -0.2055   0.0000   0.0000  0.02284   3.5676E-03 -1.0491E-03  3.7186E-03  -16.387
    24    2  -0.1827   0.0000   0.0000  0.02284   5.4052E-03 -1.5388E-03  5.6200E-03  -15.892
    25    2  -0.1599   0.0000   0.0000  0.02284   7.0706E-03 -1.9430E-03  7.3327E-03  -15.366
    26    2  -0.1370   0.0000   0.0000  0.02284   8.5601E-03 -2.2614E-03  8.8538E-03  -14.798
    27    2  -0.1142   0.0000   0.0000  0.02284   9.8592E-03 -2.4904E-03  1.0169E-02  -14.176
    28    2  -0.0913   0.0000   0.0000  0.02284   1.0951E-02 -2.6255E-03  1.1261E-02  -13.483
    29    2  -0.0685   0.0000   0.0000  0.02284   1.1818E-02 -2.6613E-03  1.2114E-02  -12.691
    30    2  -0.0457   0.0000   0.0000  0.02284   1.2448E-02 -2.5906E-03  1.2715E-02  -11.756
    31    2  -0.0228   0.0000   0.0000  0.02284   1.2831E-02 -2.3890E-03  1.3051E-02  -10.548
    32    2   0.0000   0.0000   0.0000  0.02284   1.2959E-02 -2.1067E-03  1.3129E-02   -9.234
    33    2   0.0228   0.0000   0.0000  0.02284   1.2831E-02 -2.3890E-03  1.3051E-02  -10.548
    34    2   0.0457   0.0000   0.0000  0.02284   1.2448E-02 -2.5906E-03  1.2715E-02  -11.756
    35    2   0.0685   0.0000   0.0000  0.02284   1.1818E-02 -2.6613E-03  1.2114E-02  -12.691
    36    2   0.0913   0.0000   0.0000  0.02284   1.0951E-02 -2.6255E-03  1.1261E-02  -13.483
    37    2   0.1142   0.0000   0.0000  0.02284   9.8592E-03 -2.4904E-03  1.0169E-02  -14.176
    38    2   0.1370   0.0000   0.0000  0.02284   8.5601E-03 -2.2614E-03  8.8538E-03  -14.798
    39    2   0.1599   0.0000   0.0000  0.02284   7.0706E-03 -1.9430E-03  7.3327E-03  -15.366
    40    2   0.1827   0.0000   0.0000  0.02284   5.4052E-03 -1.5388E-03  5.6200E-03  -15.892
    41    2   0.2055   0.0000   0.0000  0.02284   3.5676E-03 -1.0491E-03  3.7186E-03  -16.387
    42    2   0.2284   0.0000   0.0000  0.02284   1.4488E-03 -4.3880E-04  1.5138E-03  -16.850



                                        - - - POWER BUDGET - - -

                                           INPUT POWER   = 2.1531E-02 WATTS
                                           RADIATED POWER= 2.1531E-02 WATTS
                                           STRUCTURE LOSS= 0.0000E+00 WATTS
                                           NETWORK LOSS  = 4.8572E-17 WATTS
                                           EFFICIENCY    = 100.00 PERCENT



                                                - - - RADIATION PATTERNS - - -

  - - ANGLES - -           - POWER GAINS -       - - - POLARIZATION - - -    - - - E(THETA) - - -    - - - E(PHI) - - -
  THETA     PHI        VERT.   HOR.    TOTAL      AXIAL     TILT   SENSE     MAGNITUDE    PHASE      MAGNITUDE    PHASE 
 DEGREES  DEGREES       DB      DB      DB        RATIO     DEG.              VOLTS/M    DEGREES      VOLTS/M    DEGREES
    0.00     0.00      -3.07    0.59    2.14    0.58232    71.89  RIGHT     7.97768E-01  -103.09    1.21591E+00  -174.55




                                 - - - - - - FREQUENCY - - - - - -

                                    FREQUENCY= 1.5900E+03 MHZ
                                    WAVELENGTH= 1.8855E-01 METERS




                    APPROXIMATE INTEGRATION EMPLOYED FOR SEGMENTS MORE THAN   1.000 WAVELENGTHS APART

                    THE EXTENDED THIN WIRE KERNEL WILL BE USED



                               - - - STRUCTURE IMPEDANCE LOADING - - -

                                   THIS STRUCTURE IS NOT LOADED



                                  - - - ANTENNA ENVIRONMENT - - -

                                            FREE SPACE



                                - - - MATRIX TIMING - - -

                        FILL=    0.000 SEC.,  FACTOR=    0.000 SEC.



                                            - - - NETWORK DATA - - -

      - FROM -    - TO -           TRANSMISSION LINE               -  -  SHUNT ADMITTANCES (MHOS)  -  -              LINE
      TAG  SEG.   TAG  SEG.      IMPEDANCE      LENGTH            - END ONE -                 - END TWO -            TYPE
      NO.   NO.   NO.   NO.         OHMS        METERS         REAL          IMAG.         REAL          IMAG.
        1    11     2    32     5.0000E+01    4.7500E-02    0.0000E+00    0.0000E+00    0.0000E+00    0.0000E+00   STRAIGHT



                           - - - STRUCTURE EXCITATION DATA AT NETWORK CONNECTION POINTS - - -

   TAG   SEG.    VOLTAGE (VOLTS)         CURRENT (AMPS)         IMPEDANCE (OHMS)        ADMITTANCE (MHOS)      POWER
   NO.   NO.    REAL        IMAG.       REAL        IMAG.       REAL        IMAG.       REAL        IMAG.     (WATTS)
     1    11 3.25443E-01-1.54721E+00-3.72923E-04-2.00799E-02 7.67254E+01 1.76324E+01 1.23797E-02-2.84499E-03 1.54733E-02
     2    32 1.00000E+00 0.00000E+00 1.23797E-02-2.84499E-03 7.67254E+01 1.76324E+01 1.23797E-02-2.84499E-03 6.18984E-03



                                          - - - ANTENNA INPUT PARAMETERS - - -

   TAG   SEG.    VOLTAGE (VOLTS)         CURRENT (AMPS)         IMPEDANCE (OHMS)        ADMITTANCE (MHOS)      POWER
   NO.   NO.    REAL        IMAG.       REAL        IMAG.       REAL        IMAG.       REAL        IMAG.     (WATTS)
     2    32 1.00000E+00 0.00000E+00 4.33262E-02 3.90538E-03 2.28947E+01-2.06370E+00 4.33262E-02 3.90538E-03 2.16631E-02



                             - - - CURRENTS AND LOCATION - - -

                                 DISTANCES IN WAVELENGTHS


  SEG.  TAG    COORD. OF SEG. CENTER     SEG.            - - - CURRENT (AMPS) - - -
  NO.   NO.     X        Y        Z      LENGTH     REAL        IMAG.       MAG.        PHASE
     1    1   0.0000  -0.2298   0.0265  0.02298  -3.5789E-04 -2.3055E-03  2.3331E-03  -98.824
     2    1   0.0000  -0.2068   0.0265  0.02298  -8.3268E-04 -5.6699E-03  5.7307E-03  -98.355
     3    1   0.0000  -0.1839   0.0265  0.02298  -1.1831E-03 -8.5778E-03  8.6590E-03  -97.853
     4    1   0.0000  -0.1609   0.0265  0.02298  -1.4389E-03 -1.1202E-02  1.1294E-02  -97.320
     5    1   0.0000  -0.1379   0.0265  0.02298  -1.6007E-03 -1.3537E-02  1.3631E-02  -96.744
     6    1   0.0000  -0.1149   0.0265  0.02298  -1.6660E-03 -1.5558E-02  1.5647E-02  -96.112
     7    1   0.0000  -0.0919   0.0265  0.02298  -1.6315E-03 -1.7238E-02  1.7315E-02  -95.407
     8    1   0.0000  -0.0689   0.0265  0.02298  -1.4927E-03 -1.8551E-02  1.8611E-02  -94.600
     9    1   0.0000  -0.0460   0.0265  0.02298  -1.2411E-03 -1.9473E-02  1.9512E-02  -93.647
    10    1   0.0000  -0.0230   0.0265  0.02298  -8.4135E-04 -1.9980E-02  1.9998E-02  -92.411
    11    1   0.0000   0.0000   0.0265  0.02298  -3.7292E-04 -2.0080E-02  2.0083E-02  -91.064
    12    1   0.0000   0.0230   0.0265  0.02298  -8.4135E-04 -1.9980E-02  1.9998E-02  -92.411
    13    1   0.0000   0.0460   0.0265  0.02298  -1.2411E-03 -1.9473E-02  1.9512E-02  -93.647
    14    1   0.0000   0.0689   0.0265  0.02298  -1.4927E-03 -1.8551E-02  1.8611E-02  -94.600
    15    1   0.0000   0.0919   0.0265  0.02298  -1.6315E-03 -1.7238E-02  1.7315E-02  -95.407
    16    1   0.0000   0.1149   0.0265  0.02298  -1.6660E-03 -1.5558E-02  1.5647E-02  -96.112
    17    1   0.0000   0.1379   0.0265  0.02298  -1.6007E-03 -1.3537E-02  1.3631E-02  -96.744
    18    1   0.0000   0.1609   0.0265  0.02298  -1.4389E-03 -1.1202E-02  1.1294E-02  -97.320
    19    1   0.0000   0.1839   0.0265  0.02298  -1.1831E-03 -8.5778E-03  8.6590E-03  -97.853
    20    1   0.0000   0.2068   0.0265  0.02298  -8.3268E-04 -5.6699E-03  5.7307E-03  -98.355
    21    1   0.0000   0.2298   0.0265  0.02298  -3.5789E-04 -2.3055E-03  2.3331E-03  -98.824
    22    2  -0.2298   0.0000   0.0000  0.02298   1.3804E-03 -5.2167E-04  1.4757E-03  -20.702
    23    2  -0.2068   0.0000   0.0000  0.02298   3.4009E-03 -1.2535E-03  3.6246E-03  -20.233
    24    2  -0.1839   0.0000   0.0000  0.02298   5.1551E-03 -1.8490E-03  5.4766E-03  -19.731
    25    2  -0.1609   0.0000   0.0000  0.02298   6.7461E-03 -2.3490E-03  7.1434E-03  -19.198
    26    2  -0.1379   0.0000   0.0000  0.02298   8.1701E-03 -2.7531E-03  8.6215E-03  -18.622
    27    2  -0.1149   0.0000   0.0000  0.02298   9.4127E-03 -3.0567E-03  9.8966E-03  -17.991
    28    2  -0.0919   0.0000   0.0000  0.02298   1.0457E-02 -3.2541E-03  1.0952E-02  -17.285
    29    2  -0.0689   0.0000   0.0000  0.02298   1.1288E-02 -3.3390E-03  1.1771E-02  -16.479
    30    2  -0.0460   0.0000   0.0000  0.02298   1.1891E-02 -3.3033E-03  1.2341E-02  -15.525
    31    2  -0.0230   0.0000   0.0000  0.02298   1.2257E-02 -3.1219E-03  1.2648E-02  -14.290
    32    2   0.0000   0.0000   0.0000  0.02298   1.2380E-02 -2.8450E-03  1.2702E-02  -12.943
    33    2   0.0230   0.0000   0.0000  0.02298   1.2257E-02 -3.1219E-03  1.2648E-02  -14.290
    34    2   0.0460   0.0000   0.0000  0.02298   1.1891E-02 -3.3033E-03  1.2341E-02  -15.525
    35    2   0.0689   0.0000   0.0000  0.02298   1.1288E-02 -3.3390E-03  1.1771E-02  -16.479
    36    2   0.0919   0.0000   0.0000  0.02298   1.0457E-02 -3.2541E-03  1.0952E-02  -17.285
    37    2   0.1149   0.0000   0.0000  0.02298   9.4127E-03 -3.0567E-03  9.8966E-03  -17.991
    38    2   0.1379   0.0000   0.0000  0.02298   8.1701E-03 -2.7531E-03  8.6215E-03  -18.622
    39    2   0.1609   0.0000   0.0000  0.02298   6.7461E-03 -2.3490E-03  7.1434E-03  -19.198
    40    2   0.1839   0.0000   0.0000  0.02298   5.1551E-03 -1.8490E-03  5.4766E-03  -19.731
    41    2   0.2068   0.0000   0.0000  0.02298   3.4009E-03 -1.2535E-03  3.6246E-03  -20.233
    42    2   0.2298   0.0000   0.0000  0.02298   1.3804E-03 -5.2167E-04  1.4757E-03  -20.702



                                        - - - POWER BUDGET - - -

                                           INPUT POWER   = 2.1663E-02 WATTS
                                           RADIATED POWER= 2.1663E-02 WATTS
                                           STRUCTURE LOSS= 0.0000E+00 WATTS
                                           NETWORK LOSS  = 2.4286E-17 WATTS
                                           EFFICIENCY    = 100.00 PERCENT



                                                - - - RADIATION PATTERNS - - -

  - - ANGLES - -           - POWER GAINS -       - - - POLARIZATION - - -    - - - E(THETA) - - -    - - - E(PHI) - - -
  THETA     PHI        VERT.   HOR.    TOTAL      AXIAL     TILT   SENSE     MAGNITUDE    PHASE      MAGNITUDE    PHASE 
 DEGREES  DEGREES       DB      DB      DB        RATIO     DEG.              VOLTS/M    DEGREES      VOLTS/M    DEGREES
    0.00     0.00      -3.29    0.69    2.15    0.54584    71.20  RIGHT     7.80230E-01  -106.89    1.23360E+00  -175.46




                                 - - - - - - FREQUENCY - - - - - -

                                    FREQUENCY= 1.6000E+03 MHZ
                                    WAVELENGTH= 1.8737E-01 METERS




                    APPROXIMATE INTEGRATION EMPLOYED FOR SEGMENTS MORE THAN   1.000 WAVELENGTHS APART

                    THE EXTENDED THIN WIRE KERNEL WILL BE USED



                               - - - STRUCTURE IMPEDANCE LOADING - - -

                                   THIS STRUCTURE IS NOT LOADED



                                  - - - ANTENNA ENVIRONMENT - - -

                                            FREE SPACE



                                - - - MATRIX TIMING - - -

                        FILL=    0.000 SEC.,  FACTOR=    0.000 SEC.



                                            - - - NETWORK DATA - - -

      - FROM -    - TO -           TRANSMISSION LINE               -  -  SHUNT ADMITTANCES (MHOS)  -  -              LINE
      TAG  SEG.   TAG  SEG.      IMPEDANCE      LENGTH            - END ONE -                 - END TWO -            TYPE
      NO.   NO.   NO.   NO.         OHMS        METERS         REAL          IMAG.         REAL          IMAG.
        1    11     2    32     5.0000E+01    4.7500E-02    0.0000E+00    0.0000E+00    0.0000E+00    0.0000E+00   STRAIGHT



                           - - - STRUCTURE EXCITATION DATA AT NETWORK CONNECTION POINTS - - -

   TAG   SEG.    VOLTAGE (VOLTS)         CURRENT (AMPS)         IMPEDANCE (OHMS)        ADMITTANCE (MHOS)      POWER
   NO.   NO.    REAL        IMAG.       REAL        IMAG.       REAL        IMAG.       REAL        IMAG.     (WATTS)
     1    11 4.10052E-01-1.59673E+00-7.02863E-04-2.01853E-02 7.83012E+01 2.30408E+01 1.17535E-02-3.45857E-03 1.59712E-02
     2    32 1.00000E+00 0.00000E+00 1.17535E-02-3.45857E-03 7.83012E+01 2.30408E+01 1.17535E-02-3.45857E-03 5.87674E-03



                                          - - - ANTENNA INPUT PARAMETERS - - -

   TAG   SEG.    VOLTAGE (VOLTS)         CURRENT (AMPS)         IMPEDANCE (OHMS)        ADMITTANCE (MHOS)      POWER
   NO.   NO.    REAL        IMAG.       REAL        IMAG.       REAL        IMAG.       REAL        IMAG.     (WATTS)
     2    32 1.00000E+00 0.00000E+00 4.36958E-02 5.18465E-03 2.25678E+01-2.67774E+00 4.36958E-02 5.18465E-03 2.18479E-02



                             - - - CURRENTS AND LOCATION - - -

                                 DISTANCES IN WAVELENGTHS


  SEG.  TAG    COORD. OF SEG. CENTER     SEG.            - - - CURRENT (AMPS) - - -
  NO.   NO.     X        Y        Z      LENGTH     REAL        IMAG.       MAG.        PHASE
     1    1   0.0000  -0.2313   0.0267  0.02313  -4.0646E-04 -2.3290E-03  2.3643E-03  -99.899
     2    1   0.0000  -0.2081   0.0267  0.02313  -9.5080E-04 -5.7281E-03  5.8064E-03  -99.425
     3    1   0.0000  -0.1850   0.0267  0.02313  -1.3595E-03 -8.6655E-03  8.7715E-03  -98.916
     4    1   0.0000  -0.1619   0.0267  0.02313  -1.6660E-03 -1.1315E-02  1.1437E-02  -98.375
     5    1   0.0000  -0.1388   0.0267  0.02313  -1.8705E-03 -1.3671E-02  1.3798E-02  -97.791
     6    1   0.0000  -0.1156   0.0267  0.02313  -1.9703E-03 -1.5707E-02  1.5830E-02  -97.150
     7    1   0.0000  -0.0925   0.0267  0.02313  -1.9612E-03 -1.7395E-02  1.7505E-02  -96.433
     8    1   0.0000  -0.0694   0.0267  0.02313  -1.8382E-03 -1.8708E-02  1.8798E-02  -95.612
     9    1   0.0000  -0.0463   0.0267  0.02313  -1.5922E-03 -1.9622E-02  1.9686E-02  -94.639
    10    1   0.0000  -0.0231   0.0267  0.02313  -1.1863E-03 -2.0111E-02  2.0146E-02  -93.376
    11    1   0.0000   0.0000   0.0267  0.02313  -7.0286E-04 -2.0185E-02  2.0198E-02  -91.994
    12    1   0.0000   0.0231   0.0267  0.02313  -1.1863E-03 -2.0111E-02  2.0146E-02  -93.376
    13    1   0.0000   0.0463   0.0267  0.02313  -1.5922E-03 -1.9622E-02  1.9686E-02  -94.639
    14    1   0.0000   0.0694   0.0267  0.02313  -1.8382E-03 -1.8708E-02  1.8798E-02  -95.612
    15    1   0.0000   0.0925   0.0267  0.02313  -1.9612E-03 -1.7395E-02  1.7505E-02  -96.433
    16    1   0.0000   0.1156   0.0267  0.02313  -1.9703E-03 -1.5707E-02  1.5830E-02  -97.150
    17    1   0.0000   0.1388   0.0267  0.02313  -1.8705E-03 -1.3671E-02  1.3798E-02  -97.791
    18    1   0.0000   0.1619   0.0267  0.02313  -1.6660E-03 -1.1315E-02  1.1437E-02  -98.375
    19    1   0.0000   0.1850   0.0267  0.02313  -1.3595E-03 -8.6655E-03  8.7715E-03  -98.916
    20    1   0.0000   0.2081   0.0267  0.02313  -9.5080E-04 -5.7281E-03  5.8064E-03  -99.425
    21    1   0.0000   0.2313   0.0267  0.02313  -4.0646E-04 -2.3290E-03  2.3643E-03  -99.899
    22    2  -0.2313   0.0000   0.0000  0.02313   1.3071E-03 -5.9022E-04  1.4341E-03  -24.302
    23    2  -0.2081   0.0000   0.0000  0.02313   3.2220E-03 -1.4229E-03  3.5222E-03  -23.827
    24    2  -0.1850   0.0000   0.0000  0.02313   4.8862E-03 -2.1062E-03  5.3208E-03  -23.319
    25    2  -0.1619   0.0000   0.0000  0.02313   6.3968E-03 -2.6861E-03  6.9379E-03  -22.778
    26    2  -0.1388   0.0000   0.0000  0.02313   7.7497E-03 -3.1617E-03  8.3698E-03  -22.194
    27    2  -0.1156   0.0000   0.0000  0.02313   8.9309E-03 -3.5274E-03  9.6023E-03  -21.553
    28    2  -0.0925   0.0000   0.0000  0.02313   9.9241E-03 -3.7768E-03  1.0619E-02  -20.835
    29    2  -0.0694   0.0000   0.0000  0.02313   1.0714E-02 -3.9027E-03  1.1403E-02  -20.014
    30    2  -0.0463   0.0000   0.0000  0.02313   1.1288E-02 -3.8961E-03  1.1942E-02  -19.042
    31    2  -0.0231   0.0000   0.0000  0.02313   1.1637E-02 -3.7313E-03  1.2220E-02  -17.779
    32    2   0.0000   0.0000   0.0000  0.02313   1.1753E-02 -3.4586E-03  1.2252E-02  -16.397
    33    2   0.0231   0.0000   0.0000  0.02313   1.1637E-02 -3.7313E-03  1.2220E-02  -17.779
    34    2   0.0463   0.0000   0.0000  0.02313   1.1288E-02 -3.8961E-03  1.1942E-02  -19.042
    35    2   0.0694   0.0000   0.0000  0.02313   1.0714E-02 -3.9027E-03  1.1403E-02  -20.014
    36    2   0.0925   0.0000   0.0000  0.02313   9.9241E-03 -3.7768E-03  1.0619E-02  -20.835
    37    2   0.1156   0.0000   0.0000  0.02313   8.9309E-03 -3.5274E-03  9.6023E-03  -21.553
    38    2   0.1388   0.0000   0.0000  0.02313   7.7497E-03 -3.1617E-03  8.3698E-03  -22.194
    39    2   0.1619   0.0000   0.0000  0.02313   6.3968E-03 -2.6861E-03  6.9379E-03  -22.778
    40    2   0.1850   0.0000   0.0000  0.02313   4.8862E-03 -2.1062E-03  5.3208E-03  -23.319
    41    2   0.2081   0.0000   0.0000  0.02313   3.2220E-03 -1.4229E-03  3.5222E-03  -23.827
    42    2   0.2313   0.0000   0.0000  0.02313   1.3071E-03 -5.9022E-04  1.4341E-03  -24.302



                                        - - - POWER BUDGET - - -

                                           INPUT POWER   = 2.1848E-02 WATTS
                                           RADIATED POWER= 2.1848E-02 WATTS
                                           STRUCTURE LOSS= 0.0000E+00 WATTS
                                           NETWORK LOSS  = 6.9389E-17 WATTS
                                           EFFICIENCY    = 100.00 PERCENT



                                                - - - RADIATION PATTERNS - - -

  - - ANGLES - -           - POWER GAINS -       - - - POLARIZATION - - -    - - - E(THETA) - - -    - - - E(PHI) - - -
  THETA     PHI        VERT.   HOR.    TOTAL      AXIAL     TILT   SENSE     MAGNITUDE    PHASE      MAGNITUDE    PHASE 
 DEGREES  DEGREES       DB      DB      DB        RATIO     DEG.              VOLTS/M    DEGREES      VOLTS/M    DEGREES
    0.00     0.00      -3.55    0.79    2.15    0.51072    71.01  RIGHT     7.60723E-01  -110.43    1.25408E+00  -176.42




                                 - - - - - - FREQUENCY - - - - - -

                                    FREQUENCY= 1.6100E+03 MHZ
                                    WAVELENGTH= 1.8621E-01 METERS




                    APPROXIMATE INTEGRATION EMPLOYED FOR SEGMENTS MORE THAN   1.000 WAVELENGTHS APART

                    THE EXTENDED THIN WIRE KERNEL WILL BE USED



                               - - - STRUCTURE IMPEDANCE LOADING - - -

                                   THIS STRUCTURE IS NOT LOADED



                                  - - - ANTENNA ENVIRONMENT - - -

                                            FREE SPACE



                                - - - MATRIX TIMING - - -

                        FILL=    0.016 SEC.,  FACTOR=    0.000 SEC.



                                            - - - NETWORK DATA - - -

      - FROM -    - TO -           TRANSMISSION LINE               -  -  SHUNT ADMITTANCES (MHOS)  -  -              LINE
      TAG  SEG.   TAG  SEG.      IMPEDANCE      LENGTH            - END ONE -                 - END TWO -            TYPE
      NO.   NO.   NO.   NO.         OHMS        METERS         REAL          IMAG.         REAL          IMAG.
        1    11     2    32     5.0000E+01    4.7500E-02    0.0000E+00    0.0000E+00    0.0000E+00    0.0000E+00   STRAIGHT



                           - - - STRUCTURE EXCITATION DATA AT NETWORK CONNECTION POINTS - - -

   TAG   SEG.    VOLTAGE (VOLTS)         CURRENT (AMPS)         IMPEDANCE (OHMS)        ADMITTANCE (MHOS)      POWER
   NO.   NO.    REAL        IMAG.       REAL        IMAG.       REAL        IMAG.       REAL        IMAG.     (WATTS)
     1    11 4.93709E-01-1.65432E+00-1.05783E-03-2.03259E-02 7.99094E+01 2.84484E+01 1.11065E-02-3.95401E-03 1.65517E-02
     2    32 1.00000E+00 0.00000E+00 1.11065E-02-3.95401E-03 7.99094E+01 2.84484E+01 1.11065E-02-3.95401E-03 5.55326E-03



                                          - - - ANTENNA INPUT PARAMETERS - - -

   TAG   SEG.    VOLTAGE (VOLTS)         CURRENT (AMPS)         IMPEDANCE (OHMS)        ADMITTANCE (MHOS)      POWER
   NO.   NO.    REAL        IMAG.       REAL        IMAG.       REAL        IMAG.       REAL        IMAG.     (WATTS)
     2    32 1.00000E+00 0.00000E+00 4.42099E-02 6.56464E-03 2.21314E+01-3.28625E+00 4.42099E-02 6.56464E-03 2.21050E-02



                             - - - CURRENTS AND LOCATION - - -

                                 DISTANCES IN WAVELENGTHS


  SEG.  TAG    COORD. OF SEG. CENTER     SEG.            - - - CURRENT (AMPS) - - -
  NO.   NO.     X        Y        Z      LENGTH     REAL        IMAG.       MAG.        PHASE
     1    1   0.0000  -0.2327   0.0269  0.02327  -4.5939E-04 -2.3564E-03  2.4007E-03 -101.032
     2    1   0.0000  -0.2094   0.0269  0.02327  -1.0795E-03 -5.7957E-03  5.8954E-03 -100.551
     3    1   0.0000  -0.1862   0.0269  0.02327  -1.5517E-03 -8.7678E-03  8.9040E-03 -100.036
     4    1   0.0000  -0.1629   0.0269  0.02327  -1.9132E-03 -1.1448E-02  1.1606E-02  -99.488
     5    1   0.0000  -0.1396   0.0269  0.02327  -2.1642E-03 -1.3828E-02  1.3996E-02  -98.895
     6    1   0.0000  -0.1164   0.0269  0.02327  -2.3011E-03 -1.5882E-02  1.6048E-02  -98.244
     7    1   0.0000  -0.0931   0.0269  0.02327  -2.3193E-03 -1.7581E-02  1.7733E-02  -97.515
     8    1   0.0000  -0.0698   0.0269  0.02327  -2.2129E-03 -1.8897E-02  1.9026E-02  -96.679
     9    1   0.0000  -0.0465   0.0269  0.02327  -1.9723E-03 -1.9805E-02  1.9903E-02  -95.687
    10    1   0.0000  -0.0233   0.0269  0.02327  -1.5586E-03 -2.0276E-02  2.0336E-02  -94.396
    11    1   0.0000   0.0000   0.0269  0.02327  -1.0578E-03 -2.0326E-02  2.0353E-02  -92.979
    12    1   0.0000   0.0233   0.0269  0.02327  -1.5586E-03 -2.0276E-02  2.0336E-02  -94.396
    13    1   0.0000   0.0465   0.0269  0.02327  -1.9723E-03 -1.9805E-02  1.9903E-02  -95.687
    14    1   0.0000   0.0698   0.0269  0.02327  -2.2129E-03 -1.8897E-02  1.9026E-02  -96.679
    15    1   0.0000   0.0931   0.0269  0.02327  -2.3193E-03 -1.7581E-02  1.7733E-02  -97.515
    16    1   0.0000   0.1164   0.0269  0.02327  -2.3011E-03 -1.5882E-02  1.6048E-02  -98.244
    17    1   0.0000   0.1396   0.0269  0.02327  -2.1642E-03 -1.3828E-02  1.3996E-02  -98.895
    18    1   0.0000   0.1629   0.0269  0.02327  -1.9132E-03 -1.1448E-02  1.1606E-02  -99.488
    19    1   0.0000   0.1862   0.0269  0.02327  -1.5517E-03 -8.7678E-03  8.9040E-03 -100.036
    20    1   0.0000   0.2094   0.0269  0.02327  -1.0795E-03 -5.7957E-03  5.8954E-03 -100.551
    21    1   0.0000   0.2327   0.0269  0.02327  -4.5939E-04 -2.3564E-03  2.4007E-03 -101.032
    22    2  -0.2327   0.0000   0.0000  0.02327   1.2318E-03 -6.4530E-04  1.3906E-03  -27.649
    23    2  -0.2094   0.0000   0.0000  0.02327   3.0381E-03 -1.5592E-03  3.4148E-03  -27.168
    24    2  -0.1862   0.0000   0.0000  0.02327   4.6095E-03 -2.3136E-03  5.1575E-03  -26.653
    25    2  -0.1629   0.0000   0.0000  0.02327   6.0370E-03 -2.9582E-03  6.7228E-03  -26.105
    26    2  -0.1396   0.0000   0.0000  0.02327   7.3164E-03 -3.4917E-03  8.1069E-03  -25.512
    27    2  -0.1164   0.0000   0.0000  0.02327   8.4339E-03 -3.9079E-03  9.2953E-03  -24.861
    28    2  -0.0931   0.0000   0.0000  0.02327   9.3741E-03 -4.1995E-03  1.0272E-02  -24.132
    29    2  -0.0698   0.0000   0.0000  0.02327   1.0122E-02 -4.3585E-03  1.1021E-02  -23.296
    30    2  -0.0465   0.0000   0.0000  0.02327   1.0666E-02 -4.3753E-03  1.1528E-02  -22.304
    31    2  -0.0233   0.0000   0.0000  0.02327   1.0996E-02 -4.2237E-03  1.1779E-02  -21.013
    32    2   0.0000   0.0000   0.0000  0.02327   1.1107E-02 -3.9540E-03  1.1789E-02  -19.596
    33    2   0.0233   0.0000   0.0000  0.02327   1.0996E-02 -4.2237E-03  1.1779E-02  -21.013
    34    2   0.0465   0.0000   0.0000  0.02327   1.0666E-02 -4.3753E-03  1.1528E-02  -22.304
    35    2   0.0698   0.0000   0.0000  0.02327   1.0122E-02 -4.3585E-03  1.1021E-02  -23.296
    36    2   0.0931   0.0000   0.0000  0.02327   9.3741E-03 -4.1995E-03  1.0272E-02  -24.132
    37    2   0.1164   0.0000   0.0000  0.02327   8.4339E-03 -3.9079E-03  9.2953E-03  -24.861
    38    2   0.1396   0.0000   0.0000  0.02327   7.3164E-03 -3.4917E-03  8.1069E-03  -25.512
    39    2   0.1629   0.0000   0.0000  0.02327   6.0370E-03 -2.9582E-03  6.7228E-03  -26.105
    40    2   0.1862   0.0000   0.0000  0.02327   4.6095E-03 -2.3136E-03  5.1575E-03  -26.653
    41    2   0.2094   0.0000   0.0000  0.02327   3.0381E-03 -1.5592E-03  3.4148E-03  -27.168
    42    2   0.2327   0.0000   0.0000  0.02327   1.2318E-03 -6.4530E-04  1.3906E-03  -27.649



                                        - - - POWER BUDGET - - -

                                           INPUT POWER   = 2.2105E-02 WATTS
                                           RADIATED POWER= 2.2105E-02 WATTS
                                           STRUCTURE LOSS= 0.0000E+00 WATTS
                                           NETWORK LOSS  =-6.5919E-17 WATTS
                                           EFFICIENCY    = 100.00 PERCENT



                                                - - - RADIATION PATTERNS - - -

  - - ANGLES - -           - POWER GAINS -       - - - POLARIZATION - - -    - - - E(THETA) - - -    - - - E(PHI) - - -
  THETA     PHI        VERT.   HOR.    TOTAL      AXIAL     TILT   SENSE     MAGNITUDE    PHASE      MAGNITUDE    PHASE 
 DEGREES  DEGREES       DB      DB      DB        RATIO     DEG.              VOLTS/M    DEGREES      VOLTS/M    DEGREES
    0.00     0.00      -3.84    0.90    2.16    0.47757    71.17  RIGHT     7.39962E-01  -113.72    1.27749E+00  -177.44




                                 - - - - - - FREQUENCY - - - - - -

                                    FREQUENCY= 1.6200E+03 MHZ
                                    WAVELENGTH= 1.8506E-01 METERS




                    APPROXIMATE INTEGRATION EMPLOYED FOR SEGMENTS MORE THAN   1.000 WAVELENGTHS APART

                    THE EXTENDED THIN WIRE KERNEL WILL BE USED



                               - - - STRUCTURE IMPEDANCE LOADING - - -

                                   THIS STRUCTURE IS NOT LOADED



                                  - - - ANTENNA ENVIRONMENT - - -

                                            FREE SPACE



                                - - - MATRIX TIMING - - -

                        FILL=    0.000 SEC.,  FACTOR=    0.000 SEC.



                                            - - - NETWORK DATA - - -

      - FROM -    - TO -           TRANSMISSION LINE               -  -  SHUNT ADMITTANCES (MHOS)  -  -              LINE
      TAG  SEG.   TAG  SEG.      IMPEDANCE      LENGTH            - END ONE -                 - END TWO -            TYPE
      NO.   NO.   NO.   NO.         OHMS        METERS         REAL          IMAG.         REAL          IMAG.
        1    11     2    32     5.0000E+01    4.7500E-02    0.0000E+00    0.0000E+00    0.0000E+00    0.0000E+00   STRAIGHT



                           - - - STRUCTURE EXCITATION DATA AT NETWORK CONNECTION POINTS - - -

   TAG   SEG.    VOLTAGE (VOLTS)         CURRENT (AMPS)         IMPEDANCE (OHMS)        ADMITTANCE (MHOS)      POWER
   NO.   NO.    REAL        IMAG.       REAL        IMAG.       REAL        IMAG.       REAL        IMAG.     (WATTS)
     1    11 5.76372E-01-1.72074E+00-1.44337E-03-2.05010E-02 8.15506E+01 3.38558E+01 1.04596E-02-4.34232E-03 1.72225E-02
     2    32 1.00000E+00 0.00000E+00 1.04596E-02-4.34232E-03 8.15506E+01 3.38558E+01 1.04596E-02-4.34232E-03 5.22980E-03



                                          - - - ANTENNA INPUT PARAMETERS - - -

   TAG   SEG.    VOLTAGE (VOLTS)         CURRENT (AMPS)         IMPEDANCE (OHMS)        ADMITTANCE (MHOS)      POWER
   NO.   NO.    REAL        IMAG.       REAL        IMAG.       REAL        IMAG.       REAL        IMAG.     (WATTS)
     2    32 1.00000E+00 0.00000E+00 4.49047E-02 8.03407E-03 2.15787E+01-3.86073E+00 4.49047E-02 8.03407E-03 2.24523E-02



                             - - - CURRENTS AND LOCATION - - -

                                 DISTANCES IN WAVELENGTHS


  SEG.  TAG    COORD. OF SEG. CENTER     SEG.            - - - CURRENT (AMPS) - - -
  NO.   NO.     X        Y        Z      LENGTH     REAL        IMAG.       MAG.        PHASE
     1    1   0.0000  -0.2342   0.0270  0.02342  -5.1745E-04 -2.3874E-03  2.4429E-03 -102.229
     2    1   0.0000  -0.2107   0.0270  0.02342  -1.2207E-03 -5.8726E-03  5.9981E-03 -101.743
     3    1   0.0000  -0.1873   0.0270  0.02342  -1.7625E-03 -8.8841E-03  9.0572E-03 -101.221
     4    1   0.0000  -0.1639   0.0270  0.02342  -2.1844E-03 -1.1598E-02  1.1802E-02 -100.666
     5    1   0.0000  -0.1405   0.0270  0.02342  -2.4861E-03 -1.4007E-02  1.4226E-02 -100.065
     6    1   0.0000  -0.1171   0.0270  0.02342  -2.6635E-03 -1.6083E-02  1.6302E-02  -99.403
     7    1   0.0000  -0.0937   0.0270  0.02342  -2.7112E-03 -1.7796E-02  1.8002E-02  -98.662
     8    1   0.0000  -0.0702   0.0270  0.02342  -2.6226E-03 -1.9118E-02  1.9297E-02  -97.811
     9    1   0.0000  -0.0468   0.0270  0.02342  -2.3872E-03 -2.0021E-02  2.0163E-02  -96.800
    10    1   0.0000  -0.0234   0.0270  0.02342  -1.9642E-03 -2.0476E-02  2.0570E-02  -95.480
    11    1   0.0000   0.0000   0.0270  0.02342  -1.4434E-03 -2.0501E-02  2.0552E-02  -94.027
    12    1   0.0000   0.0234   0.0270  0.02342  -1.9642E-03 -2.0476E-02  2.0570E-02  -95.480
    13    1   0.0000   0.0468   0.0270  0.02342  -2.3872E-03 -2.0021E-02  2.0163E-02  -96.800
    14    1   0.0000   0.0702   0.0270  0.02342  -2.6226E-03 -1.9118E-02  1.9297E-02  -97.811
    15    1   0.0000   0.0937   0.0270  0.02342  -2.7112E-03 -1.7796E-02  1.8002E-02  -98.662
    16    1   0.0000   0.1171   0.0270  0.02342  -2.6635E-03 -1.6083E-02  1.6302E-02  -99.403
    17    1   0.0000   0.1405   0.0270  0.02342  -2.4861E-03 -1.4007E-02  1.4226E-02 -100.065
    18    1   0.0000   0.1639   0.0270  0.02342  -2.1844E-03 -1.1598E-02  1.1802E-02 -100.666
    19    1   0.0000   0.1873   0.0270  0.02342  -1.7625E-03 -8.8841E-03  9.0572E-03 -101.221
    20    1   0.0000   0.2107   0.0270  0.02342  -1.2207E-03 -5.8726E-03  5.9981E-03 -101.743
    21    1   0.0000   0.2342   0.0270  0.02342  -5.1745E-04 -2.3874E-03  2.4429E-03 -102.229
    22    2  -0.2342   0.0000   0.0000  0.02342   1.1569E-03 -6.8823E-04  1.3461E-03  -30.748
    23    2  -0.2107   0.0000   0.0000  0.02342   2.8549E-03 -1.6657E-03  3.3053E-03  -30.261
    24    2  -0.1873   0.0000   0.0000  0.02342   4.3337E-03 -2.4758E-03  4.9910E-03  -29.740
    25    2  -0.1639   0.0000   0.0000  0.02342   5.6781E-03 -3.1713E-03  6.5037E-03  -29.184
    26    2  -0.1405   0.0000   0.0000  0.02342   6.8838E-03 -3.7506E-03  7.8392E-03  -28.583
    27    2  -0.1171   0.0000   0.0000  0.02342   7.9376E-03 -4.2066E-03  8.9834E-03  -27.922
    28    2  -0.0937   0.0000   0.0000  0.02342   8.8245E-03 -4.5314E-03  9.9199E-03  -27.181
    29    2  -0.0702   0.0000   0.0000  0.02342   9.5304E-03 -4.7164E-03  1.0634E-02  -26.330
    30    2  -0.0468   0.0000   0.0000  0.02342   1.0044E-02 -4.7515E-03  1.1111E-02  -25.318
    31    2  -0.0234   0.0000   0.0000  0.02342   1.0355E-02 -4.6100E-03  1.1335E-02  -23.998
    32    2   0.0000   0.0000   0.0000  0.02342   1.0460E-02 -4.3423E-03  1.1325E-02  -22.546
    33    2   0.0234   0.0000   0.0000  0.02342   1.0355E-02 -4.6100E-03  1.1335E-02  -23.998
    34    2   0.0468   0.0000   0.0000  0.02342   1.0044E-02 -4.7515E-03  1.1111E-02  -25.318
    35    2   0.0702   0.0000   0.0000  0.02342   9.5304E-03 -4.7164E-03  1.0634E-02  -26.330
    36    2   0.0937   0.0000   0.0000  0.02342   8.8245E-03 -4.5314E-03  9.9199E-03  -27.181
    37    2   0.1171   0.0000   0.0000  0.02342   7.9376E-03 -4.2066E-03  8.9834E-03  -27.922
    38    2   0.1405   0.0000   0.0000  0.02342   6.8838E-03 -3.7506E-03  7.8392E-03  -28.583
    39    2   0.1639   0.0000   0.0000  0.02342   5.6781E-03 -3.1713E-03  6.5037E-03  -29.184
    40    2   0.1873   0.0000   0.0000  0.02342   4.3337E-03 -2.4758E-03  4.9910E-03  -29.740
    41    2   0.2107   0.0000   0.0000  0.02342   2.8549E-03 -1.6657E-03  3.3053E-03  -30.261
    42    2   0.2342   0.0000   0.0000  0.02342   1.1569E-03 -6.8823E-04  1.3461E-03  -30.748



                                        - - - POWER BUDGET - - -

                                           INPUT POWER   = 2.2452E-02 WATTS
                                           RADIATED POWER= 2.2452E-02 WATTS
                                           STRUCTURE LOSS= 0.0000E+00 WATTS
                                           NETWORK LOSS  = 2.4286E-17 WATTS
                                           EFFICIENCY    = 100.00 PERCENT



                                                - - - RADIATION PATTERNS - - -

  - - ANGLES - -           - POWER GAINS -       - - - POLARIZATION - - -    - - - E(THETA) - - -    - - - E(PHI) - - -
  THETA     PHI        VERT.   HOR.    TOTAL      AXIAL     TILT   SENSE     MAGNITUDE    PHASE      MAGNITUDE    PHASE 
 DEGREES  DEGREES       DB      DB      DB        RATIO     DEG.              VOLTS/M    DEGREES      VOLTS/M    DEGREES
    0.00     0.00      -4.16    1.01    2.17    0.44666    71.58  RIGHT     7.18552E-01  -116.76    1.30396E+00  -178.52




                                 - - - - - - FREQUENCY - - - - - -

                                    FREQUENCY= 1.6300E+03 MHZ
                                    WAVELENGTH= 1.8393E-01 METERS




                    APPROXIMATE INTEGRATION EMPLOYED FOR SEGMENTS MORE THAN   1.000 WAVELENGTHS APART

                    THE EXTENDED THIN WIRE KERNEL WILL BE USED



                               - - - STRUCTURE IMPEDANCE LOADING - - -

                                   THIS STRUCTURE IS NOT LOADED



                                  - - - ANTENNA ENVIRONMENT - - -

                                            FREE SPACE



                                - - - MATRIX TIMING - - -

                        FILL=    0.000 SEC.,  FACTOR=    0.000 SEC.



                                            - - - NETWORK DATA - - -

      - FROM -    - TO -           TRANSMISSION LINE               -  -  SHUNT ADMITTANCES (MHOS)  -  -              LINE
      TAG  SEG.   TAG  SEG.      IMPEDANCE      LENGTH            - END ONE -                 - END TWO -            TYPE
      NO.   NO.   NO.   NO.         OHMS        METERS         REAL          IMAG.         REAL          IMAG.
        1    11     2    32     5.0000E+01    4.7500E-02    0.0000E+00    0.0000E+00    0.0000E+00    0.0000E+00   STRAIGHT



                           - - - STRUCTURE EXCITATION DATA AT NETWORK CONNECTION POINTS - - -

   TAG   SEG.    VOLTAGE (VOLTS)         CURRENT (AMPS)         IMPEDANCE (OHMS)        ADMITTANCE (MHOS)      POWER
   NO.   NO.    REAL        IMAG.       REAL        IMAG.       REAL        IMAG.       REAL        IMAG.     (WATTS)
     1    11 6.57878E-01-1.79687E+00-1.86578E-03-2.07100E-02 8.32259E+01 3.92640E+01 9.82804E-03-4.63664E-03 1.79929E-02
     2    32 1.00000E+00 0.00000E+00 9.82804E-03-4.63664E-03 8.32259E+01 3.92640E+01 9.82804E-03-4.63664E-03 4.91402E-03



                                          - - - ANTENNA INPUT PARAMETERS - - -

   TAG   SEG.    VOLTAGE (VOLTS)         CURRENT (AMPS)         IMPEDANCE (OHMS)        ADMITTANCE (MHOS)      POWER
   NO.   NO.    REAL        IMAG.       REAL        IMAG.       REAL        IMAG.       REAL        IMAG.     (WATTS)
     2    32 1.00000E+00 0.00000E+00 4.58138E-02 9.57699E-03 2.09136E+01-4.37181E+00 4.58138E-02 9.57699E-03 2.29069E-02



                             - - - CURRENTS AND LOCATION - - -

                                 DISTANCES IN WAVELENGTHS


  SEG.  TAG    COORD. OF SEG. CENTER     SEG.            - - - CURRENT (AMPS) - - -
  NO.   NO.     X        Y        Z      LENGTH     REAL        IMAG.       MAG.        PHASE
     1    1   0.0000  -0.2356   0.0272  0.02356  -5.8153E-04 -2.4220E-03  2.4909E-03 -103.501
     2    1   0.0000  -0.2120   0.0272  0.02356  -1.3766E-03 -5.9584E-03  6.1153E-03 -103.009
     3    1   0.0000  -0.1885   0.0272  0.02356  -1.9952E-03 -9.0140E-03  9.2322E-03 -102.481
     4    1   0.0000  -0.1649   0.0272  0.02356  -2.4836E-03 -1.1767E-02  1.2026E-02 -101.918
     5    1   0.0000  -0.1414   0.0272  0.02356  -2.8413E-03 -1.4208E-02  1.4490E-02 -101.308
     6    1   0.0000  -0.1178   0.0272  0.02356  -3.0632E-03 -1.6310E-02  1.6595E-02 -100.637
     7    1   0.0000  -0.0942   0.0272  0.02356  -3.1432E-03 -1.8040E-02  1.8312E-02  -99.884
     8    1   0.0000  -0.0707   0.0272  0.02356  -3.0739E-03 -1.9369E-02  1.9611E-02  -99.018
     9    1   0.0000  -0.0471   0.0272  0.02356  -2.8437E-03 -2.0270E-02  2.0468E-02  -97.986
    10    1   0.0000  -0.0236   0.0272  0.02356  -2.4096E-03 -2.0709E-02  2.0848E-02  -96.637
    11    1   0.0000   0.0000   0.0272  0.02356  -1.8658E-03 -2.0710E-02  2.0794E-02  -95.148
    12    1   0.0000   0.0236   0.0272  0.02356  -2.4096E-03 -2.0709E-02  2.0848E-02  -96.637
    13    1   0.0000   0.0471   0.0272  0.02356  -2.8437E-03 -2.0270E-02  2.0468E-02  -97.986
    14    1   0.0000   0.0707   0.0272  0.02356  -3.0739E-03 -1.9369E-02  1.9611E-02  -99.018
    15    1   0.0000   0.0942   0.0272  0.02356  -3.1432E-03 -1.8040E-02  1.8312E-02  -99.884
    16    1   0.0000   0.1178   0.0272  0.02356  -3.0632E-03 -1.6310E-02  1.6595E-02 -100.637
    17    1   0.0000   0.1414   0.0272  0.02356  -2.8413E-03 -1.4208E-02  1.4490E-02 -101.308
    18    1   0.0000   0.1649   0.0272  0.02356  -2.4836E-03 -1.1767E-02  1.2026E-02 -101.918
    19    1   0.0000   0.1885   0.0272  0.02356  -1.9952E-03 -9.0140E-03  9.2322E-03 -102.481
    20    1   0.0000   0.2120   0.0272  0.02356  -1.3766E-03 -5.9584E-03  6.1153E-03 -103.009
    21    1   0.0000   0.2356   0.0272  0.02356  -5.8153E-04 -2.4220E-03  2.4909E-03 -103.501
    22    2  -0.2356   0.0000   0.0000  0.02356   1.0841E-03 -7.2055E-04  1.3017E-03  -33.610
    23    2  -0.2120   0.0000   0.0000  0.02356   2.6767E-03 -1.7461E-03  3.1959E-03  -33.118
    24    2  -0.1885   0.0000   0.0000  0.02356   4.0651E-03 -2.5987E-03  4.8247E-03  -32.590
    25    2  -0.1649   0.0000   0.0000  0.02356   5.3284E-03 -3.3330E-03  6.2850E-03  -32.027
    26    2  -0.1414   0.0000   0.0000  0.02356   6.4621E-03 -3.9472E-03  7.5722E-03  -31.417
    27    2  -0.1178   0.0000   0.0000  0.02356   7.4535E-03 -4.4337E-03  8.6725E-03  -30.746
    28    2  -0.0942   0.0000   0.0000  0.02356   8.2882E-03 -4.7838E-03  9.5697E-03  -29.993
    29    2  -0.0707   0.0000   0.0000  0.02356   8.9529E-03 -4.9886E-03  1.0249E-02  -29.127
    30    2  -0.0471   0.0000   0.0000  0.02356   9.4362E-03 -5.0374E-03  1.0697E-02  -28.095
    31    2  -0.0236   0.0000   0.0000  0.02356   9.7296E-03 -4.9032E-03  1.0895E-02  -26.746
    32    2   0.0000   0.0000   0.0000  0.02356   9.8280E-03 -4.6366E-03  1.0867E-02  -25.257
    33    2   0.0236   0.0000   0.0000  0.02356   9.7296E-03 -4.9032E-03  1.0895E-02  -26.746
    34    2   0.0471   0.0000   0.0000  0.02356   9.4362E-03 -5.0374E-03  1.0697E-02  -28.095
    35    2   0.0707   0.0000   0.0000  0.02356   8.9529E-03 -4.9886E-03  1.0249E-02  -29.127
    36    2   0.0942   0.0000   0.0000  0.02356   8.2882E-03 -4.7838E-03  9.5697E-03  -29.993
    37    2   0.1178   0.0000   0.0000  0.02356   7.4535E-03 -4.4337E-03  8.6725E-03  -30.746
    38    2   0.1414   0.0000   0.0000  0.02356   6.4621E-03 -3.9472E-03  7.5722E-03  -31.417
    39    2   0.1649   0.0000   0.0000  0.02356   5.3284E-03 -3.3330E-03  6.2850E-03  -32.027
    40    2   0.1885   0.0000   0.0000  0.02356   4.0651E-03 -2.5987E-03  4.8247E-03  -32.590
    41    2   0.2120   0.0000   0.0000  0.02356   2.6767E-03 -1.7461E-03  3.1959E-03  -33.118
    42    2   0.2356   0.0000   0.0000  0.02356   1.0841E-03 -7.2055E-04  1.3017E-03  -33.610



                                        - - - POWER BUDGET - - -

                                           INPUT POWER   = 2.2907E-02 WATTS
                                           RADIATED POWER= 2.2907E-02 WATTS
                                           STRUCTURE LOSS= 0.0000E+00 WATTS
                                           NETWORK LOSS  =-7.2858E-17 WATTS
                                           EFFICIENCY    = 100.00 PERCENT



                                                - - - RADIATION PATTERNS - - -

  - - ANGLES - -           - POWER GAINS -       - - - POLARIZATION - - -    - - - E(THETA) - - -    - - - E(PHI) - - -
  THETA     PHI        VERT.   HOR.    TOTAL      AXIAL     TILT   SENSE     MAGNITUDE    PHASE      MAGNITUDE    PHASE 
 DEGREES  DEGREES       DB      DB      DB        RATIO     DEG.              VOLTS/M    DEGREES      VOLTS/M    DEGREES
    0.00     0.00      -4.51    1.12    2.17    0.41807    72.19  RIGHT     6.96974E-01  -119.57    1.33367E+00  -179.67




                                 - - - - - - FREQUENCY - - - - - -

                                    FREQUENCY= 1.6400E+03 MHZ
                                    WAVELENGTH= 1.8280E-01 METERS




                    APPROXIMATE INTEGRATION EMPLOYED FOR SEGMENTS MORE THAN   1.000 WAVELENGTHS APART

                    THE EXTENDED THIN WIRE KERNEL WILL BE USED



                               - - - STRUCTURE IMPEDANCE LOADING - - -

                                   THIS STRUCTURE IS NOT LOADED



                                  - - - ANTENNA ENVIRONMENT - - -

                                            FREE SPACE



                                - - - MATRIX TIMING - - -

                        FILL=    0.000 SEC.,  FACTOR=    0.000 SEC.



                                            - - - NETWORK DATA - - -

      - FROM -    - TO -           TRANSMISSION LINE               -  -  SHUNT ADMITTANCES (MHOS)  -  -              LINE
      TAG  SEG.   TAG  SEG.      IMPEDANCE      LENGTH            - END ONE -                 - END TWO -            TYPE
      NO.   NO.   NO.   NO.         OHMS        METERS         REAL          IMAG.         REAL          IMAG.
        1    11     2    32     5.0000E+01    4.7500E-02    0.0000E+00    0.0000E+00    0.0000E+00    0.0000E+00   STRAIGHT



                           - - - STRUCTURE EXCITATION DATA AT NETWORK CONNECTION POINTS - - -

   TAG   SEG.    VOLTAGE (VOLTS)         CURRENT (AMPS)         IMPEDANCE (OHMS)        ADMITTANCE (MHOS)      POWER
   NO.   NO.    REAL        IMAG.       REAL        IMAG.       REAL        IMAG.       REAL        IMAG.     (WATTS)
     1    11 7.37903E-01-1.88376E+00-2.33227E-03-2.09519E-02 8.49359E+01 4.46737E+01 9.22230E-03-4.85064E-03 1.88736E-02
     2    32 1.00000E+00 0.00000E+00 9.22230E-03-4.85064E-03 8.49359E+01 4.46737E+01 9.22230E-03-4.85064E-03 4.61115E-03



                                          - - - ANTENNA INPUT PARAMETERS - - -

   TAG   SEG.    VOLTAGE (VOLTS)         CURRENT (AMPS)         IMPEDANCE (OHMS)        ADMITTANCE (MHOS)      POWER
   NO.   NO.    REAL        IMAG.       REAL        IMAG.       REAL        IMAG.       REAL        IMAG.     (WATTS)
     2    32 1.00000E+00 0.00000E+00 4.69696E-02 1.11738E-02 2.01500E+01-4.79357E+00 4.69696E-02 1.11738E-02 2.34848E-02



                             - - - CURRENTS AND LOCATION - - -

                                 DISTANCES IN WAVELENGTHS


  SEG.  TAG    COORD. OF SEG. CENTER     SEG.            - - - CURRENT (AMPS) - - -
  NO.   NO.     X        Y        Z      LENGTH     REAL        IMAG.       MAG.        PHASE
     1    1   0.0000  -0.2370   0.0274  0.02370  -6.5264E-04 -2.4600E-03  2.5451E-03 -104.859
     2    1   0.0000  -0.2133   0.0274  0.02370  -1.5495E-03 -6.0525E-03  6.2477E-03 -104.360
     3    1   0.0000  -0.1896   0.0274  0.02370  -2.2535E-03 -9.1568E-03  9.4300E-03 -103.826
     4    1   0.0000  -0.1659   0.0274  0.02370  -2.8158E-03 -1.1953E-02  1.2280E-02 -103.255
     5    1   0.0000  -0.1422   0.0274  0.02370  -3.2355E-03 -1.4431E-02  1.4789E-02 -102.637
     6    1   0.0000  -0.1185   0.0274  0.02370  -3.5068E-03 -1.6561E-02  1.6928E-02 -101.956
     7    1   0.0000  -0.0948   0.0274  0.02370  -3.6225E-03 -1.8311E-02  1.8666E-02 -101.190
     8    1   0.0000  -0.0711   0.0274  0.02370  -3.5742E-03 -1.9650E-02  1.9972E-02 -100.309
     9    1   0.0000  -0.0474   0.0274  0.02370  -3.3493E-03 -2.0549E-02  2.0820E-02  -99.257
    10    1   0.0000  -0.0237   0.0274  0.02370  -2.9023E-03 -2.0974E-02  2.1174E-02  -97.878
    11    1   0.0000   0.0000   0.0274  0.02370  -2.3323E-03 -2.0952E-02  2.1081E-02  -96.352
    12    1   0.0000   0.0237   0.0274  0.02370  -2.9023E-03 -2.0974E-02  2.1174E-02  -97.878
    13    1   0.0000   0.0474   0.0274  0.02370  -3.3493E-03 -2.0549E-02  2.0820E-02  -99.257
    14    1   0.0000   0.0711   0.0274  0.02370  -3.5742E-03 -1.9650E-02  1.9972E-02 -100.309
    15    1   0.0000   0.0948   0.0274  0.02370  -3.6225E-03 -1.8311E-02  1.8666E-02 -101.190
    16    1   0.0000   0.1185   0.0274  0.02370  -3.5068E-03 -1.6561E-02  1.6928E-02 -101.956
    17    1   0.0000   0.1422   0.0274  0.02370  -3.2355E-03 -1.4431E-02  1.4789E-02 -102.637
    18    1   0.0000   0.1659   0.0274  0.02370  -2.8158E-03 -1.1953E-02  1.2280E-02 -103.255
    19    1   0.0000   0.1896   0.0274  0.02370  -2.2535E-03 -9.1568E-03  9.4300E-03 -103.826
    20    1   0.0000   0.2133   0.0274  0.02370  -1.5495E-03 -6.0525E-03  6.2477E-03 -104.360
    21    1   0.0000   0.2370   0.0274  0.02370  -6.5264E-04 -2.4600E-03  2.5451E-03 -104.859
    22    2  -0.2370   0.0000   0.0000  0.02370   1.0145E-03 -7.4386E-04  1.2580E-03  -36.250
    23    2  -0.2133   0.0000   0.0000  0.02370   2.5062E-03 -1.8043E-03  3.0882E-03  -35.751
    24    2  -0.1896   0.0000   0.0000  0.02370   3.8080E-03 -2.6879E-03  4.6611E-03  -35.217
    25    2  -0.1659   0.0000   0.0000  0.02370   4.9935E-03 -3.4508E-03  6.0699E-03  -34.647
    26    2  -0.1422   0.0000   0.0000  0.02370   6.0581E-03 -4.0906E-03  7.3099E-03  -34.029
    27    2  -0.1185   0.0000   0.0000  0.02370   6.9896E-03 -4.5995E-03  8.3672E-03  -33.347
    28    2  -0.0948   0.0000   0.0000  0.02370   7.7742E-03 -4.9683E-03  9.2261E-03  -32.582
    29    2  -0.0711   0.0000   0.0000  0.02370   8.3991E-03 -5.1875E-03  9.8719E-03  -31.700
    30    2  -0.0474   0.0000   0.0000  0.02370   8.8537E-03 -5.2462E-03  1.0291E-02  -30.648
    31    2  -0.0237   0.0000   0.0000  0.02370   9.1297E-03 -5.1170E-03  1.0466E-02  -29.269
    32    2   0.0000   0.0000   0.0000  0.02370   9.2223E-03 -4.8506E-03  1.0420E-02  -27.743
    33    2   0.0237   0.0000   0.0000  0.02370   9.1297E-03 -5.1170E-03  1.0466E-02  -29.269
    34    2   0.0474   0.0000   0.0000  0.02370   8.8537E-03 -5.2462E-03  1.0291E-02  -30.648
    35    2   0.0711   0.0000   0.0000  0.02370   8.3991E-03 -5.1875E-03  9.8719E-03  -31.700
    36    2   0.0948   0.0000   0.0000  0.02370   7.7742E-03 -4.9683E-03  9.2261E-03  -32.582
    37    2   0.1185   0.0000   0.0000  0.02370   6.9896E-03 -4.5995E-03  8.3672E-03  -33.347
    38    2   0.1422   0.0000   0.0000  0.02370   6.0581E-03 -4.0906E-03  7.3099E-03  -34.029
    39    2   0.1659   0.0000   0.0000  0.02370   4.9935E-03 -3.4508E-03  6.0699E-03  -34.647
    40    2   0.1896   0.0000   0.0000  0.02370   3.8080E-03 -2.6879E-03  4.6611E-03  -35.217
    41    2   0.2133   0.0000   0.0000  0.02370   2.5062E-03 -1.8043E-03  3.0882E-03  -35.751
    42    2   0.2370   0.0000   0.0000  0.02370   1.0145E-03 -7.4386E-04  1.2580E-03  -36.250



                                        - - - POWER BUDGET - - -

                                           INPUT POWER   = 2.3485E-02 WATTS
                                           RADIATED POWER= 2.3485E-02 WATTS
                                           STRUCTURE LOSS= 0.0000E+00 WATTS
                                           NETWORK LOSS  =-1.3878E-16 WATTS
                                           EFFICIENCY    = 100.00 PERCENT



                                                - - - RADIATION PATTERNS - - -

  - - ANGLES - -           - POWER GAINS -       - - - POLARIZATION - - -    - - - E(THETA) - - -    - - - E(PHI) - - -
  THETA     PHI        VERT.   HOR.    TOTAL      AXIAL     TILT   SENSE     MAGNITUDE    PHASE      MAGNITUDE    PHASE 
 DEGREES  DEGREES       DB      DB      DB        RATIO     DEG.              VOLTS/M    DEGREES      VOLTS/M    DEGREES
    0.00     0.00      -4.89    1.23    2.18    0.39177    72.92  RIGHT     6.75596E-01  -122.15    1.36682E+00   179.09




                                 - - - - - - FREQUENCY - - - - - -

                                    FREQUENCY= 1.6500E+03 MHZ
                                    WAVELENGTH= 1.8170E-01 METERS




                    APPROXIMATE INTEGRATION EMPLOYED FOR SEGMENTS MORE THAN   1.000 WAVELENGTHS APART

                    THE EXTENDED THIN WIRE KERNEL WILL BE USED



                               - - - STRUCTURE IMPEDANCE LOADING - - -

                                   THIS STRUCTURE IS NOT LOADED



                                  - - - ANTENNA ENVIRONMENT - - -

                                            FREE SPACE



                                - - - MATRIX TIMING - - -

                        FILL=    0.016 SEC.,  FACTOR=    0.000 SEC.



                                            - - - NETWORK DATA - - -

      - FROM -    - TO -           TRANSMISSION LINE               -  -  SHUNT ADMITTANCES (MHOS)  -  -              LINE
      TAG  SEG.   TAG  SEG.      IMPEDANCE      LENGTH            - END ONE -                 - END TWO -            TYPE
      NO.   NO.   NO.   NO.         OHMS        METERS         REAL          IMAG.         REAL          IMAG.
        1    11     2    32     5.0000E+01    4.7500E-02    0.0000E+00    0.0000E+00    0.0000E+00    0.0000E+00   STRAIGHT



                           - - - STRUCTURE EXCITATION DATA AT NETWORK CONNECTION POINTS - - -

   TAG   SEG.    VOLTAGE (VOLTS)         CURRENT (AMPS)         IMPEDANCE (OHMS)        ADMITTANCE (MHOS)      POWER
   NO.   NO.    REAL        IMAG.       REAL        IMAG.       REAL        IMAG.       REAL        IMAG.     (WATTS)
     1    11 8.15922E-01-1.98262E+00-2.85119E-03-2.12250E-02 8.66816E+01 5.00856E+01 8.64890E-03-4.99743E-03 1.98774E-02
     2    32 1.00000E+00 0.00000E+00 8.64890E-03-4.99743E-03 8.66816E+01 5.00856E+01 8.64890E-03-4.99743E-03 4.32445E-03



                                          - - - ANTENNA INPUT PARAMETERS - - -

   TAG   SEG.    VOLTAGE (VOLTS)         CURRENT (AMPS)         IMPEDANCE (OHMS)        ADMITTANCE (MHOS)      POWER
   NO.   NO.    REAL        IMAG.       REAL        IMAG.       REAL        IMAG.       REAL        IMAG.     (WATTS)
     2    32 1.00000E+00 0.00000E+00 4.84037E-02 1.28012E-02 1.93090E+01-5.10663E+00 4.84037E-02 1.28012E-02 2.42018E-02



                             - - - CURRENTS AND LOCATION - - -

                                 DISTANCES IN WAVELENGTHS


  SEG.  TAG    COORD. OF SEG. CENTER     SEG.            - - - CURRENT (AMPS) - - -
  NO.   NO.     X        Y        Z      LENGTH     REAL        IMAG.       MAG.        PHASE
     1    1   0.0000  -0.2385   0.0275  0.02385  -7.3196E-04 -2.5009E-03  2.6059E-03 -106.313
     2    1   0.0000  -0.2146   0.0275  0.02385  -1.7425E-03 -6.1543E-03  6.3962E-03 -105.809
     3    1   0.0000  -0.1908   0.0275  0.02385  -2.5417E-03 -9.3114E-03  9.6520E-03 -105.268
     4    1   0.0000  -0.1669   0.0275  0.02385  -3.1865E-03 -1.2154E-02  1.2565E-02 -104.690
     5    1   0.0000  -0.1431   0.0275  0.02385  -3.6754E-03 -1.4672E-02  1.5125E-02 -104.064
     6    1   0.0000  -0.1192   0.0275  0.02385  -4.0018E-03 -1.6834E-02  1.7303E-02 -103.372
     7    1   0.0000  -0.0954   0.0275  0.02385  -4.1571E-03 -1.8607E-02  1.9066E-02 -102.594
     8    1   0.0000  -0.0715   0.0275  0.02385  -4.1321E-03 -1.9958E-02  2.0381E-02 -101.697
     9    1   0.0000  -0.0477   0.0275  0.02385  -3.9130E-03 -2.0858E-02  2.1222E-02 -100.625
    10    1   0.0000  -0.0238   0.0275  0.02385  -3.4510E-03 -2.1270E-02  2.1548E-02  -99.216
    11    1   0.0000   0.0000   0.0275  0.02385  -2.8512E-03 -2.1225E-02  2.1416E-02  -97.651
    12    1   0.0000   0.0238   0.0275  0.02385  -3.4510E-03 -2.1270E-02  2.1548E-02  -99.216
    13    1   0.0000   0.0477   0.0275  0.02385  -3.9130E-03 -2.0858E-02  2.1222E-02 -100.625
    14    1   0.0000   0.0715   0.0275  0.02385  -4.1321E-03 -1.9958E-02  2.0381E-02 -101.697
    15    1   0.0000   0.0954   0.0275  0.02385  -4.1571E-03 -1.8607E-02  1.9066E-02 -102.594
    16    1   0.0000   0.1192   0.0275  0.02385  -4.0018E-03 -1.6834E-02  1.7303E-02 -103.372
    17    1   0.0000   0.1431   0.0275  0.02385  -3.6754E-03 -1.4672E-02  1.5125E-02 -104.064
    18    1   0.0000   0.1669   0.0275  0.02385  -3.1865E-03 -1.2154E-02  1.2565E-02 -104.690
    19    1   0.0000   0.1908   0.0275  0.02385  -2.5417E-03 -9.3114E-03  9.6520E-03 -105.268
    20    1   0.0000   0.2146   0.0275  0.02385  -1.7425E-03 -6.1543E-03  6.3962E-03 -105.809
    21    1   0.0000   0.2385   0.0275  0.02385  -7.3196E-04 -2.5009E-03  2.6059E-03 -106.313
    22    2  -0.2385   0.0000   0.0000  0.02385   9.4881E-04 -7.5966E-04  1.2154E-03  -38.682
    23    2  -0.2146   0.0000   0.0000  0.02385   2.3452E-03 -1.8440E-03  2.9834E-03  -38.178
    24    2  -0.1908   0.0000   0.0000  0.02385   3.5651E-03 -2.7492E-03  4.5020E-03  -37.637
    25    2  -0.1669   0.0000   0.0000  0.02385   4.6770E-03 -3.5319E-03  5.8608E-03  -37.059
    26    2  -0.1431   0.0000   0.0000  0.02385   5.6761E-03 -4.1897E-03  7.0549E-03  -36.433
    27    2  -0.1192   0.0000   0.0000  0.02385   6.5507E-03 -4.7143E-03  8.0707E-03  -35.741
    28    2  -0.0954   0.0000   0.0000  0.02385   7.2878E-03 -5.0960E-03  8.8927E-03  -34.963
    29    2  -0.0715   0.0000   0.0000  0.02385   7.8751E-03 -5.3251E-03  9.5065E-03  -34.066
    30    2  -0.0477   0.0000   0.0000  0.02385   8.3023E-03 -5.3904E-03  9.8987E-03  -32.994
    31    2  -0.0238   0.0000   0.0000  0.02385   8.5619E-03 -5.2641E-03  1.0051E-02  -31.585
    32    2   0.0000   0.0000   0.0000  0.02385   8.6489E-03 -4.9974E-03  9.9889E-03  -30.020
    33    2   0.0238   0.0000   0.0000  0.02385   8.5619E-03 -5.2641E-03  1.0051E-02  -31.585
    34    2   0.0477   0.0000   0.0000  0.02385   8.3023E-03 -5.3904E-03  9.8987E-03  -32.994
    35    2   0.0715   0.0000   0.0000  0.02385   7.8751E-03 -5.3251E-03  9.5065E-03  -34.066
    36    2   0.0954   0.0000   0.0000  0.02385   7.2878E-03 -5.0960E-03  8.8927E-03  -34.963
    37    2   0.1192   0.0000   0.0000  0.02385   6.5507E-03 -4.7143E-03  8.0707E-03  -35.741
    38    2   0.1431   0.0000   0.0000  0.02385   5.6761E-03 -4.1897E-03  7.0549E-03  -36.433
    39    2   0.1669   0.0000   0.0000  0.02385   4.6770E-03 -3.5319E-03  5.8608E-03  -37.059
    40    2   0.1908   0.0000   0.0000  0.02385   3.5651E-03 -2.7492E-03  4.5020E-03  -37.637
    41    2   0.2146   0.0000   0.0000  0.02385   2.3452E-03 -1.8440E-03  2.9834E-03  -38.178
    42    2   0.2385   0.0000   0.0000  0.02385   9.4881E-04 -7.5966E-04  1.2154E-03  -38.682



                                        - - - POWER BUDGET - - -

                                           INPUT POWER   = 2.4202E-02 WATTS
                                           RADIATED POWER= 2.4202E-02 WATTS
                                           STRUCTURE LOSS= 0.0000E+00 WATTS
                                           NETWORK LOSS  = 1.1449E-16 WATTS
                                           EFFICIENCY    = 100.00 PERCENT



                                                - - - RADIATION PATTERNS - - -

  - - ANGLES - -           - POWER GAINS -       - - - POLARIZATION - - -    - - - E(THETA) - - -    - - - E(PHI) - - -
  THETA     PHI        VERT.   HOR.    TOTAL      AXIAL     TILT   SENSE     MAGNITUDE    PHASE      MAGNITUDE    PHASE 
 DEGREES  DEGREES       DB      DB      DB        RATIO     DEG.              VOLTS/M    DEGREES      VOLTS/M    DEGREES
    0.00     0.00      -5.30    1.33    2.18    0.36768    73.76  RIGHT     6.54689E-01  -124.52    1.40362E+00   177.75




                                 - - - - - - FREQUENCY - - - - - -

                                    FREQUENCY= 1.6600E+03 MHZ
                                    WAVELENGTH= 1.8060E-01 METERS




                    APPROXIMATE INTEGRATION EMPLOYED FOR SEGMENTS MORE THAN   1.000 WAVELENGTHS APART

                    THE EXTENDED THIN WIRE KERNEL WILL BE USED



                               - - - STRUCTURE IMPEDANCE LOADING - - -

                                   THIS STRUCTURE IS NOT LOADED



                                  - - - ANTENNA ENVIRONMENT - - -

                                            FREE SPACE



                                - - - MATRIX TIMING - - -

                        FILL=    0.000 SEC.,  FACTOR=    0.000 SEC.



                                            - - - NETWORK DATA - - -

      - FROM -    - TO -           TRANSMISSION LINE               -  -  SHUNT ADMITTANCES (MHOS)  -  -              LINE
      TAG  SEG.   TAG  SEG.      IMPEDANCE      LENGTH            - END ONE -                 - END TWO -            TYPE
      NO.   NO.   NO.   NO.         OHMS        METERS         REAL          IMAG.         REAL          IMAG.
        1    11     2    32     5.0000E+01    4.7500E-02    0.0000E+00    0.0000E+00    0.0000E+00    0.0000E+00   STRAIGHT



                           - - - STRUCTURE EXCITATION DATA AT NETWORK CONNECTION POINTS - - -

   TAG   SEG.    VOLTAGE (VOLTS)         CURRENT (AMPS)         IMPEDANCE (OHMS)        ADMITTANCE (MHOS)      POWER
   NO.   NO.    REAL        IMAG.       REAL        IMAG.       REAL        IMAG.       REAL        IMAG.     (WATTS)
     1    11 8.91144E-01-2.09485E+00-3.43214E-03-2.15270E-02 8.84639E+01 5.55007E+01 8.11135E-03-5.08892E-03 2.10187E-02
     2    32 1.00000E+00 0.00000E+00 8.11135E-03-5.08892E-03 8.84639E+01 5.55007E+01 8.11135E-03-5.08892E-03 4.05567E-03



                                          - - - ANTENNA INPUT PARAMETERS - - -

   TAG   SEG.    VOLTAGE (VOLTS)         CURRENT (AMPS)         IMPEDANCE (OHMS)        ADMITTANCE (MHOS)      POWER
   NO.   NO.    REAL        IMAG.       REAL        IMAG.       REAL        IMAG.       REAL        IMAG.     (WATTS)
     2    32 1.00000E+00 0.00000E+00 5.01487E-02 1.44320E-02 1.84155E+01-5.29971E+00 5.01487E-02 1.44320E-02 2.50743E-02



                             - - - CURRENTS AND LOCATION - - -

                                 DISTANCES IN WAVELENGTHS


  SEG.  TAG    COORD. OF SEG. CENTER     SEG.            - - - CURRENT (AMPS) - - -
  NO.   NO.     X        Y        Z      LENGTH     REAL        IMAG.       MAG.        PHASE
     1    1   0.0000  -0.2399   0.0277  0.02399  -8.2081E-04 -2.5445E-03  2.6736E-03 -107.879
     2    1   0.0000  -0.2159   0.0277  0.02399  -1.9588E-03 -6.2625E-03  6.5617E-03 -107.369
     3    1   0.0000  -0.1920   0.0277  0.02399  -2.8648E-03 -9.4761E-03  9.8997E-03 -106.821
     4    1   0.0000  -0.1680   0.0277  0.02399  -3.6021E-03 -1.2370E-02  1.2883E-02 -106.236
     5    1   0.0000  -0.1440   0.0277  0.02399  -4.1688E-03 -1.4930E-02  1.5501E-02 -105.601
     6    1   0.0000  -0.1200   0.0277  0.02399  -4.5569E-03 -1.7127E-02  1.7723E-02 -104.899
     7    1   0.0000  -0.0960   0.0277  0.02399  -4.7568E-03 -1.8925E-02  1.9514E-02 -104.109
     8    1   0.0000  -0.0720   0.0277  0.02399  -4.7578E-03 -2.0291E-02  2.0842E-02 -103.196
     9    1   0.0000  -0.0480   0.0277  0.02399  -4.5448E-03 -2.1194E-02  2.1676E-02 -102.103
    10    1   0.0000  -0.0240   0.0277  0.02399  -4.0657E-03 -2.1594E-02  2.1973E-02 -100.663
    11    1   0.0000   0.0000   0.0277  0.02399  -3.4321E-03 -2.1527E-02  2.1799E-02  -99.059
    12    1   0.0000   0.0240   0.0277  0.02399  -4.0657E-03 -2.1594E-02  2.1973E-02 -100.663
    13    1   0.0000   0.0480   0.0277  0.02399  -4.5448E-03 -2.1194E-02  2.1676E-02 -102.103
    14    1   0.0000   0.0720   0.0277  0.02399  -4.7578E-03 -2.0291E-02  2.0842E-02 -103.196
    15    1   0.0000   0.0960   0.0277  0.02399  -4.7568E-03 -1.8925E-02  1.9514E-02 -104.109
    16    1   0.0000   0.1200   0.0277  0.02399  -4.5569E-03 -1.7127E-02  1.7723E-02 -104.899
    17    1   0.0000   0.1440   0.0277  0.02399  -4.1688E-03 -1.4930E-02  1.5501E-02 -105.601
    18    1   0.0000   0.1680   0.0277  0.02399  -3.6021E-03 -1.2370E-02  1.2883E-02 -106.236
    19    1   0.0000   0.1920   0.0277  0.02399  -2.8648E-03 -9.4761E-03  9.8997E-03 -106.821
    20    1   0.0000   0.2159   0.0277  0.02399  -1.9588E-03 -6.2625E-03  6.5617E-03 -107.369
    21    1   0.0000   0.2399   0.0277  0.02399  -8.2081E-04 -2.5445E-03  2.6736E-03 -107.879
    22    2  -0.2399   0.0000   0.0000  0.02399   8.8738E-04 -7.6931E-04  1.1744E-03  -40.924
    23    2  -0.2159   0.0000   0.0000  0.02399   2.1946E-03 -1.8686E-03  2.8824E-03  -40.414
    24    2  -0.1920   0.0000   0.0000  0.02399   3.3378E-03 -2.7874E-03  4.3486E-03  -39.866
    25    2  -0.1680   0.0000   0.0000  0.02399   4.3806E-03 -3.5830E-03  5.6593E-03  -39.281
    26    2  -0.1440   0.0000   0.0000  0.02399   5.3182E-03 -4.2524E-03  6.8093E-03  -38.645
    27    2  -0.1200   0.0000   0.0000  0.02399   6.1395E-03 -4.7870E-03  7.7852E-03  -37.944
    28    2  -0.0960   0.0000   0.0000  0.02399   6.8320E-03 -5.1770E-03  8.5719E-03  -37.153
    29    2  -0.0720   0.0000   0.0000  0.02399   7.3839E-03 -5.4123E-03  9.1550E-03  -36.241
    30    2  -0.0480   0.0000   0.0000  0.02399   7.7855E-03 -5.4814E-03  9.5216E-03  -35.148
    31    2  -0.0240   0.0000   0.0000  0.02399   8.0295E-03 -5.3565E-03  9.6522E-03  -33.708
    32    2   0.0000   0.0000   0.0000  0.02399   8.1113E-03 -5.0889E-03  9.5755E-03  -32.103
    33    2   0.0240   0.0000   0.0000  0.02399   8.0295E-03 -5.3565E-03  9.6522E-03  -33.708
    34    2   0.0480   0.0000   0.0000  0.02399   7.7855E-03 -5.4814E-03  9.5216E-03  -35.148
    35    2   0.0720   0.0000   0.0000  0.02399   7.3839E-03 -5.4123E-03  9.1550E-03  -36.241
    36    2   0.0960   0.0000   0.0000  0.02399   6.8320E-03 -5.1770E-03  8.5719E-03  -37.153
    37    2   0.1200   0.0000   0.0000  0.02399   6.1395E-03 -4.7870E-03  7.7852E-03  -37.944
    38    2   0.1440   0.0000   0.0000  0.02399   5.3182E-03 -4.2524E-03  6.8093E-03  -38.645
    39    2   0.1680   0.0000   0.0000  0.02399   4.3806E-03 -3.5830E-03  5.6593E-03  -39.281
    40    2   0.1920   0.0000   0.0000  0.02399   3.3378E-03 -2.7874E-03  4.3486E-03  -39.866
    41    2   0.2159   0.0000   0.0000  0.02399   2.1946E-03 -1.8686E-03  2.8824E-03  -40.414
    42    2   0.2399   0.0000   0.0000  0.02399   8.8738E-04 -7.6931E-04  1.1744E-03  -40.924



                                        - - - POWER BUDGET - - -

                                           INPUT POWER   = 2.5074E-02 WATTS
                                           RADIATED POWER= 2.5074E-02 WATTS
                                           STRUCTURE LOSS= 0.0000E+00 WATTS
                                           NETWORK LOSS  = 4.5103E-17 WATTS
                                           EFFICIENCY    = 100.00 PERCENT



                                                - - - RADIATION PATTERNS - - -

  - - ANGLES - -           - POWER GAINS -       - - - POLARIZATION - - -    - - - E(THETA) - - -    - - - E(PHI) - - -
  THETA     PHI        VERT.   HOR.    TOTAL      AXIAL     TILT   SENSE     MAGNITUDE    PHASE      MAGNITUDE    PHASE 
 DEGREES  DEGREES       DB      DB      DB        RATIO     DEG.              VOLTS/M    DEGREES      VOLTS/M    DEGREES
    0.00     0.00      -5.72    1.42    2.19    0.34567    74.66  RIGHT     6.34441E-01  -126.71    1.44432E+00   176.30




                                 - - - - - - FREQUENCY - - - - - -

                                    FREQUENCY= 1.6700E+03 MHZ
                                    WAVELENGTH= 1.7952E-01 METERS




                    APPROXIMATE INTEGRATION EMPLOYED FOR SEGMENTS MORE THAN   1.000 WAVELENGTHS APART

                    THE EXTENDED THIN WIRE KERNEL WILL BE USED



                               - - - STRUCTURE IMPEDANCE LOADING - - -

                                   THIS STRUCTURE IS NOT LOADED



                                  - - - ANTENNA ENVIRONMENT - - -

                                            FREE SPACE



                                - - - MATRIX TIMING - - -

                        FILL=    0.000 SEC.,  FACTOR=    0.000 SEC.



                                            - - - NETWORK DATA - - -

      - FROM -    - TO -           TRANSMISSION LINE               -  -  SHUNT ADMITTANCES (MHOS)  -  -              LINE
      TAG  SEG.   TAG  SEG.      IMPEDANCE      LENGTH            - END ONE -                 - END TWO -            TYPE
      NO.   NO.   NO.   NO.         OHMS        METERS         REAL          IMAG.         REAL          IMAG.
        1    11     2    32     5.0000E+01    4.7500E-02    0.0000E+00    0.0000E+00    0.0000E+00    0.0000E+00   STRAIGHT



                           - - - STRUCTURE EXCITATION DATA AT NETWORK CONNECTION POINTS - - -

   TAG   SEG.    VOLTAGE (VOLTS)         CURRENT (AMPS)         IMPEDANCE (OHMS)        ADMITTANCE (MHOS)      POWER
   NO.   NO.    REAL        IMAG.       REAL        IMAG.       REAL        IMAG.       REAL        IMAG.     (WATTS)
     1    11 9.62432E-01-2.22202E+00-4.08623E-03-2.18543E-02 9.02838E+01 6.09196E+01 7.61095E-03-5.13554E-03 2.23139E-02
     2    32 1.00000E+00 0.00000E+00 7.61095E-03-5.13554E-03 9.02838E+01 6.09196E+01 7.61095E-03-5.13554E-03 3.80547E-03



                                          - - - ANTENNA INPUT PARAMETERS - - -

   TAG   SEG.    VOLTAGE (VOLTS)         CURRENT (AMPS)         IMPEDANCE (OHMS)        ADMITTANCE (MHOS)      POWER
   NO.   NO.    REAL        IMAG.       REAL        IMAG.       REAL        IMAG.       REAL        IMAG.     (WATTS)
     2    32 1.00000E+00 0.00000E+00 5.22387E-02 1.60333E-02 1.74948E+01-5.36957E+00 5.22387E-02 1.60333E-02 2.61194E-02



                             - - - CURRENTS AND LOCATION - - -

                                 DISTANCES IN WAVELENGTHS


  SEG.  TAG    COORD. OF SEG. CENTER     SEG.            - - - CURRENT (AMPS) - - -
  NO.   NO.     X        Y        Z      LENGTH     REAL        IMAG.       MAG.        PHASE
     1    1   0.0000  -0.2414   0.0279  0.02414  -9.2073E-04 -2.5899E-03  2.7487E-03 -109.571
     2    1   0.0000  -0.2172   0.0279  0.02414  -2.2022E-03 -6.3757E-03  6.7453E-03 -109.055
     3    1   0.0000  -0.1931   0.0279  0.02414  -3.2284E-03 -9.6486E-03  1.0174E-02 -108.500
     4    1   0.0000  -0.1690   0.0279  0.02414  -4.0701E-03 -1.2595E-02  1.3237E-02 -107.908
     5    1   0.0000  -0.1448   0.0279  0.02414  -4.7244E-03 -1.5202E-02  1.5919E-02 -107.264
     6    1   0.0000  -0.1207   0.0279  0.02414  -5.1822E-03 -1.7437E-02  1.8190E-02 -106.552
     7    1   0.0000  -0.0966   0.0279  0.02414  -5.4322E-03 -1.9262E-02  2.0014E-02 -105.749
     8    1   0.0000  -0.0724   0.0279  0.02414  -5.4626E-03 -2.0645E-02  2.1355E-02 -104.821
     9    1   0.0000  -0.0483   0.0279  0.02414  -5.2565E-03 -2.1552E-02  2.2184E-02 -103.706
    10    1   0.0000  -0.0241   0.0279  0.02414  -4.7581E-03 -2.1942E-02  2.2452E-02 -102.235
    11    1   0.0000   0.0000   0.0279  0.02414  -4.0862E-03 -2.1854E-02  2.2233E-02 -100.591
    12    1   0.0000   0.0241   0.0279  0.02414  -4.7581E-03 -2.1942E-02  2.2452E-02 -102.235
    13    1   0.0000   0.0483   0.0279  0.02414  -5.2565E-03 -2.1552E-02  2.2184E-02 -103.706
    14    1   0.0000   0.0724   0.0279  0.02414  -5.4626E-03 -2.0645E-02  2.1355E-02 -104.821
    15    1   0.0000   0.0966   0.0279  0.02414  -5.4322E-03 -1.9262E-02  2.0014E-02 -105.749
    16    1   0.0000   0.1207   0.0279  0.02414  -5.1822E-03 -1.7437E-02  1.8190E-02 -106.552
    17    1   0.0000   0.1448   0.0279  0.02414  -4.7244E-03 -1.5202E-02  1.5919E-02 -107.264
    18    1   0.0000   0.1690   0.0279  0.02414  -4.0701E-03 -1.2595E-02  1.3237E-02 -107.908
    19    1   0.0000   0.1931   0.0279  0.02414  -3.2284E-03 -9.6486E-03  1.0174E-02 -108.500
    20    1   0.0000   0.2172   0.0279  0.02414  -2.2022E-03 -6.3757E-03  6.7453E-03 -109.055
    21    1   0.0000   0.2414   0.0279  0.02414  -9.2073E-04 -2.5899E-03  2.7487E-03 -109.571
    22    2  -0.2414   0.0000   0.0000  0.02414   8.3031E-04 -7.7401E-04  1.1351E-03  -42.990
    23    2  -0.2172   0.0000   0.0000  0.02414   2.0546E-03 -1.8810E-03  2.7856E-03  -42.474
    24    2  -0.1931   0.0000   0.0000  0.02414   3.1264E-03 -2.8071E-03  4.2017E-03  -41.919
    25    2  -0.1690   0.0000   0.0000  0.02414   4.1049E-03 -3.6097E-03  5.4663E-03  -41.327
    26    2  -0.1448   0.0000   0.0000  0.02414   4.9854E-03 -4.2855E-03  6.5742E-03  -40.683
    27    2  -0.1207   0.0000   0.0000  0.02414   5.7570E-03 -4.8257E-03  7.5120E-03  -39.971
    28    2  -0.0966   0.0000   0.0000  0.02414   6.4078E-03 -5.2202E-03  8.2650E-03  -39.168
    29    2  -0.0724   0.0000   0.0000  0.02414   6.9268E-03 -5.4586E-03  8.8191E-03  -38.240
    30    2  -0.0483   0.0000   0.0000  0.02414   7.3045E-03 -5.5294E-03  9.1613E-03  -37.126
    31    2  -0.0241   0.0000   0.0000  0.02414   7.5340E-03 -5.4045E-03  9.2720E-03  -35.654
    32    2   0.0000   0.0000   0.0000  0.02414   7.6109E-03 -5.1355E-03  9.1815E-03  -34.010
    33    2   0.0241   0.0000   0.0000  0.02414   7.5340E-03 -5.4045E-03  9.2720E-03  -35.654
    34    2   0.0483   0.0000   0.0000  0.02414   7.3045E-03 -5.5294E-03  9.1613E-03  -37.126
    35    2   0.0724   0.0000   0.0000  0.02414   6.9268E-03 -5.4586E-03  8.8191E-03  -38.240
    36    2   0.0966   0.0000   0.0000  0.02414   6.4078E-03 -5.2202E-03  8.2650E-03  -39.168
    37    2   0.1207   0.0000   0.0000  0.02414   5.7570E-03 -4.8257E-03  7.5120E-03  -39.971
    38    2   0.1448   0.0000   0.0000  0.02414   4.9854E-03 -4.2855E-03  6.5742E-03  -40.683
    39    2   0.1690   0.0000   0.0000  0.02414   4.1049E-03 -3.6097E-03  5.4663E-03  -41.327
    40    2   0.1931   0.0000   0.0000  0.02414   3.1264E-03 -2.8071E-03  4.2017E-03  -41.919
    41    2   0.2172   0.0000   0.0000  0.02414   2.0546E-03 -1.8810E-03  2.7856E-03  -42.474
    42    2   0.2414   0.0000   0.0000  0.02414   8.3031E-04 -7.7401E-04  1.1351E-03  -42.990



                                        - - - POWER BUDGET - - -

                                           INPUT POWER   = 2.6119E-02 WATTS
                                           RADIATED POWER= 2.6119E-02 WATTS
                                           STRUCTURE LOSS= 0.0000E+00 WATTS
                                           NETWORK LOSS  = 1.0755E-16 WATTS
                                           EFFICIENCY    = 100.00 PERCENT



                                                - - - RADIATION PATTERNS - - -

  - - ANGLES - -           - POWER GAINS -       - - - POLARIZATION - - -    - - - E(THETA) - - -    - - - E(PHI) - - -
  THETA     PHI        VERT.   HOR.    TOTAL      AXIAL     TILT   SENSE     MAGNITUDE    PHASE      MAGNITUDE    PHASE 
 DEGREES  DEGREES       DB      DB      DB        RATIO     DEG.              VOLTS/M    DEGREES      VOLTS/M    DEGREES
    0.00     0.00      -6.17    1.51    2.19    0.32559    75.62  RIGHT     6.14973E-01  -128.72    1.48915E+00   174.73




                                 - - - - - - FREQUENCY - - - - - -

                                    FREQUENCY= 1.6800E+03 MHZ
                                    WAVELENGTH= 1.7845E-01 METERS




                    APPROXIMATE INTEGRATION EMPLOYED FOR SEGMENTS MORE THAN   1.000 WAVELENGTHS APART

                    THE EXTENDED THIN WIRE KERNEL WILL BE USED



                               - - - STRUCTURE IMPEDANCE LOADING - - -

                                   THIS STRUCTURE IS NOT LOADED



                                  - - - ANTENNA ENVIRONMENT - - -

                                            FREE SPACE



                                - - - MATRIX TIMING - - -

                        FILL=    0.000 SEC.,  FACTOR=    0.000 SEC.



                                            - - - NETWORK DATA - - -

      - FROM -    - TO -           TRANSMISSION LINE               -  -  SHUNT ADMITTANCES (MHOS)  -  -              LINE
      TAG  SEG.   TAG  SEG.      IMPEDANCE      LENGTH            - END ONE -                 - END TWO -            TYPE
      NO.   NO.   NO.   NO.         OHMS        METERS         REAL          IMAG.         REAL          IMAG.
        1    11     2    32     5.0000E+01    4.7500E-02    0.0000E+00    0.0000E+00    0.0000E+00    0.0000E+00   STRAIGHT



                           - - - STRUCTURE EXCITATION DATA AT NETWORK CONNECTION POINTS - - -

   TAG   SEG.    VOLTAGE (VOLTS)         CURRENT (AMPS)         IMPEDANCE (OHMS)        ADMITTANCE (MHOS)      POWER
   NO.   NO.    REAL        IMAG.       REAL        IMAG.       REAL        IMAG.       REAL        IMAG.     (WATTS)
     1    11 1.02820E+00-2.36586E+00-4.82623E-03-2.22012E-02 9.21421E+01 6.63431E+01 7.14747E-03-5.14624E-03 2.37813E-02
     2    32 1.00000E+00 0.00000E+00 7.14747E-03-5.14624E-03 9.21421E+01 6.63431E+01 7.14747E-03-5.14624E-03 3.57373E-03



                                          - - - ANTENNA INPUT PARAMETERS - - -

   TAG   SEG.    VOLTAGE (VOLTS)         CURRENT (AMPS)         IMPEDANCE (OHMS)        ADMITTANCE (MHOS)      POWER
   NO.   NO.    REAL        IMAG.       REAL        IMAG.       REAL        IMAG.       REAL        IMAG.     (WATTS)
     2    32 1.00000E+00 0.00000E+00 5.47101E-02 1.75644E-02 1.65703E+01-5.31981E+00 5.47101E-02 1.75644E-02 2.73550E-02



                             - - - CURRENTS AND LOCATION - - -

                                 DISTANCES IN WAVELENGTHS


  SEG.  TAG    COORD. OF SEG. CENTER     SEG.            - - - CURRENT (AMPS) - - -
  NO.   NO.     X        Y        Z      LENGTH     REAL        IMAG.       MAG.        PHASE
     1    1   0.0000  -0.2428   0.0280  0.02428  -1.0335E-03 -2.6362E-03  2.8316E-03 -111.407
     2    1   0.0000  -0.2185   0.0280  0.02428  -2.4769E-03 -6.4914E-03  6.9479E-03 -110.885
     3    1   0.0000  -0.1943   0.0280  0.02428  -3.6391E-03 -9.8254E-03  1.0478E-02 -110.324
     4    1   0.0000  -0.1700   0.0280  0.02428  -4.5988E-03 -1.2827E-02  1.3627E-02 -109.724
     5    1   0.0000  -0.1457   0.0280  0.02428  -5.3524E-03 -1.5482E-02  1.6381E-02 -109.071
     6    1   0.0000  -0.1214   0.0280  0.02428  -5.8890E-03 -1.7756E-02  1.8707E-02 -108.349
     7    1   0.0000  -0.0971   0.0280  0.02428  -6.1960E-03 -1.9611E-02  2.0567E-02 -107.533
     8    1   0.0000  -0.0728   0.0280  0.02428  -6.2597E-03 -2.1013E-02  2.1925E-02 -106.589
     9    1   0.0000  -0.0486   0.0280  0.02428  -6.0615E-03 -2.1927E-02  2.2749E-02 -105.453
    10    1   0.0000  -0.0243   0.0280  0.02428  -5.5413E-03 -2.2308E-02  2.2986E-02 -103.950
    11    1   0.0000   0.0000   0.0280  0.02428  -4.8262E-03 -2.2201E-02  2.2720E-02 -102.264
    12    1   0.0000   0.0243   0.0280  0.02428  -5.5413E-03 -2.2308E-02  2.2986E-02 -103.950
    13    1   0.0000   0.0486   0.0280  0.02428  -6.0615E-03 -2.1927E-02  2.2749E-02 -105.453
    14    1   0.0000   0.0728   0.0280  0.02428  -6.2597E-03 -2.1013E-02  2.1925E-02 -106.589
    15    1   0.0000   0.0971   0.0280  0.02428  -6.1960E-03 -1.9611E-02  2.0567E-02 -107.533
    16    1   0.0000   0.1214   0.0280  0.02428  -5.8890E-03 -1.7756E-02  1.8707E-02 -108.349
    17    1   0.0000   0.1457   0.0280  0.02428  -5.3524E-03 -1.5482E-02  1.6381E-02 -109.071
    18    1   0.0000   0.1700   0.0280  0.02428  -4.5988E-03 -1.2827E-02  1.3627E-02 -109.724
    19    1   0.0000   0.1943   0.0280  0.02428  -3.6391E-03 -9.8254E-03  1.0478E-02 -110.324
    20    1   0.0000   0.2185   0.0280  0.02428  -2.4769E-03 -6.4914E-03  6.9479E-03 -110.885
    21    1   0.0000   0.2428   0.0280  0.02428  -1.0335E-03 -2.6362E-03  2.8316E-03 -111.407
    22    2  -0.2428   0.0000   0.0000  0.02428   7.7757E-04 -7.7476E-04  1.0977E-03  -44.896
    23    2  -0.2185   0.0000   0.0000  0.02428   1.9252E-03 -1.8836E-03  2.6934E-03  -44.375
    24    2  -0.1943   0.0000   0.0000  0.02428   2.9309E-03 -2.8120E-03  4.0617E-03  -43.813
    25    2  -0.1700   0.0000   0.0000  0.02428   3.8499E-03 -3.6170E-03  5.2824E-03  -43.214
    26    2  -0.1457   0.0000   0.0000  0.02428   4.6773E-03 -4.2951E-03  6.3502E-03  -42.561
    27    2  -0.1214   0.0000   0.0000  0.02428   5.4028E-03 -4.8373E-03  7.2519E-03  -41.839
    28    2  -0.0971   0.0000   0.0000  0.02428   6.0151E-03 -5.2331E-03  7.9728E-03  -41.023
    29    2  -0.0728   0.0000   0.0000  0.02428   6.5034E-03 -5.4722E-03  8.4994E-03  -40.079
    30    2  -0.0486   0.0000   0.0000  0.02428   6.8589E-03 -5.5430E-03  8.8187E-03  -38.943
    31    2  -0.0243   0.0000   0.0000  0.02428   7.0750E-03 -5.4170E-03  8.9106E-03  -37.440
    32    2   0.0000   0.0000   0.0000  0.02428   7.1475E-03 -5.1462E-03  8.8074E-03  -35.754
    33    2   0.0243   0.0000   0.0000  0.02428   7.0750E-03 -5.4170E-03  8.9106E-03  -37.440
    34    2   0.0486   0.0000   0.0000  0.02428   6.8589E-03 -5.5430E-03  8.8187E-03  -38.943
    35    2   0.0728   0.0000   0.0000  0.02428   6.5034E-03 -5.4722E-03  8.4994E-03  -40.079
    36    2   0.0971   0.0000   0.0000  0.02428   6.0151E-03 -5.2331E-03  7.9728E-03  -41.023
    37    2   0.1214   0.0000   0.0000  0.02428   5.4028E-03 -4.8373E-03  7.2519E-03  -41.839
    38    2   0.1457   0.0000   0.0000  0.02428   4.6773E-03 -4.2951E-03  6.3502E-03  -42.561
    39    2   0.1700   0.0000   0.0000  0.02428   3.8499E-03 -3.6170E-03  5.2824E-03  -43.214
    40    2   0.1943   0.0000   0.0000  0.02428   2.9309E-03 -2.8120E-03  4.0617E-03  -43.813
    41    2   0.2185   0.0000   0.0000  0.02428   1.9252E-03 -1.8836E-03  2.6934E-03  -44.375
    42    2   0.2428   0.0000   0.0000  0.02428   7.7757E-04 -7.7476E-04  1.0977E-03  -44.896



                                        - - - POWER BUDGET - - -

                                           INPUT POWER   = 2.7355E-02 WATTS
                                           RADIATED POWER= 2.7355E-02 WATTS
                                           STRUCTURE LOSS= 0.0000E+00 WATTS
                                           NETWORK LOSS  =-7.9797E-17 WATTS
                                           EFFICIENCY    = 100.00 PERCENT



                                                - - - RADIATION PATTERNS - - -

  - - ANGLES - -           - POWER GAINS -       - - - POLARIZATION - - -    - - - E(THETA) - - -    - - - E(PHI) - - -
  THETA     PHI        VERT.   HOR.    TOTAL      AXIAL     TILT   SENSE     MAGNITUDE    PHASE      MAGNITUDE    PHASE 
 DEGREES  DEGREES       DB      DB      DB        RATIO     DEG.              VOLTS/M    DEGREES      VOLTS/M    DEGREES
    0.00     0.00      -6.64    1.59    2.20    0.30729    76.61  RIGHT     5.96359E-01  -130.56    1.53838E+00   173.01




                                 - - - - - - FREQUENCY - - - - - -

                                    FREQUENCY= 1.6900E+03 MHZ
                                    WAVELENGTH= 1.7740E-01 METERS




                    APPROXIMATE INTEGRATION EMPLOYED FOR SEGMENTS MORE THAN   1.000 WAVELENGTHS APART

                    THE EXTENDED THIN WIRE KERNEL WILL BE USED



                               - - - STRUCTURE IMPEDANCE LOADING - - -

                                   THIS STRUCTURE IS NOT LOADED



                                  - - - ANTENNA ENVIRONMENT - - -

                                            FREE SPACE



                                - - - MATRIX TIMING - - -

                        FILL=    0.000 SEC.,  FACTOR=    0.000 SEC.



                                            - - - NETWORK DATA - - -

      - FROM -    - TO -           TRANSMISSION LINE               -  -  SHUNT ADMITTANCES (MHOS)  -  -              LINE
      TAG  SEG.   TAG  SEG.      IMPEDANCE      LENGTH            - END ONE -                 - END TWO -            TYPE
      NO.   NO.   NO.   NO.         OHMS        METERS         REAL          IMAG.         REAL          IMAG.
        1    11     2    32     5.0000E+01    4.7500E-02    0.0000E+00    0.0000E+00    0.0000E+00    0.0000E+00   STRAIGHT



                           - - - STRUCTURE EXCITATION DATA AT NETWORK CONNECTION POINTS - - -

   TAG   SEG.    VOLTAGE (VOLTS)         CURRENT (AMPS)         IMPEDANCE (OHMS)        ADMITTANCE (MHOS)      POWER
   NO.   NO.    REAL        IMAG.       REAL        IMAG.       REAL        IMAG.       REAL        IMAG.     (WATTS)
     1    11 1.08628E+00-2.52824E+00-5.66662E-03-2.25599E-02 9.40399E+01 7.17720E+01 6.71967E-03-5.12851E-03 2.54406E-02
     2    32 1.00000E+00 0.00000E+00 6.71967E-03-5.12851E-03 9.40399E+01 7.17720E+01 6.71967E-03-5.12851E-03 3.35983E-03



                                          - - - ANTENNA INPUT PARAMETERS - - -

   TAG   SEG.    VOLTAGE (VOLTS)         CURRENT (AMPS)         IMPEDANCE (OHMS)        ADMITTANCE (MHOS)      POWER
   NO.   NO.    REAL        IMAG.       REAL        IMAG.       REAL        IMAG.       REAL        IMAG.     (WATTS)
     2    32 1.00000E+00 0.00000E+00 5.76009E-02 1.89745E-02 1.56614E+01-5.15906E+00 5.76009E-02 1.89745E-02 2.88005E-02



                             - - - CURRENTS AND LOCATION - - -

                                 DISTANCES IN WAVELENGTHS


  SEG.  TAG    COORD. OF SEG. CENTER     SEG.            - - - CURRENT (AMPS) - - -
  NO.   NO.     X        Y        Z      LENGTH     REAL        IMAG.       MAG.        PHASE
     1    1   0.0000  -0.2443   0.0282  0.02443  -1.1610E-03 -2.6821E-03  2.9226E-03 -113.406
     2    1   0.0000  -0.2198   0.0282  0.02443  -2.7877E-03 -6.6063E-03  7.1704E-03 -112.879
     3    1   0.0000  -0.1954   0.0282  0.02443  -4.1042E-03 -1.0002E-02  1.0811E-02 -112.311
     4    1   0.0000  -0.1710   0.0282  0.02443  -5.1977E-03 -1.3059E-02  1.4055E-02 -111.704
     5    1   0.0000  -0.1466   0.0282  0.02443  -6.0641E-03 -1.5763E-02  1.6889E-02 -111.042
     6    1   0.0000  -0.1221   0.0282  0.02443  -6.6904E-03 -1.8077E-02  1.9276E-02 -110.310
     7    1   0.0000  -0.0977   0.0282  0.02443  -7.0623E-03 -1.9964E-02  2.1176E-02 -109.481
     8    1   0.0000  -0.0733   0.0282  0.02443  -7.1640E-03 -2.1385E-02  2.2554E-02 -108.521
     9    1   0.0000  -0.0489   0.0282  0.02443  -6.9751E-03 -2.2308E-02  2.3373E-02 -107.363
    10    1   0.0000  -0.0244   0.0282  0.02443  -6.4305E-03 -2.2684E-02  2.3577E-02 -105.827
    11    1   0.0000   0.0000   0.0282  0.02443  -5.6666E-03 -2.2560E-02  2.3261E-02 -104.100
    12    1   0.0000   0.0244   0.0282  0.02443  -6.4305E-03 -2.2684E-02  2.3577E-02 -105.827
    13    1   0.0000   0.0489   0.0282  0.02443  -6.9751E-03 -2.2308E-02  2.3373E-02 -107.363
    14    1   0.0000   0.0733   0.0282  0.02443  -7.1640E-03 -2.1385E-02  2.2554E-02 -108.521
    15    1   0.0000   0.0977   0.0282  0.02443  -7.0623E-03 -1.9964E-02  2.1176E-02 -109.481
    16    1   0.0000   0.1221   0.0282  0.02443  -6.6904E-03 -1.8077E-02  1.9276E-02 -110.310
    17    1   0.0000   0.1466   0.0282  0.02443  -6.0641E-03 -1.5763E-02  1.6889E-02 -111.042
    18    1   0.0000   0.1710   0.0282  0.02443  -5.1977E-03 -1.3059E-02  1.4055E-02 -111.704
    19    1   0.0000   0.1954   0.0282  0.02443  -4.1042E-03 -1.0002E-02  1.0811E-02 -112.311
    20    1   0.0000   0.2198   0.0282  0.02443  -2.7877E-03 -6.6063E-03  7.1704E-03 -112.879
    21    1   0.0000   0.2443   0.0282  0.02443  -1.1610E-03 -2.6821E-03  2.9226E-03 -113.406
    22    2  -0.2443   0.0000   0.0000  0.02443   7.2897E-04 -7.7242E-04  1.0621E-03  -46.658
    23    2  -0.2198   0.0000   0.0000  0.02443   1.8059E-03 -1.8785E-03  2.6058E-03  -46.130
    24    2  -0.1954   0.0000   0.0000  0.02443   2.7507E-03 -2.8052E-03  3.9288E-03  -45.562
    25    2  -0.1710   0.0000   0.0000  0.02443   3.6146E-03 -3.6089E-03  5.1078E-03  -44.955
    26    2  -0.1466   0.0000   0.0000  0.02443   4.3931E-03 -4.2861E-03  6.1376E-03  -44.294
    27    2  -0.1221   0.0000   0.0000  0.02443   5.0761E-03 -4.8273E-03  7.0049E-03  -43.561
    28    2  -0.0977   0.0000   0.0000  0.02443   5.6527E-03 -5.2221E-03  7.6956E-03  -42.733
    29    2  -0.0733   0.0000   0.0000  0.02443   6.1127E-03 -5.4600E-03  8.1961E-03  -41.772
    30    2  -0.0489   0.0000   0.0000  0.02443   6.4477E-03 -5.5292E-03  8.4938E-03  -40.615
    31    2  -0.0244   0.0000   0.0000  0.02443   6.6514E-03 -5.4013E-03  8.5682E-03  -39.079
    32    2   0.0000   0.0000   0.0000  0.02443   6.7197E-03 -5.1285E-03  8.4531E-03  -37.351
    33    2   0.0244   0.0000   0.0000  0.02443   6.6514E-03 -5.4013E-03  8.5682E-03  -39.079
    34    2   0.0489   0.0000   0.0000  0.02443   6.4477E-03 -5.5292E-03  8.4938E-03  -40.615
    35    2   0.0733   0.0000   0.0000  0.02443   6.1127E-03 -5.4600E-03  8.1961E-03  -41.772
    36    2   0.0977   0.0000   0.0000  0.02443   5.6527E-03 -5.2221E-03  7.6956E-03  -42.733
    37    2   0.1221   0.0000   0.0000  0.02443   5.0761E-03 -4.8273E-03  7.0049E-03  -43.561
    38    2   0.1466   0.0000   0.0000  0.02443   4.3931E-03 -4.2861E-03  6.1376E-03  -44.294
    39    2   0.1710   0.0000   0.0000  0.02443   3.6146E-03 -3.6089E-03  5.1078E-03  -44.955
    40    2   0.1954   0.0000   0.0000  0.02443   2.7507E-03 -2.8052E-03  3.9288E-03  -45.562
    41    2   0.2198   0.0000   0.0000  0.02443   1.8059E-03 -1.8785E-03  2.6058E-03  -46.130
    42    2   0.2443   0.0000   0.0000  0.02443   7.2897E-04 -7.7242E-04  1.0621E-03  -46.658



                                        - - - POWER BUDGET - - -

                                           INPUT POWER   = 2.8800E-02 WATTS
                                           RADIATED POWER= 2.8800E-02 WATTS
                                           STRUCTURE LOSS= 0.0000E+00 WATTS
                                           NETWORK LOSS  =-1.4572E-16 WATTS
                                           EFFICIENCY    = 100.00 PERCENT



                                                - - - RADIATION PATTERNS - - -

  - - ANGLES - -           - POWER GAINS -       - - - POLARIZATION - - -    - - - E(THETA) - - -    - - - E(PHI) - - -
  THETA     PHI        VERT.   HOR.    TOTAL      AXIAL     TILT   SENSE     MAGNITUDE    PHASE      MAGNITUDE    PHASE 
 DEGREES  DEGREES       DB      DB      DB        RATIO     DEG.              VOLTS/M    DEGREES      VOLTS/M    DEGREES
    0.00     0.00      -7.12    1.67    2.21    0.29064    77.63  RIGHT     5.78632E-01  -132.27    1.59224E+00   171.13




                                 - - - - - - FREQUENCY - - - - - -

                                    FREQUENCY= 1.7000E+03 MHZ
                                    WAVELENGTH= 1.7635E-01 METERS




                    APPROXIMATE INTEGRATION EMPLOYED FOR SEGMENTS MORE THAN   1.000 WAVELENGTHS APART

                    THE EXTENDED THIN WIRE KERNEL WILL BE USED



                               - - - STRUCTURE IMPEDANCE LOADING - - -

                                   THIS STRUCTURE IS NOT LOADED



                                  - - - ANTENNA ENVIRONMENT - - -

                                            FREE SPACE



                                - - - MATRIX TIMING - - -

                        FILL=    0.000 SEC.,  FACTOR=    0.000 SEC.



                                            - - - NETWORK DATA - - -

      - FROM -    - TO -           TRANSMISSION LINE               -  -  SHUNT ADMITTANCES (MHOS)  -  -              LINE
      TAG  SEG.   TAG  SEG.      IMPEDANCE      LENGTH            - END ONE -                 - END TWO -            TYPE
      NO.   NO.   NO.   NO.         OHMS        METERS         REAL          IMAG.         REAL          IMAG.
        1    11     2    32     5.0000E+01    4.7500E-02    0.0000E+00    0.0000E+00    0.0000E+00    0.0000E+00   STRAIGHT



                           - - - STRUCTURE EXCITATION DATA AT NETWORK CONNECTION POINTS - - -

   TAG   SEG.    VOLTAGE (VOLTS)         CURRENT (AMPS)         IMPEDANCE (OHMS)        ADMITTANCE (MHOS)      POWER
   NO.   NO.    REAL        IMAG.       REAL        IMAG.       REAL        IMAG.       REAL        IMAG.     (WATTS)
     1    11 1.13376E+00-2.71108E+00-6.62361E-03-2.29186E-02 9.59782E+01 7.72070E+01 6.32570E-03-5.08854E-03 2.73123E-02
     2    32 1.00000E+00 0.00000E+00 6.32570E-03-5.08854E-03 9.59782E+01 7.72070E+01 6.32570E-03-5.08854E-03 3.16285E-03



                                          - - - ANTENNA INPUT PARAMETERS - - -

   TAG   SEG.    VOLTAGE (VOLTS)         CURRENT (AMPS)         IMPEDANCE (OHMS)        ADMITTANCE (MHOS)      POWER
   NO.   NO.    REAL        IMAG.       REAL        IMAG.       REAL        IMAG.       REAL        IMAG.     (WATTS)
     2    32 1.00000E+00 0.00000E+00 6.09503E-02 2.01983E-02 1.47833E+01-4.89904E+00 6.09503E-02 2.01983E-02 3.04752E-02



                             - - - CURRENTS AND LOCATION - - -

                                 DISTANCES IN WAVELENGTHS


  SEG.  TAG    COORD. OF SEG. CENTER     SEG.            - - - CURRENT (AMPS) - - -
  NO.   NO.     X        Y        Z      LENGTH     REAL        IMAG.       MAG.        PHASE
     1    1   0.0000  -0.2457   0.0284  0.02457  -1.3054E-03 -2.7255E-03  3.0220E-03 -115.593
     2    1   0.0000  -0.2211   0.0284  0.02457  -3.1400E-03 -6.7157E-03  7.4135E-03 -115.059
     3    1   0.0000  -0.1966   0.0284  0.02457  -4.6315E-03 -1.0170E-02  1.1175E-02 -114.485
     4    1   0.0000  -0.1720   0.0284  0.02457  -5.8773E-03 -1.3282E-02  1.4524E-02 -113.870
     5    1   0.0000  -0.1474   0.0284  0.02457  -6.8719E-03 -1.6033E-02  1.7444E-02 -113.200
     6    1   0.0000  -0.1229   0.0284  0.02457  -7.6006E-03 -1.8389E-02  1.9898E-02 -112.457
     7    1   0.0000  -0.0983   0.0284  0.02457  -8.0465E-03 -2.0307E-02  2.1843E-02 -111.616
     8    1   0.0000  -0.0737   0.0284  0.02457  -8.1920E-03 -2.1750E-02  2.3242E-02 -110.638
     9    1   0.0000  -0.0491   0.0284  0.02457  -8.0142E-03 -2.2683E-02  2.4057E-02 -109.459
    10    1   0.0000  -0.0246   0.0284  0.02457  -7.4423E-03 -2.3056E-02  2.4227E-02 -107.890
    11    1   0.0000   0.0000   0.0284  0.02457  -6.6236E-03 -2.2919E-02  2.3857E-02 -106.120
    12    1   0.0000   0.0246   0.0284  0.02457  -7.4423E-03 -2.3056E-02  2.4227E-02 -107.890
    13    1   0.0000   0.0491   0.0284  0.02457  -8.0142E-03 -2.2683E-02  2.4057E-02 -109.459
    14    1   0.0000   0.0737   0.0284  0.02457  -8.1920E-03 -2.1750E-02  2.3242E-02 -110.638
    15    1   0.0000   0.0983   0.0284  0.02457  -8.0465E-03 -2.0307E-02  2.1843E-02 -111.616
    16    1   0.0000   0.1229   0.0284  0.02457  -7.6006E-03 -1.8389E-02  1.9898E-02 -112.457
    17    1   0.0000   0.1474   0.0284  0.02457  -6.8719E-03 -1.6033E-02  1.7444E-02 -113.200
    18    1   0.0000   0.1720   0.0284  0.02457  -5.8773E-03 -1.3282E-02  1.4524E-02 -113.870
    19    1   0.0000   0.1966   0.0284  0.02457  -4.6315E-03 -1.0170E-02  1.1175E-02 -114.485
    20    1   0.0000   0.2211   0.0284  0.02457  -3.1400E-03 -6.7157E-03  7.4135E-03 -115.059
    21    1   0.0000   0.2457   0.0284  0.02457  -1.3054E-03 -2.7255E-03  3.0220E-03 -115.593
    22    2  -0.2457   0.0000   0.0000  0.02457   6.8429E-04 -7.6768E-04  1.0284E-03  -48.287
    23    2  -0.2211   0.0000   0.0000  0.02457   1.6961E-03 -1.8675E-03  2.5228E-03  -47.754
    24    2  -0.1966   0.0000   0.0000  0.02457   2.5848E-03 -2.7893E-03  3.8028E-03  -47.179
    25    2  -0.1720   0.0000   0.0000  0.02457   3.3982E-03 -3.5890E-03  4.9425E-03  -46.564
    26    2  -0.1474   0.0000   0.0000  0.02457   4.1315E-03 -4.2625E-03  5.9362E-03  -45.894
    27    2  -0.1229   0.0000   0.0000  0.02457   4.7753E-03 -4.8005E-03  6.7711E-03  -45.151
    28    2  -0.0983   0.0000   0.0000  0.02457   5.3190E-03 -5.1924E-03  7.4332E-03  -44.310
    29    2  -0.0737   0.0000   0.0000  0.02457   5.7530E-03 -5.4275E-03  7.9091E-03  -43.333
    30    2  -0.0491   0.0000   0.0000  0.02457   6.0691E-03 -5.4941E-03  8.1865E-03  -42.154
    31    2  -0.0246   0.0000   0.0000  0.02457   6.2612E-03 -5.3636E-03  8.2444E-03  -40.584
    32    2   0.0000   0.0000   0.0000  0.02457   6.3257E-03 -5.0885E-03  8.1184E-03  -38.814
    33    2   0.0246   0.0000   0.0000  0.02457   6.2612E-03 -5.3636E-03  8.2444E-03  -40.584
    34    2   0.0491   0.0000   0.0000  0.02457   6.0691E-03 -5.4941E-03  8.1865E-03  -42.154
    35    2   0.0737   0.0000   0.0000  0.02457   5.7530E-03 -5.4275E-03  7.9091E-03  -43.333
    36    2   0.0983   0.0000   0.0000  0.02457   5.3190E-03 -5.1924E-03  7.4332E-03  -44.310
    37    2   0.1229   0.0000   0.0000  0.02457   4.7753E-03 -4.8005E-03  6.7711E-03  -45.151
    38    2   0.1474   0.0000   0.0000  0.02457   4.1315E-03 -4.2625E-03  5.9362E-03  -45.894
    39    2   0.1720   0.0000   0.0000  0.02457   3.3982E-03 -3.5890E-03  4.9425E-03  -46.564
    40    2   0.1966   0.0000   0.0000  0.02457   2.5848E-03 -2.7893E-03  3.8028E-03  -47.179
    41    2   0.2211   0.0000   0.0000  0.02457   1.6961E-03 -1.8675E-03  2.5228E-03  -47.754
    42    2   0.2457   0.0000   0.0000  0.02457   6.8429E-04 -7.6768E-04  1.0284E-03  -48.287



                                        - - - POWER BUDGET - - -

                                           INPUT POWER   = 3.0475E-02 WATTS
                                           RADIATED POWER= 3.0475E-02 WATTS
                                           STRUCTURE LOSS= 0.0000E+00 WATTS
                                           NETWORK LOSS  =-3.8164E-17 WATTS
                                           EFFICIENCY    = 100.00 PERCENT



                                                - - - RADIATION PATTERNS - - -

  - - ANGLES - -           - POWER GAINS -       - - - POLARIZATION - - -    - - - E(THETA) - - -    - - - E(PHI) - - -
  THETA     PHI        VERT.   HOR.    TOTAL      AXIAL     TILT   SENSE     MAGNITUDE    PHASE      MAGNITUDE    PHASE 
 DEGREES  DEGREES       DB      DB      DB        RATIO     DEG.              VOLTS/M    DEGREES      VOLTS/M    DEGREES
    0.00     0.00      -7.63    1.74    2.21    0.27550    78.65  RIGHT     5.61801E-01  -133.84    1.65091E+00   169.07
 ***** DATA CARD NO.  9   EN   0     1     1  1000  0.00000E+00  0.00000E+00  0.00000E+00  0.00000E+00  0.00000E+00  0.00000E+00

 RUN TIME =     0.109
